Unnamed: 0,original_title,id,poster_path
0,Avatar,19995,https://image.tmdb.org/t/p/original/kyeqWdyUXW608qlYkRqosgbbJyK.jpg
1,Pirates of the Caribbean: At World's End,285,https://image.tmdb.org/t/p/original/jGWpG4YhpQwVmjyHEGkxEkeRf0S.jpg
2,Spectre,206647,https://image.tmdb.org/t/p/original/zj8ongFhtWNsVlfjOGo8pSr7PQg.jpg
3,The Dark Knight Rises,49026,https://image.tmdb.org/t/p/original/hr0L2aueqlP2BYUblTTjmtn0hw4.jpg
4,John Carter,49529,https://image.tmdb.org/t/p/original/lCxz1Yus07QCQQCb6I0Dr3Lmqpx.jpg
5,Spider-Man 3,559,https://image.tmdb.org/t/p/original/qFmwhVUoUSXjkKRmca5yGDEXBIj.jpg
6,Tangled,38757,https://image.tmdb.org/t/p/original/cWYK5KEe6MqHvbfp5cvCXAmkGLx.jpg
7,Avengers: Age of Ultron,99861,https://image.tmdb.org/t/p/original/4ssDuvEDkSArWEdyBl2X5EHvYKU.jpg
8,Harry Potter and the Half-Blood Prince,767,https://image.tmdb.org/t/p/original/z7uo9zmQdQwU5ZJHFpv2Upl30i1.jpg
9,Batman v Superman: Dawn of Justice,209112,https://image.tmdb.org/t/p/original/5UsK3grJvtQrtzEgqNlDljJW96w.jpg
10,Superman Returns,1452,https://image.tmdb.org/t/p/original/385XwTQZDpRX2d3kxtnpiLrjBXw.jpg
11,Quantum of Solace,10764,https://image.tmdb.org/t/p/original/e3DXXLJHGqMx9yYpXsql1XNljmM.jpg
12,Pirates of the Caribbean: Dead Man's Chest,58,https://image.tmdb.org/t/p/original/lAhcKRt0ggTFkeFL95jrGQYaRXs.jpg
13,The Lone Ranger,57201,https://image.tmdb.org/t/p/original/xRmsqvHnaWmrazJl9bTBqs4LAjp.jpg
14,Man of Steel,49521,https://image.tmdb.org/t/p/original/8GFtkImmK0K1VaUChR0n9O61CFU.jpg
15,The Chronicles of Narnia: Prince Caspian,2454,https://image.tmdb.org/t/p/original/qxz3WIyjZiSKUhaTIEJ3c1GcC9z.jpg
16,The Avengers,24428,https://image.tmdb.org/t/p/original/RYMX2wcKCBAr24UyPD7xwmjaTn.jpg
17,Pirates of the Caribbean: On Stranger Tides,1865,https://image.tmdb.org/t/p/original/keGfSvCmYj7CvdRx36OdVrAEibE.jpg
18,Men in Black 3,41154,https://image.tmdb.org/t/p/original/90DdoEStzeObs96fsYf4GG544iN.jpg
19,The Hobbit: The Battle of the Five Armies,122917,https://image.tmdb.org/t/p/original/xT98tLqatZPQApyRmlPL12LtiWp.jpg
20,The Amazing Spider-Man,1930,https://image.tmdb.org/t/p/original/jexoNYnPd6vVrmygwF6QZmWPFdu.jpg
21,Robin Hood,20662,https://image.tmdb.org/t/p/original/9NS5QGOfck24yL3bZqWeW06PgPC.jpg
22,The Hobbit: The Desolation of Smaug,57158,https://image.tmdb.org/t/p/original/xQYiXsheRCDBA39DOrmaw1aSpbk.jpg
23,The Golden Compass,2268,https://image.tmdb.org/t/p/original/6DTH9poR8RAw859L6OuokT7z993.jpg
24,King Kong,254,https://image.tmdb.org/t/p/original/6a2HY6UmD7XiDD3NokgaBAXEsD2.jpg
25,Titanic,597,https://image.tmdb.org/t/p/original/9xjZS2rlVxm8SFx8kPC3aIGCOYQ.jpg
26,Captain America: Civil War,271110,https://image.tmdb.org/t/p/original/rAGiXaUfPzY7CDEyNKUofk3Kw2e.jpg
27,Battleship,44833,https://image.tmdb.org/t/p/original/9b0Im7SfedHiajTwzSL9zGyBI7M.jpg
28,Jurassic World,135397,https://image.tmdb.org/t/p/original/rhr4y79GpxQF9IsfJItRXVaoGs4.jpg
29,Skyfall,37724,https://image.tmdb.org/t/p/original/d0IVecFQvsGdSbnMAHqiYsNYaJT.jpg
30,Spider-Man 2,558,https://image.tmdb.org/t/p/original/aGuvNAaaZuWXYQQ6N2v7DeuP6mB.jpg
31,Iron Man 3,68721,https://image.tmdb.org/t/p/original/qhPtAc1TKbMPqNvcdXSOn9Bn7hZ.jpg
32,Alice in Wonderland,12155,https://image.tmdb.org/t/p/original/o0kre9wRCZz3jjSjaru7QU0UtFz.jpg
33,X-Men: The Last Stand,36668,https://image.tmdb.org/t/p/original/a2xicU8DpKtRizOHjQLC1JyCSRS.jpg
34,Monsters University,62211,https://image.tmdb.org/t/p/original/y7thwJ7z5Bplv6vwl6RI0yteaDD.jpg
35,Transformers: Revenge of the Fallen,8373,https://image.tmdb.org/t/p/original/pLBb0whOzVDtJvyD4DPeQyQNOqp.jpg
36,Transformers: Age of Extinction,91314,https://image.tmdb.org/t/p/original/jyzrfx2WaeY60kYZpPYepSjGz4S.jpg
37,Oz: The Great and Powerful,68728,https://image.tmdb.org/t/p/original/tkzfAUEKoUp4YFNbZV9hfpZOz0z.jpg
38,The Amazing Spider-Man 2,102382,https://image.tmdb.org/t/p/original/dGjoPttcbKR5VWg1jQuNFB247KL.jpg
39,TRON: Legacy,20526,https://image.tmdb.org/t/p/original/vuifSABRpSnxCAOxEnWpNbZSXpp.jpg
40,Cars 2,49013,https://image.tmdb.org/t/p/original/okIz1HyxeVOMzYwwHUjH2pHi74I.jpg
41,Green Lantern,44912,https://image.tmdb.org/t/p/original/fj21HwUprqjjwTdkKC1XZurRSpV.jpg
42,Toy Story 3,10193,https://image.tmdb.org/t/p/original/j0iPLV1DZb03SwubhRSI5ztP3lZ.jpg
43,Terminator Salvation,534,https://image.tmdb.org/t/p/original/gw6JhlekZgtKUFlDTezq3j5JEPK.jpg
44,Furious 7,168259,https://image.tmdb.org/t/p/original/wurKlC3VKUgcfsn0K51MJYEleS2.jpg
45,World War Z,72190,https://image.tmdb.org/t/p/original/aCnVdvExw6UWSeQfr0tUH3jr4qG.jpg
46,X-Men: Days of Future Past,127585,https://image.tmdb.org/t/p/original/tYfijzolzgoMOtegh1Y7j2Enorg.jpg
47,Star Trek Into Darkness,54138,https://image.tmdb.org/t/p/original/7XrRkhMa9lQ71RszzSyVrJVvhyS.jpg
48,Jack the Giant Slayer,81005,https://image.tmdb.org/t/p/original/9jSI7saUX9Qz0JLh19jX2ulEwL7.jpg
49,The Great Gatsby,64682,https://image.tmdb.org/t/p/original/nimh1rrDDLhgpG8XAYoUZXHYwb6.jpg
50,Prince of Persia: The Sands of Time,9543,https://image.tmdb.org/t/p/original/34Vbk8VNMtETTOSG3jCHWwlWr1m.jpg
51,Pacific Rim,68726,https://image.tmdb.org/t/p/original/mmznhaQDwlHWpUwKuNxtQiubbmM.jpg
52,Transformers: Dark of the Moon,38356,https://image.tmdb.org/t/p/original/28YlCLrFhONteYSs9hKjD1Km0Cj.jpg
53,Indiana Jones and the Kingdom of the Crystal Skull,217,https://image.tmdb.org/t/p/original/56As6XEM1flWvprX4LgkPl8ii4K.jpg
54,The Good Dinosaur,105864,https://image.tmdb.org/t/p/original/8RSkxOO80btfKjyiC5ZiTaCHIT8.jpg
55,Brave,62177,https://image.tmdb.org/t/p/original/1XAuDtMWpL0sYSFK0R6EZate2Ux.jpg
56,Star Trek Beyond,188927,https://image.tmdb.org/t/p/original/yOnd3XQIg7JBmu0UuBjZyLdsxQD.jpg
57,WALL·E,10681,https://image.tmdb.org/t/p/original/hbhFnRzzg6ZDmm8YAmxBnQpQIPh.jpg
58,Rush Hour 3,5174,https://image.tmdb.org/t/p/original/rZ7IxJlPhNNJ6Rn8z1rzsXuA70P.jpg
59,2012,14161,https://image.tmdb.org/t/p/original/zaqam2RNscH5ooYFWInV6hjx6y5.jpg
60,A Christmas Carol,17979,https://image.tmdb.org/t/p/original/goHDZUnqZJ7FN4h48Qh6MzJNExl.jpg
61,Jupiter Ascending,76757,https://image.tmdb.org/t/p/original/z8dXSSadzpfTF2wHQlREkuB4d5y.jpg
62,The Legend of Tarzan,258489,https://image.tmdb.org/t/p/original/eJrfz178xBGlxjDGxnBXTzWWa4w.jpg
63,"The Chronicles of Narnia: The Lion, the Witch and the Wardrobe",411,https://image.tmdb.org/t/p/original/iREd0rNCjYdf5Ar0vfaW32yrkm.jpg
64,X-Men: Apocalypse,246655,https://image.tmdb.org/t/p/original/ikA8UhYdTGpqbatFa93nIf6noSr.jpg
65,The Dark Knight,155,https://image.tmdb.org/t/p/original/qJ2tW6WMUDux911r6m7haRef0WH.jpg
66,Up,14160,https://image.tmdb.org/t/p/original/mFvoEwSfLqbcWwFsDjQebn9bzFe.jpg
67,Monsters vs Aliens,15512,https://image.tmdb.org/t/p/original/hpHarddVj34j53T7NsoUGdKj4mP.jpg
68,Iron Man,1726,https://image.tmdb.org/t/p/original/78lPtwv72eTNqFW9COBYI0dWDJa.jpg
69,Hugo,44826,https://image.tmdb.org/t/p/original/1dxRq3o3l3bVWNRvvSb7rRf68qp.jpg
70,Wild Wild West,8487,https://image.tmdb.org/t/p/original/1AUzpDzJSecEBIgwUIPzL5KMuTQ.jpg
71,The Mummy: Tomb of the Dragon Emperor,1735,https://image.tmdb.org/t/p/original/A3acM1lX5PNWQa6r5qeMAJOxbnT.jpg
72,Suicide Squad,297761,https://image.tmdb.org/t/p/original/sk3FZgh3sRrmr8vyhaitNobMcfh.jpg
73,Evan Almighty,2698,https://image.tmdb.org/t/p/original/blI1ioXbgJWOJ3PbcBuSV65Ebwu.jpg
74,Edge of Tomorrow,137113,https://image.tmdb.org/t/p/original/nBM9MMa2WCwvMG4IJ3eiGUdbPe6.jpg
75,Waterworld,9804,https://image.tmdb.org/t/p/original/pBjf3xzi6kClzWXiKMclMUX7dOP.jpg
76,G.I. Joe: The Rise of Cobra,14869,https://image.tmdb.org/t/p/original/wEr0FAAKPjlZ63i2WuuB2ge8OWv.jpg
77,Inside Out,150540,https://image.tmdb.org/t/p/original/2H1TmgdfNtsKlU9jKdeNyYL5y8T.jpg
78,The Jungle Book,278927,https://image.tmdb.org/t/p/original/2Epx7F9X7DrFptn4seqn4mzBVks.jpg
79,Iron Man 2,10138,https://image.tmdb.org/t/p/original/6WBeq4fCfn7AN0o21W9qNcRF2l9.jpg
80,Snow White and the Huntsman,58595,https://image.tmdb.org/t/p/original/8yKdQHaqOo1lkaErmqMuYFespYI.jpg
81,Maleficent,102651,https://image.tmdb.org/t/p/original/bDG3yei6AJlEAK3A5wN7RwFXQ7V.jpg
82,Dawn of the Planet of the Apes,119450,https://image.tmdb.org/t/p/original/kScdQEwS9jPEdnO23XjGAtaoRcT.jpg
83,The Lovers,79698,https://image.tmdb.org/t/p/original/6esL8UH2sXXqbfbaV6bFEUBCDOr.jpg
84,47 Ronin,64686,https://image.tmdb.org/t/p/original/xDHnmcroujCRG0ysYQaiswjbyHd.jpg
85,Captain America: The Winter Soldier,100402,https://image.tmdb.org/t/p/original/tVFRpFw3xTedgPGqxW0AOI8Qhh0.jpg
86,Shrek Forever After,10192,https://image.tmdb.org/t/p/original/6HrfPZtKcGmX2tUWW3cnciZTaSD.jpg
87,Tomorrowland,158852,https://image.tmdb.org/t/p/original/kziYpr5Nfw60P0My8aj1sgCEqed.jpg
88,Big Hero 6,177572,https://image.tmdb.org/t/p/original/2mxS4wUimwlLmI1xp6QW6NSU361.jpg
89,Wreck-It Ralph,82690,https://image.tmdb.org/t/p/original/zWoIgZ7mgmPkaZjG0102BSKFIqQ.jpg
90,The Polar Express,5255,https://image.tmdb.org/t/p/original/eOoCzH0MqeGr2taUZO4SwG416PF.jpg
91,Independence Day: Resurgence,47933,https://image.tmdb.org/t/p/original/9S50foUIYGwiNPWOxi1WJF6IPwI.jpg
92,How to Train Your Dragon,10191,https://image.tmdb.org/t/p/original/ygGmAO60t8GyqUo9xYeYxSZAR3b.jpg
93,Terminator 3: Rise of the Machines,296,https://image.tmdb.org/t/p/original/vvevzdYIrk2636maNW4qeWmlPFG.jpg
94,Guardians of the Galaxy,118340,https://image.tmdb.org/t/p/original/r7vmZjiyZw9rpJMQJdXpjgiCOk9.jpg
95,Interstellar,157336,https://image.tmdb.org/t/p/original/gEU2QniE6E77NI6lCU6MxlNBvIx.jpg
96,Inception,27205,https://image.tmdb.org/t/p/original/oYuLEt3zVCKq57qu2F8dT7NIa6f.jpg
97,シン・ゴジラ,315011,https://image.tmdb.org/t/p/original/jPNShaWZMpVF0iQ7j1dvTuZLD20.jpg
98,The Hobbit: An Unexpected Journey,49051,https://image.tmdb.org/t/p/original/yHA9Fc37VmpUA5UncTxxo3rTGVA.jpg
99,The Fast and the Furious,9799,https://image.tmdb.org/t/p/original/gqY0ITBgT7A82poL9jv851qdnIb.jpg
100,The Curious Case of Benjamin Button,4922,https://image.tmdb.org/t/p/original/26wEWZYt6yJkwRVkjcbwJEFh9IS.jpg
101,X-Men: First Class,49538,https://image.tmdb.org/t/p/original/hNEokmUke0dazoBhttFN0o3L7Xv.jpg
102,The Hunger Games: Mockingjay - Part 2,131634,https://image.tmdb.org/t/p/original/7uLJCuK0ufoDklUdOORC8XanOKw.jpg
103,The Sorcerer's Apprentice,27022,https://image.tmdb.org/t/p/original/kffWPQfYLkjsoYEBlFpzqVoTfCV.jpg
104,Poseidon,503,https://image.tmdb.org/t/p/original/1ma5b9XLCziCHzQP0Zy1Y1PqNyM.jpg
105,Alice Through the Looking Glass,241259,https://image.tmdb.org/t/p/original/kbGamUkYfgKIYIrU8kW5oc0NatZ.jpg
106,Shrek the Third,810,https://image.tmdb.org/t/p/original/n4SexGGQzI26E269tfpa80MZaGV.jpg
107,Warcraft,68735,https://image.tmdb.org/t/p/original/nZIIOs06YigBnvmlJ2hxZeA8eTO.jpg
108,Terminator Genisys,87101,https://image.tmdb.org/t/p/original/oZRVDpNtmHk8M1VYy1aeOWUXgbC.jpg
109,The Chronicles of Narnia: The Voyage of the Dawn Treader,10140,https://image.tmdb.org/t/p/original/pP27zlm9yeKrCeDZLFLP2HKELot.jpg
110,Pearl Harbor,676,https://image.tmdb.org/t/p/original/y8A0Cvp8WQmZ3bjbnsL53lY0dsC.jpg
111,Transformers,1858,https://image.tmdb.org/t/p/original/lkZ9gqCEjzX85lKR6Jjd1uGAXNp.jpg
112,Alexander,1966,https://image.tmdb.org/t/p/original/91QR7ReHg4HiY66avTon185bawQ.jpg
113,Harry Potter and the Order of the Phoenix,675,https://image.tmdb.org/t/p/original/5aOyriWkPec0zUDxmHFP9qMmBaj.jpg
114,Harry Potter and the Goblet of Fire,674,https://image.tmdb.org/t/p/original/fECBtHlr0RB3foNHDiCBXeg9Bv9.jpg
115,Hancock,8960,https://image.tmdb.org/t/p/original/7DyuV2G0hLEqHeueDfOqhZ2DVut.jpg
116,I Am Legend,6479,https://image.tmdb.org/t/p/original/iPDkaSdKk2jRLTM65UOEoKtsIZ8.jpg
117,Charlie and the Chocolate Factory,118,https://image.tmdb.org/t/p/original/iKP6wg3c6COUe8gYutoGG7qcPnO.jpg
118,Ratatouille,2062,https://image.tmdb.org/t/p/original/t3vaWRPSf6WjDSamIkKDs1iQWna.jpg
119,Batman Begins,272,https://image.tmdb.org/t/p/original/4MpN4kIEqUjW8OPtOQJXlTdHiJV.jpg
120,Madagascar: Escape 2 Africa,10527,https://image.tmdb.org/t/p/original/agRbLOHgN46TQO4YdKR462iR7To.jpg
121,Night at the Museum: Battle of the Smithsonian,18360,https://image.tmdb.org/t/p/original/l9yAQn6TyrA3gv5xZZkiMMoZsiw.jpg
122,X-Men Origins: Wolverine,2080,https://image.tmdb.org/t/p/original/yj8LbTju1p7CUJg7US2unSBk33s.jpg
123,The Matrix Revolutions,605,https://image.tmdb.org/t/p/original/t1wm4PgOQ8e4z1C6tk1yDNrps4T.jpg
124,Frozen,109445,https://image.tmdb.org/t/p/original/mbPrrbt8bSLcHSBCHnRclPlMZPl.jpg
125,The Matrix Reloaded,604,https://image.tmdb.org/t/p/original/9TGHDvWrqKBzwDxDodHYXEmOE6J.jpg
126,Thor: The Dark World,76338,https://image.tmdb.org/t/p/original/bvwWQdMQnsua6dXaCInsPxQG21P.jpg
127,Mad Max: Fury Road,76341,https://image.tmdb.org/t/p/original/hA2ple9q4qnwxp3hKVNhroipsir.jpg
128,Angels & Demons,13448,https://image.tmdb.org/t/p/original/tFZQAuulEOtFTp0gHbVdEXwGrYe.jpg
129,Thor,10195,https://image.tmdb.org/t/p/original/prSfAi1xGrhLQNxVSUFh61xQ4Qy.jpg
130,Bolt,13053,https://image.tmdb.org/t/p/original/v5aC4nrzXFGJDWY4JO1eengXzqk.jpg
131,G-Force,19585,https://image.tmdb.org/t/p/original/fkqcF21HKZPvCwO6BHPa3aCRaxz.jpg
132,Wrath of the Titans,57165,https://image.tmdb.org/t/p/original/b9n2R3xZWQ8MVZgndQoV34stS0h.jpg
133,Dark Shadows,62213,https://image.tmdb.org/t/p/original/fd9Ck4cxVlmtXsbeGtQW7WFuUFI.jpg
134,Mission: Impossible - Rogue Nation,177677,https://image.tmdb.org/t/p/original/jwqL7croP7JMVfz0l9o7V4yJsJO.jpg
135,The Wolfman,7978,https://image.tmdb.org/t/p/original/fQqPoAHvHicie1ttuiV2q0yv9V7.jpg
136,Bee Movie,5559,https://image.tmdb.org/t/p/original/rYBaXgvTKFS8iZC7Wr8SMomSauQ.jpg
137,Kung Fu Panda 2,49444,https://image.tmdb.org/t/p/original/mtqqD00vB4PGRt20gWtGqFhrkd0.jpg
138,The Last Airbender,10196,https://image.tmdb.org/t/p/original/kl9JJ8288bNsY8oqT1SpQh1w2mb.jpg
139,Mission: Impossible III,956,https://image.tmdb.org/t/p/original/vKGYCpmQyV9uHybWDzXuII8Los5.jpg
140,White House Down,117251,https://image.tmdb.org/t/p/original/6TeIVKPw7nXXWy2zKmDmlnSwzb7.jpg
141,Mars Needs Moms,50321,https://image.tmdb.org/t/p/original/g94LNU4pipIUJLkTvYIgNGfT2J2.jpg
142,Flushed Away,11619,https://image.tmdb.org/t/p/original/o4JlinGGDwxfmtvyUotZQdDdLA2.jpg
143,Pan,266647,https://image.tmdb.org/t/p/original/w8i0mZR7MEL7c3bXSsuYg7VJsew.jpg
144,Mr. Peabody & Sherman,82703,https://image.tmdb.org/t/p/original/hPcImYndWESKHzT2GHVCDsUxzYg.jpg
145,Troy,652,https://image.tmdb.org/t/p/original/a07wLy4ONfpsjnBqMwhlWTJTcm.jpg
146,Madagascar 3: Europe's Most Wanted,80321,https://image.tmdb.org/t/p/original/ekraj4ksvIKeuvQVEevEJkuybZd.jpg
147,Die Another Day,36669,https://image.tmdb.org/t/p/original/bZmGqOhMhaLn8AoFMvFDct4tbrL.jpg
148,Ghostbusters,43074,https://image.tmdb.org/t/p/original/wJmWliwXIgZOCCVOcGRBhce7xPS.jpg
149,Armageddon,95,https://image.tmdb.org/t/p/original/eTM3qtGhDU8cvjpoa6KEt5E2auU.jpg
150,Men in Black II,608,https://image.tmdb.org/t/p/original/enA22EPyzc2WQ1VVyY7zxresQQr.jpg
151,Beowulf,2310,https://image.tmdb.org/t/p/original/7QsWYyJAV97N9jOh21pdRIqJeJq.jpg
152,Kung Fu Panda 3,140300,https://image.tmdb.org/t/p/original/oajNi4Su39WAByHI6EONu8G8HYn.jpg
153,Mission: Impossible - Ghost Protocol,56292,https://image.tmdb.org/t/p/original/eRZTGx7GsiKqPch96k27LK005ZL.jpg
154,Rise of the Guardians,81188,https://image.tmdb.org/t/p/original/sW4qOa9yF0Ikg7lppncQ0n5UhKX.jpg
155,Fun with Dick and Jane,7552,https://image.tmdb.org/t/p/original/xTcIPKpzCqQUQixNPS0Rb7HPEAf.jpg
156,The Last Samurai,616,https://image.tmdb.org/t/p/original/lsasOSgYI85EHygtT5SvcxtZVYT.jpg
157,Exodus: Gods and Kings,147441,https://image.tmdb.org/t/p/original/uaDj37JtvLan9tihxZ18e6qL33b.jpg
158,Star Trek,13475,https://image.tmdb.org/t/p/original/lV5OpzAss1z06YNagOVap1I35mH.jpg
159,Spider-Man,557,https://image.tmdb.org/t/p/original/gh4cZbhZxyTbgxQPxD0dOudNPTn.jpg
160,How to Train Your Dragon 2,82702,https://image.tmdb.org/t/p/original/d13Uj86LdbDLrfDoHR5aDOFYyJC.jpg
161,Gods of Egypt,205584,https://image.tmdb.org/t/p/original/hzH7fwaTyQNITLo40Hu3R7cVMqv.jpg
162,Stealth,10048,https://image.tmdb.org/t/p/original/cVtQHyTwaDhYFVRFXSuDthC2bXH.jpg
163,Watchmen,13183,https://image.tmdb.org/t/p/original/aVURelN3pM56lFM7Dgfs5TixcIf.jpg
164,Lethal Weapon 4,944,https://image.tmdb.org/t/p/original/vl4n3uO602y8nDsqjE4RIMnSy8Q.jpg
165,Hulk,1927,https://image.tmdb.org/t/p/original/UllIft2jLSBaay3zQyMV4GNdfy.jpg
166,G.I. Joe: Retaliation,72559,https://image.tmdb.org/t/p/original/nZKk8XA0VrvRSdMQvBAF5Nzniwo.jpg
167,Sahara,7364,https://image.tmdb.org/t/p/original/kyY1onYxkKBDlJsheRsVbMaoQEM.jpg
168,Final Fantasy: The Spirits Within,2114,https://image.tmdb.org/t/p/original/phYEy6Am7vRlr9KzMb0wbGMHTzz.jpg
169,Captain America: The First Avenger,1771,https://image.tmdb.org/t/p/original/vSNxAJTlD0r02V9sPYpOjqDZXUK.jpg
170,The World Is Not Enough,36643,https://image.tmdb.org/t/p/original/wCb2msgoZPK01WIqry24M4xsM73.jpg
171,Master and Commander: The Far Side of the World,8619,https://image.tmdb.org/t/p/original/s1cVTQEZYn4nSjZLnFbzLP0j8y2.jpg
172,The Twilight Saga: Breaking Dawn - Part 2,50620,https://image.tmdb.org/t/p/original/7IGdPaKujv0BjI0Zd0m0a4CzEjJ.jpg
173,Happy Feet Two,65759,https://image.tmdb.org/t/p/original/2gWiQ4mn85jcXtREVePlVViupeV.jpg
174,The Incredible Hulk,1724,https://image.tmdb.org/t/p/original/gKzYx79y0AQTL4UAk1cBQJ3nvrm.jpg
175,The BFG,267935,https://image.tmdb.org/t/p/original/vssXmCrfCiARkQ0512oG0wjh2h9.jpg
176,The Revenant,281957,https://image.tmdb.org/t/p/original/ji3ecJphATlVgWNY0B0RVXZizdf.jpg
177,Turbo,77950,https://image.tmdb.org/t/p/original/w6GdF5hcnsU5IwaRhyhnysNy5hO.jpg
178,Rango,44896,https://image.tmdb.org/t/p/original/A5MP1guV8pbruieG0tnpPIbaJtt.jpg
179,Penguins of Madagascar,270946,https://image.tmdb.org/t/p/original/dXbpNrPDZDMEbujFoOxmMNQVMHa.jpg
180,The Bourne Ultimatum,2503,https://image.tmdb.org/t/p/original/15rMz5MRXFp7CP4VxhjYw4y0FUn.jpg
181,Kung Fu Panda,9502,https://image.tmdb.org/t/p/original/wWt4JYXTg5Wr3xBW2phBrMKgp3x.jpg
182,Ant-Man,102899,https://image.tmdb.org/t/p/original/rQRnQfUl3kfp78nCWq8Ks04vnq1.jpg
183,The Hunger Games: Catching Fire,101299,https://image.tmdb.org/t/p/original/qdXXEFGuLLfMWa1DGEkWFUo8Zwd.jpg
184,Home,228161,https://image.tmdb.org/t/p/original/usFenYnk6mr8C62dB1MoAfSWMGR.jpg
185,War of the Worlds,74,https://image.tmdb.org/t/p/original/6Biy7R9LfumYshur3YKhpj56MpB.jpg
186,Bad Boys II,8961,https://image.tmdb.org/t/p/original/yCvB5fG5aEPqa1St7ihY6KEAsHD.jpg
187,Puss in Boots,417859,https://image.tmdb.org/t/p/original/eufJ36oQCauDc427ewaEvQrhZ6i.jpg
188,Salt,27576,https://image.tmdb.org/t/p/original/ppXyhOe8UCEOrBRSYqE3SkHwrcR.jpg
189,Noah,86834,https://image.tmdb.org/t/p/original/trtD17IqSWV9Nbn4OILztc9GuCX.jpg
190,The Adventures of Tintin,17578,https://image.tmdb.org/t/p/original/fQZ3sLR1Fi63NMsNRbjm9q5qODJ.jpg
191,Harry Potter and the Prisoner of Azkaban,673,https://image.tmdb.org/t/p/original/aWxwnYoe8p2d2fcxOqtvAtJ72Rw.jpg
192,Australia,6972,https://image.tmdb.org/t/p/original/tFQpccGMTWe24eWxK5U9rb7tK3M.jpg
193,After Earth,82700,https://image.tmdb.org/t/p/original/iXMvYIlzzJBs352CfeiQcBvovZt.jpg
194,Dinosaur,10567,https://image.tmdb.org/t/p/original/rSje3FS7ycJSglowlngjsvDt7vO.jpg
195,Night at the Museum: Secret of the Tomb,181533,https://image.tmdb.org/t/p/original/xwgy305K6qDs3D20xUO4OZu1HPY.jpg
196,Megamind,38055,https://image.tmdb.org/t/p/original/uZ9ytt3sPTx62XTfN56ILSuYWRe.jpg
197,Harry Potter and the Philosopher's Stone,671,https://image.tmdb.org/t/p/original/wuMc08IPKEatf9rnMNXvIDxqP4W.jpg
198,R.I.P.D.,49524,https://image.tmdb.org/t/p/original/rS0kByPD4YF8pQ85KjzMdGiu7Xf.jpg
199,Pirates of the Caribbean: The Curse of the Black Pearl,22,https://image.tmdb.org/t/p/original/z8onk7LV9Mmw6zKz4hT6pzzvmvl.jpg
200,The Hunger Games: Mockingjay - Part 1,131631,https://image.tmdb.org/t/p/original/2hTPkBiXoMmrdtYgHtB9WU5dg80.jpg
201,The Da Vinci Code,591,https://image.tmdb.org/t/p/original/9ejKfNk0LBhSI9AahH4f9NJNZNM.jpg
202,Rio 2,172385,https://image.tmdb.org/t/p/original/gVNTBrjxh2YRmQFjlaqrNbHVvrd.jpg
203,X2,36658,https://image.tmdb.org/t/p/original/bWMw0FMsY8DICgrQnrTSWbzEgtr.jpg
204,Fast Five,51497,https://image.tmdb.org/t/p/original/gEfQjjQwY7fh5bI4GlG0RrBu7Pz.jpg
205,Sherlock Holmes: A Game of Shadows,58574,https://image.tmdb.org/t/p/original/y1MYZkwhZK6L0Jy4YMuPktzDOfn.jpg
206,Clash of the Titans,18823,https://image.tmdb.org/t/p/original/3W6QaC3Vz8UJhr6HRYuGfbNeJCs.jpg
207,Total Recall,861,https://image.tmdb.org/t/p/original/wVbeL6fkbTKSmNfalj4VoAUUqJv.jpg
208,The 13th Warrior,1911,https://image.tmdb.org/t/p/original/pj1IQQ7ajwaOrjjTCxyM1L4mSnX.jpg
209,The Bourne Legacy,49040,https://image.tmdb.org/t/p/original/1aExL5DTGHj25ZfIC3dDwS84RWi.jpg
210,Batman & Robin,415,https://image.tmdb.org/t/p/original/i7hEUpDuMN2LOrCEifFyGSHZQSY.jpg
211,How the Grinch Stole Christmas,8871,https://image.tmdb.org/t/p/original/1WZbbPApEivA421gCOluuzMMKCk.jpg
212,The Day After Tomorrow,435,https://image.tmdb.org/t/p/original/Wr4HeYQRvwVCxzOV5TmGE7UkXq.jpg
213,Mission: Impossible II,955,https://image.tmdb.org/t/p/original/hfnrual76gPeNFduhD4xzHWpfTw.jpg
214,The Perfect Storm,2133,https://image.tmdb.org/t/p/original/vJPoxqgpfFNbGi0HyoNsjFeLCio.jpg
215,4: Rise of the Silver Surfer,1979,https://image.tmdb.org/t/p/original/f3ldtPF7SESMcyAIyIJHBLlBBkr.jpg
216,Life of Pi,87827,https://image.tmdb.org/t/p/original/iLgRu4hhSr6V1uManX6ukDriiSc.jpg
217,Ghost Rider,1250,https://image.tmdb.org/t/p/original/d9Oan9XJJ6gRJa64Ifsgp1sXbC4.jpg
218,Jason Bourne,324668,https://image.tmdb.org/t/p/original/ziU0b3hRM6raH1u4wym02EYMLZ6.jpg
219,Charlie's Angels: Full Throttle,9471,https://image.tmdb.org/t/p/original/n4cdJ0Wqxb7C0HmZbcaC4eYnkIf.jpg
220,Prometheus,70981,https://image.tmdb.org/t/p/original/m7nZCtHJyDLncBUarfM5h5mrppx.jpg
221,Stuart Little 2,10996,https://image.tmdb.org/t/p/original/iloXmNMrOtZoKfbTkHoBLXtpYNz.jpg
222,Elysium,68724,https://image.tmdb.org/t/p/original/uiiXHBd9oUrtUa4YqZiAoy05cRz.jpg
223,The Chronicles of Riddick,2789,https://image.tmdb.org/t/p/original/iSaB7jBgsU6sXqKneZpdeRw5MSV.jpg
224,RoboCop,97020,https://image.tmdb.org/t/p/original/gM5ql3BKYmHG3WtZ0buKXN7xY8O.jpg
225,Speed Racer,7459,https://image.tmdb.org/t/p/original/fxRIpx9Op9h71q3tvuabx4GryyP.jpg
226,How Do You Know,42888,https://image.tmdb.org/t/p/original/jbOnp79eUZxQHgcdnTIRlxel1dE.jpg
227,Knight and Day,37834,https://image.tmdb.org/t/p/original/phhp52CZZJiGYmiOTp9ZBDkGHB3.jpg
228,Oblivion,75612,https://image.tmdb.org/t/p/original/eO3r38fwnhb58M1YgcjQBd3VNcp.jpg
229,Star Wars: Episode III - Revenge of the Sith,1895,https://image.tmdb.org/t/p/original/xfSAoBEm9MNBjmlNcDYLvLSMlnq.jpg
230,Star Wars: Episode II - Attack of the Clones,1894,https://image.tmdb.org/t/p/original/oZNPzxqM2s5DyVWab09NTQScDQt.jpg
231,"Monsters, Inc.",585,https://image.tmdb.org/t/p/original/wFSpyMsp7H0ttERbxY7Trlv8xry.jpg
232,The Wolverine,76170,https://image.tmdb.org/t/p/original/8lzmovtARDXnE7kTDOum02i6fXv.jpg
233,Star Wars: Episode I - The Phantom Menace,1893,https://image.tmdb.org/t/p/original/6wkfovpn7Eq8dYNKaG5PY3q2oq6.jpg
234,The Croods,49519,https://image.tmdb.org/t/p/original/27zvjVOtOi5ped1HSlJKNsKXkFH.jpg
235,Astérix aux Jeux Olympiques,2395,https://image.tmdb.org/t/p/original/eNB2SrqmTJLByRDq3akDzA6Z9rC.jpg
236,Windtalkers,12100,https://image.tmdb.org/t/p/original/547q4HXlvEcS06lujfb2yzsTP3H.jpg
237,The Huntsman: Winter's War,290595,https://image.tmdb.org/t/p/original/ci1QXfBSUBVpLuzxi9A208uwUVi.jpg
238,Teenage Mutant Ninja Turtles,98566,https://image.tmdb.org/t/p/original/azL2ThbJMIkts3ZMt3j1YgBUeDB.jpg
239,Gravity,49047,https://image.tmdb.org/t/p/original/kZ2nZw8D681aphje8NJi8EfbL1U.jpg
240,Dante's Peak,9619,https://image.tmdb.org/t/p/original/6N73uiHHGDBoaAECYc0R39O3fre.jpg
241,Teenage Mutant Ninja Turtles: Out of the Shadows,308531,https://image.tmdb.org/t/p/original/euVaCiCWz3AALcQXHT6aUqdGUo6.jpg
242,Fantastic Four,166424,https://image.tmdb.org/t/p/original/cDroz5qSlP8xZ6tOpeYoPkBvKyL.jpg
243,Night at the Museum,1593,https://image.tmdb.org/t/p/original/pDsAAYf6Zn0yiAGJ6lYGs6hoZ4E.jpg
244,San Andreas,254128,https://image.tmdb.org/t/p/original/2Gfjn962aaFSD6eST6QU3oLDZTo.jpg
245,Tomorrow Never Dies,714,https://image.tmdb.org/t/p/original/gZm002w7q9yLOkltxT76TWGfdZX.jpg
246,The Patriot,2024,https://image.tmdb.org/t/p/original/fWZd815QxUCUcrWQZwUkAp9ljG.jpg
247,Ocean's Twelve,163,https://image.tmdb.org/t/p/original/pE5anFf7nf6ah7V3VRezQ1KSovi.jpg
248,Mr. & Mrs. Smith,787,https://image.tmdb.org/t/p/original/kjD700RtyhveN3ZbOnSvUSne0Qj.jpg
249,Insurgent,262500,https://image.tmdb.org/t/p/original/dP5Fb6YRfzmCQtRbHOr2kO7tJW9.jpg
250,The Aviator,2567,https://image.tmdb.org/t/p/original/lx4kWcZc3o9PaNxlQpEJZM17XUI.jpg
251,Gulliver's Travels,38745,https://image.tmdb.org/t/p/original/tazLyiF4q2w07jXjg4z4CQZgvY.jpg
252,The Green Hornet,40805,https://image.tmdb.org/t/p/original/1YrRviphr3eXPus9iHyQX56QgIE.jpg
253,300: Rise of an Empire,53182,https://image.tmdb.org/t/p/original/wYDdWN1McB1Sio4z1dPSkb40Z78.jpg
254,The Smurfs,41513,https://image.tmdb.org/t/p/original/vRhnslP2gW0QDym7BsMeSuioUfK.jpg
255,Home on the Range,13700,https://image.tmdb.org/t/p/original/9xIIo4FMquy5SRqn8hppyr2QadR.jpg
256,Allegiant,262504,https://image.tmdb.org/t/p/original/faq9JlF8znUGQ5p3En1W61Fi5p0.jpg
257,Real Steel,39254,https://image.tmdb.org/t/p/original/4GIeI5K5YdDUkR3mNQBoScpSFEf.jpg
258,The Smurfs 2,77931,https://image.tmdb.org/t/p/original/f2c4nT4JTcBHrX6BVKrMIGmyBvK.jpg
259,Speed 2: Cruise Control,1639,https://image.tmdb.org/t/p/original/gnK1ocpwUTj24zAktzomOJsD2bu.jpg
260,Ender's Game,80274,https://image.tmdb.org/t/p/original/vmd3CNeG2B9FXsit61oc7oxabej.jpg
261,Live Free or Die Hard,1571,https://image.tmdb.org/t/p/original/wplG0vWnpnzkIBDxBhTfIygqfoK.jpg
262,The Lord of the Rings: The Fellowship of the Ring,120,https://image.tmdb.org/t/p/original/6oom5QYQ2yQTMJIbnvbkBL9cHo6.jpg
263,Around the World in 80 Days,10204,https://image.tmdb.org/t/p/original/bBiMw6Jtg8tSTcEq8jFV7qk9TRW.jpg
264,Ali,8489,https://image.tmdb.org/t/p/original/hBE9VTgwmHbIBkJ0uxrnmqJOpkm.jpg
265,The Cat in the Hat,10588,https://image.tmdb.org/t/p/original/uYYLz67e5xEQMsY858VSSCDsLU6.jpg
266,"I, Robot",2048,https://image.tmdb.org/t/p/original/efwv6F2lGaghjPpBRSINHtoEiZB.jpg
267,Kingdom of Heaven,1495,https://image.tmdb.org/t/p/original/rNaBe4TwbMef71sgscqabpGKsxh.jpg
268,Stuart Little,10137,https://image.tmdb.org/t/p/original/362lcwTJlNyAhitTlp2UraECISR.jpg
269,The Princess and the Frog,10198,https://image.tmdb.org/t/p/original/v6nAUs62OJ4DXmnnmPFeVmMz8H9.jpg
270,The Martian,286217,https://image.tmdb.org/t/p/original/3ndAx3weG6KDkJIRMCi5vXX6Dyb.jpg
271,The Island,1635,https://image.tmdb.org/t/p/original/juSBGCTK463as9clAea4mE2N3s0.jpg
272,Town & Country,24113,https://image.tmdb.org/t/p/original/4ckfJA1zqdXG7ttBqGZ2A91YHQs.jpg
273,Gone in Sixty Seconds,9679,https://image.tmdb.org/t/p/original/fToQDmkBtiXYGh9xfgAh3gpo6GZ.jpg
274,Gladiator,98,https://image.tmdb.org/t/p/original/ty8TGRuvJLPUmAR1H1nRIsgwvim.jpg
275,Minority Report,180,https://image.tmdb.org/t/p/original/ccqpHq5tk5W4ymbSbuoy4uYOxFI.jpg
276,Harry Potter and the Chamber of Secrets,672,https://image.tmdb.org/t/p/original/sdEOH0992YZ0QSxgXNIGLq1ToUi.jpg
277,Casino Royale,36557,https://image.tmdb.org/t/p/original/lMrxYKKhd4lqRzwUHAy5gcx9PSO.jpg
278,Planet of the Apes,869,https://image.tmdb.org/t/p/original/eEsOgbgKXMvI2FEw1WENamVXi41.jpg
279,Terminator 2: Judgment Day,280,https://image.tmdb.org/t/p/original/5M0j0B18abtBI5gi2RhfjjurTqb.jpg
280,Public Enemies,11322,https://image.tmdb.org/t/p/original/ezFQaPf4cOEfsl39Me0gSV29d7V.jpg
281,American Gangster,4982,https://image.tmdb.org/t/p/original/8sV6nWuKczuXRt0C6EWoXqJAj6G.jpg
282,True Lies,36955,https://image.tmdb.org/t/p/original/pweFTnzzTfGK68woSVkiTgjLzWm.jpg
283,The Taking of Pelham 1 2 3,18487,https://image.tmdb.org/t/p/original/rEnyQiBu6goqJfvQXpUZQjpoHVp.jpg
284,Little Fockers,39451,https://image.tmdb.org/t/p/original/90mwPRNMmX9RUGVgKMJMJNQnYX8.jpg
285,The Other Guys,27581,https://image.tmdb.org/t/p/original/wNEHNqo3MgHmj3BUiPSqqq5czcm.jpg
286,Eraser,9268,https://image.tmdb.org/t/p/original/uu2gBpFElDfxTI6BI9bT4pZ4kvw.jpg
287,Django Unchained,68718,https://image.tmdb.org/t/p/original/7oWY8VDWW7thTzWh3OKYRkWUlD5.jpg
288,The Hunchback of Notre Dame,10545,https://image.tmdb.org/t/p/original/7k0fr2xLCTChjN8MnGNThTP9uEB.jpg
289,The Emperor's New Groove,11688,https://image.tmdb.org/t/p/original/xU635vn1lMD9DWDloeuKmuhxxnQ.jpg
290,The Expendables 2,76163,https://image.tmdb.org/t/p/original/74rTIGyGoIu5KSxDVMdr8H3MtMo.jpg
291,National Treasure,2059,https://image.tmdb.org/t/p/original/pxL6E4GBOPUG6CdkO9cUQN5VMwI.jpg
292,Eragon,2486,https://image.tmdb.org/t/p/original/mNu6QLUnKqPIjRA3pgEb5dkJye6.jpg
293,Where the Wild Things Are,16523,https://image.tmdb.org/t/p/original/sDFV9VEjwTUWF1s5sjOllsb70jk.jpg
294,Epic,116711,https://image.tmdb.org/t/p/original/81cSsWzjTfR3cJSqnTiHwy1eyPK.jpg
295,The Tourist,37710,https://image.tmdb.org/t/p/original/oXe1nw4HcS32YVpvxwsWEVdvEXA.jpg
296,End of Days,9946,https://image.tmdb.org/t/p/original/pY8FbKKl3VD0jRI1iDFrwN6alLa.jpg
297,Blood Diamond,1372,https://image.tmdb.org/t/p/original/vL0TSMpKWx9UGJbKdYCKREEDukF.jpg
298,The Wolf of Wall Street,106646,https://image.tmdb.org/t/p/original/kW9LmvYHAaS9iA0tHmZVq8hQYoq.jpg
299,Batman Forever,414,https://image.tmdb.org/t/p/original/l0wdmQl9TDhMgz1f822yjXHdtlf.jpg
300,Starship Troopers,563,https://image.tmdb.org/t/p/original/cxCmv23O7p3hyHwqoktHYkZcGsY.jpg
301,Cloud Atlas,83542,https://image.tmdb.org/t/p/original/8naVv2Xu3rWI5JKHz0vCujx6GaJ.jpg
302,Legend of the Guardians: The Owls of Ga'Hoole,41216,https://image.tmdb.org/t/p/original/qweKCtPdnIP2uGp1PgWZyCV7gzj.jpg
303,Catwoman,314,https://image.tmdb.org/t/p/original/pvnPgukFyEKgCzyOxyLiwyZ8T1C.jpg
304,Hercules,184315,https://image.tmdb.org/t/p/original/5X3VOy9lD44VclKsWTi8gHZGjhL.jpg
305,Treasure Planet,9016,https://image.tmdb.org/t/p/original/zMKatZ0c0NCoKzfizaCzVUcbKMf.jpg
306,Land of the Lost,18162,https://image.tmdb.org/t/p/original/hVCJzmK9l5FD01LFYAB1zcmmw7s.jpg
307,The Expendables 3,138103,https://image.tmdb.org/t/p/original/ruW3malZtlg66ODfg614dFbXO68.jpg
308,Point Break,257088,https://image.tmdb.org/t/p/original/z7JOvw5Lqs9ezoFTJxmz3nx3av2.jpg
309,Son of the Mask,10214,https://image.tmdb.org/t/p/original/Adgnfhm9B8YAQmC0osuP4zO9SRc.jpg
310,In the Heart of the Sea,205775,https://image.tmdb.org/t/p/original/weVvNPfk6FM9vBg3BXtRtNAmiYM.jpg
311,The Adventures of Pluto Nash,11692,https://image.tmdb.org/t/p/original/96vvhLWWDosS1zRrfQ6XEGAzByL.jpg
312,Green Zone,22972,https://image.tmdb.org/t/p/original/czFIaeukSxNEccysQeys1PCkuOG.jpg
313,The Peanuts Movie,227973,https://image.tmdb.org/t/p/original/aiwdwnl7RFs1vcBanOKr13ye3wE.jpg
314,The Spanish Prisoner,29193,https://image.tmdb.org/t/p/original/cwkWlWfFrvH6WW6ovX5gfGHo7ks.jpg
315,The Mummy Returns,1734,https://image.tmdb.org/t/p/original/kdJsW7hcy1lrj7tdMPycTAQPAiR.jpg
316,Gangs of New York,3131,https://image.tmdb.org/t/p/original/lemqKtcCuAano5aqrzxYiKC8kkn.jpg
317,金陵十三釵,76758,https://image.tmdb.org/t/p/original/7NVgVX663tdareijAiv0eLiLn6d.jpg
318,Surf's Up,9408,https://image.tmdb.org/t/p/original/lenJ0hOmlks0dyxzNJoNVQlR3qR.jpg
319,The Stepford Wives,9890,https://image.tmdb.org/t/p/original/ygr0Wlmm1KmE16TUefNitIscVBG.jpg
320,Black Hawk Down,855,https://image.tmdb.org/t/p/original/imGygQbmuc7gC1JZiAVhJLsUWXq.jpg
321,The Campaign,77953,https://image.tmdb.org/t/p/original/jMWjJ13sFTT07DwjNlqh8VY4sK6.jpg
322,The Fifth Element,18,https://image.tmdb.org/t/p/original/fPtlCO1yQtnoLHOwKtWz7db6RGU.jpg
323,Sex and the City 2,37786,https://image.tmdb.org/t/p/original/iHSRxhZsPaVuLCivvV6WEkMVGWU.jpg
324,The Road to El Dorado,10501,https://image.tmdb.org/t/p/original/ryXm7xp4aqQyda0FU2eMfHehPBg.jpg
325,Ice Age: Continental Drift,57800,https://image.tmdb.org/t/p/original/dfp1BZF7FxbBUyzHvMOI9t8NWDD.jpg
326,Cinderella,150689,https://image.tmdb.org/t/p/original/j91LJmcWo16CArFOoapsz84bwxb.jpg
327,The Lovely Bones,7980,https://image.tmdb.org/t/p/original/sn0iDphRxQ7I6aLd9igIgACITak.jpg
328,Finding Nemo,12,https://image.tmdb.org/t/p/original/eHuGQ10FUzK1mdOY69wF5pGgEf5.jpg
329,The Lord of the Rings: The Return of the King,122,https://image.tmdb.org/t/p/original/rCzpDGLbOoPwLjy3OAm5NUPOTrC.jpg
330,The Lord of the Rings: The Two Towers,121,https://image.tmdb.org/t/p/original/5VTN0pR8gcqV3EPUHHfMGnJYN9L.jpg
331,Seventh Son,68737,https://image.tmdb.org/t/p/original/7Q8DfXSjcFSSQDOxz1Sk865wNqI.jpg
332,Lara Croft: Tomb Raider,1995,https://image.tmdb.org/t/p/original/7WyMvoqPYJe5g1ENsbLTv40pUrX.jpg
333,Transcendence,157353,https://image.tmdb.org/t/p/original/qmOKJWl3wnXDcLhjtJHnCCCvAiO.jpg
334,Jurassic Park III,331,https://image.tmdb.org/t/p/original/oQXj4NUfS3r3gHXtDOzcJgj1lLc.jpg
335,Rise of the Planet of the Apes,61791,https://image.tmdb.org/t/p/original/cjLsuP75UDlRdJVMXzXg3TJ4umX.jpg
336,The Spiderwick Chronicles,8204,https://image.tmdb.org/t/p/original/uN7MUMaCXfa8DbMMp61A8iXEcEG.jpg
337,A Good Day to Die Hard,47964,https://image.tmdb.org/t/p/original/qJ0csDXAVFMsNn0cRcjy6W6PxAK.jpg
338,The Alamo,10733,https://image.tmdb.org/t/p/original/aZrWYkxCCwSPKp4VjVvn46uHbIX.jpg
339,The Incredibles,9806,https://image.tmdb.org/t/p/original/2LqaLgk4Z226KkgPJuiOQ58wvrm.jpg
340,Cutthroat Island,1408,https://image.tmdb.org/t/p/original/hYdeBZ4BFXivdouxLfQGWNE6zRx.jpg
341,Percy Jackson & the Olympians: The Lightning Thief,32657,https://image.tmdb.org/t/p/original/brzpTyZ5bnM7s53C1KSk1TmrMO6.jpg
342,Men in Black,607,https://image.tmdb.org/t/p/original/uLOmOF5IzWoyrgIF5MfUnh5pa1X.jpg
343,Toy Story 2,863,https://image.tmdb.org/t/p/original/yFWQkz2ynjwsazT6xQiIXEUsyuh.jpg
344,Unstoppable,44048,https://image.tmdb.org/t/p/original/zKvHwL0GqLOear8rTnUPSTRYY0r.jpg
345,Rush Hour 2,5175,https://image.tmdb.org/t/p/original/aBQf2vMiCINeVC9v6BGVYKXurTh.jpg
346,What Lies Beneath,2655,https://image.tmdb.org/t/p/original/2L3Cn0CizbSy2E9KJt1SiOSyb6p.jpg
347,Cloudy with a Chance of Meatballs,22794,https://image.tmdb.org/t/p/original/qhOhIKf7QEyQ5dMrRUqs5eTX1Oq.jpg
348,Ice Age: Dawn of the Dinosaurs,8355,https://image.tmdb.org/t/p/original/cXOLaxcNjNAYmEx1trZxOTKhK3Q.jpg
349,The Secret Life of Walter Mitty,116745,https://image.tmdb.org/t/p/original/tY6ypjKOOtujhxiSwTmvA4OZ5IE.jpg
350,Charlie's Angels,4327,https://image.tmdb.org/t/p/original/paDTaHGLxhacythNZCT86VPanm6.jpg
351,The Departed,1422,https://image.tmdb.org/t/p/original/nT97ifVT2J1yMQmeq20Qblg61T.jpg
352,Mulan,10674,https://image.tmdb.org/t/p/original/bj3iSjLlkwHtJrPmvHXa8P7edI9.jpg
353,Tropic Thunder,7446,https://image.tmdb.org/t/p/original/zAurB9mNxfYRoVrVjAJJwGV3sPg.jpg
354,The Girl with the Dragon Tattoo,65754,https://image.tmdb.org/t/p/original/8bokS83zGdhaXgN9tjidUKmAftW.jpg
355,Die Hard: With a Vengeance,1572,https://image.tmdb.org/t/p/original/buqmCdFQEWwEpL3agGgg2GVjN2d.jpg
356,Sherlock Holmes,10528,https://image.tmdb.org/t/p/original/fvnu6QHyR0gSV1JI6lMyXCny21a.jpg
357,Ben-Hur,271969,https://image.tmdb.org/t/p/original/c9CoGrBA5yw8A7YBMz0hGzfzpNq.jpg
358,Atlantis: The Lost Empire,10865,https://image.tmdb.org/t/p/original/8fUEFPUTF7kBMuKPiSQHxPvd8EZ.jpg
359,Alvin and the Chipmunks: The Road Chip,258509,https://image.tmdb.org/t/p/original/16OcuuW5z509WILR6BmscNdXgw0.jpg
360,Valkyrie,2253,https://image.tmdb.org/t/p/original/8eoRtXswC8IQDsqW7iJWO56NhAv.jpg
361,You Don't Mess with the Zohan,10661,https://image.tmdb.org/t/p/original/gBhLQmpCPoKFMCGsulMbIFzrBID.jpg
362,Pixels,257344,https://image.tmdb.org/t/p/original/d26S5EfVXLNxRXqyFy1yyl3qRq3.jpg
363,A.I. Artificial Intelligence,644,https://image.tmdb.org/t/p/original/5O8JQw3I6arVvSsj6W7HRRk71Mf.jpg
364,The Haunted Mansion,10756,https://image.tmdb.org/t/p/original/lGi5yio4pdDz5PkSeZCbnMQz5vK.jpg
365,Contact,686,https://image.tmdb.org/t/p/original/bCpMIywuNZeWt3i5UMLEIc0VSwM.jpg
366,Hollow Man,9383,https://image.tmdb.org/t/p/original/sd3qUIv5uoP2oTbqv66CzXSPjKG.jpg
367,The Interpreter,179,https://image.tmdb.org/t/p/original/wTidq3J9fh8sEOAlD8WZFHVLSuB.jpg
368,Percy Jackson: Sea of Monsters,76285,https://image.tmdb.org/t/p/original/tAu90qEpLqwqiZLsMqpaMVr55oN.jpg
369,Lara Croft Tomb Raider: The Cradle of Life,1996,https://image.tmdb.org/t/p/original/ylIEGeAr2ygSClK4FDj9mi2Ah22.jpg
370,Now You See Me 2,291805,https://image.tmdb.org/t/p/original/A81kDB6a1K86YLlcOtZB27jriJh.jpg
371,The Saint,10003,https://image.tmdb.org/t/p/original/k43wPAVeepqzGwP52dKcknQjquj.jpg
372,Spy Game,1535,https://image.tmdb.org/t/p/original/6y8M1rxjKofQCRKKe6xeV91K2Fc.jpg
373,Mission to Mars,2067,https://image.tmdb.org/t/p/original/cTKWoBpN5Gvi0vpMb9mLtYlwXqT.jpg
374,Rio,46195,https://image.tmdb.org/t/p/original/4nJxhUknKV8Gqdhov8pU1YWDYfb.jpg
375,Bicentennial Man,2277,https://image.tmdb.org/t/p/original/wrs23eO0VEWwOQpXoOasMnlW9Y4.jpg
376,Volcano,10357,https://image.tmdb.org/t/p/original/5xIjktjXuro7anZ6AR58t5ZYWjQ.jpg
377,The Devil's Own,4477,https://image.tmdb.org/t/p/original/3KIPu7H3tST0j4tpqdKpQZUBCQz.jpg
378,K-19: The Widowmaker,8665,https://image.tmdb.org/t/p/original/vImR0HQkJs7Xs2qgdXEUDeX49m0.jpg
379,Conan the Barbarian,9387,https://image.tmdb.org/t/p/original/qw2A587Ee61IwcSOLNFRhuOACZZ.jpg
380,Cinderella Man,921,https://image.tmdb.org/t/p/original/wkeOjIcpuqLMW4GnVowlM9VI0JE.jpg
381,The Nutcracker: The Untold Story,49852,https://image.tmdb.org/t/p/original/8qpovUSOZiqFOpsHoByfKojI8iC.jpg
382,Seabiscuit,4464,https://image.tmdb.org/t/p/original/5m7NfZvxYsSm2YBCJ2VPQf8ziKr.jpg
383,Twister,664,https://image.tmdb.org/t/p/original/d4ie3f6QTvNw40V770Uzo87SDZn.jpg
384,Cast Away,8358,https://image.tmdb.org/t/p/original/7lLJgKnAicAcR5UEuo8xhSMj18w.jpg
385,Happy Feet,9836,https://image.tmdb.org/t/p/original/za41IHkj6LnkilfTzv5B2qmthKD.jpg
386,The Bourne Supremacy,2502,https://image.tmdb.org/t/p/original/g09UIYfShY8uWGMGP3HkvWp8L8n.jpg
387,Air Force One,9772,https://image.tmdb.org/t/p/original/juRFEbyx5JlNuYrZM50vcZmtN78.jpg
388,Ocean's Eleven,161,https://image.tmdb.org/t/p/original/hQQCdZrsHtZyR6NbKH2YyCqd2fR.jpg
389,The Three Musketeers,52451,https://image.tmdb.org/t/p/original/woCADkkDIIKrOMEokbFOEsAYtUa.jpg
390,Hotel Transylvania,76492,https://image.tmdb.org/t/p/original/3sKT6vtydJ4DkTJtdP5pvfpPa0n.jpg
391,Enchanted,4523,https://image.tmdb.org/t/p/original/8KCNzCArLlvLdQoHx6npua2VSVc.jpg
392,Safe House,59961,https://image.tmdb.org/t/p/original/7CBhSjQa07LYt0RGejYjWugGmdV.jpg
393,102 Dalmatians,10481,https://image.tmdb.org/t/p/original/ueE6u2GTECzGBtas6PFx7wwi9y0.jpg
394,Tower Heist,59108,https://image.tmdb.org/t/p/original/jQrroNwP8hbFiUlNMs20emauwPE.jpg
395,The Holiday,1581,https://image.tmdb.org/t/p/original/h1ITOpvJN3Tw4Sy60w2QTfYMvdd.jpg
396,Enemy of the State,9798,https://image.tmdb.org/t/p/original/x9pXrMKLsBGGOFyyZ0Gwt9YpVub.jpg
397,It's Complicated,22897,https://image.tmdb.org/t/p/original/bmjPrJgrGENFRrERP7lCJ9FGIVB.jpg
398,Ocean's Thirteen,298,https://image.tmdb.org/t/p/original/pBsZs4zYUiUTemqbikTZ76iQRaU.jpg
399,Open Season,7484,https://image.tmdb.org/t/p/original/w5Lctmkc1yah215Luxmci4djaiW.jpg
400,Divergent,157350,https://image.tmdb.org/t/p/original/aNh4Q3iuPKDMPi2SL7GgOpiLukX.jpg
401,Enemy at the Gates,853,https://image.tmdb.org/t/p/original/9cSoNnB31hGY2mL78VT8mAbz6nR.jpg
402,The Rundown,10159,https://image.tmdb.org/t/p/original/dJX06UwlLIwbLLt9UQ6DlkHF4jz.jpg
403,Last Action Hero,9593,https://image.tmdb.org/t/p/original/vkhEaWAv5j3qgrOGp3BgMeiYPKj.jpg
404,Memoirs of a Geisha,1904,https://image.tmdb.org/t/p/original/9twKlPKD5Qd2EXX8lohW4zL8zQ8.jpg
405,The Fast and the Furious: Tokyo Drift,9615,https://image.tmdb.org/t/p/original/46xqGOwHbh2TH2avWSw3SMXph4E.jpg
406,Arthur Christmas,51052,https://image.tmdb.org/t/p/original/brELZkSbkLrcCXJ0xt5hQUMXhut.jpg
407,Meet Joe Black,297,https://image.tmdb.org/t/p/original/fDPAjvfPMomkKF7cMRmL5Anak61.jpg
408,Collateral Damage,9884,https://image.tmdb.org/t/p/original/rALb2pU8QQGIlYdHezB2F5kwecI.jpg
409,All That Jazz,16858,https://image.tmdb.org/t/p/original/culCEdj4srLljefgn4XKd6k3C5t.jpg
410,Mirror Mirror,62764,https://image.tmdb.org/t/p/original/pys6zIJN8Sxlk2Ss2GZuYuXPbtw.jpg
411,Scott Pilgrim vs. the World,22538,https://image.tmdb.org/t/p/original/g5IoYeudx9XBEfwNL0fHvSckLBz.jpg
412,The Core,9341,https://image.tmdb.org/t/p/original/iMPR3OFhKNVvJw4eZoRhf9RzfHJ.jpg
413,Nutty Professor II: The Klumps,12107,https://image.tmdb.org/t/p/original/7HlhufckAoQb1yIu3FNu339Iuv4.jpg
414,Scooby-Doo,9637,https://image.tmdb.org/t/p/original/mTAiBJGg8mqEfnYHHbi37ZoRSZm.jpg
415,Dredd,49049,https://image.tmdb.org/t/p/original/wLx65gtGVnUFCxceHWGszcruCZj.jpg
416,Click,9339,https://image.tmdb.org/t/p/original/oL0k5JA53PyoHSZqKb3cNkhwBCE.jpg
417,Creepshow,16281,https://image.tmdb.org/t/p/original/4SoyTCEpsgLjX6yAyMsx3AsAyRQ.jpg
418,Cats & Dogs 2 : The Revenge of Kitty Galore,39691,https://image.tmdb.org/t/p/original/nTsZT66I4U3aS9ezLdOKacfvo8T.jpg
419,Jumper,8247,https://image.tmdb.org/t/p/original/3pPZ9JhNz3VMmASVir5SMHvTDUU.jpg
420,Hellboy II: The Golden Army,11253,https://image.tmdb.org/t/p/original/zO0Wdrxnhx3KoJEvychSmnY3urC.jpg
421,Zodiac,1949,https://image.tmdb.org/t/p/original/6YmeO4pB7XTh8P8F960O1uA14JO.jpg
422,The 6th Day,8452,https://image.tmdb.org/t/p/original/rODFJOFiPk1UVCe4pmBza8T6feO.jpg
423,Bruce Almighty,310,https://image.tmdb.org/t/p/original/3XJKBKh9Km89EoUEitVTSnrlAkZ.jpg
424,The Expendables,27578,https://image.tmdb.org/t/p/original/j09ZkH6R4JWVylBcDai1laCmGw7.jpg
425,Mission: Impossible,954,https://image.tmdb.org/t/p/original/l5uxY5m5OInWpcExIpKG6AR3rgL.jpg
426,The Hunger Games,70160,https://image.tmdb.org/t/p/original/yXCbOiVDCxO71zI7cuwBRXdftq8.jpg
427,The Hangover Part II,45243,https://image.tmdb.org/t/p/original/7sGkjqorTHkaHTz8Q4WWHj8JL9t.jpg
428,Batman Returns,364,https://image.tmdb.org/t/p/original/jKBjeXM7iBBV9UkUcOXx3m7FSHY.jpg
429,Over the Hedge,7518,https://image.tmdb.org/t/p/original/jtZnymorbnHY7mOiBXR14ZDJseM.jpg
430,Lilo & Stitch,11544,https://image.tmdb.org/t/p/original/m13Vbzv7R2GMAl3GXFrkmMEgCFQ.jpg
431,Charlotte's Web,9986,https://image.tmdb.org/t/p/original/fU0IR5HF8KxQbZijuWKPTrY81Qv.jpg
432,Deep Impact,8656,https://image.tmdb.org/t/p/original/a3vQS7JKqlOb3MdVJHuTCP9s7Mg.jpg
433,RED 2,146216,https://image.tmdb.org/t/p/original/tbksijr6g340yFWRgI4JfwrtM9h.jpg
434,The Longest Yard,9291,https://image.tmdb.org/t/p/original/nbKcVBcxF96ARW2oKHqDYAcLdu.jpg
435,Alvin and the Chipmunks: Chipwrecked,55301,https://image.tmdb.org/t/p/original/npOXWVoZyl8UrF2wtByHtfmsWSX.jpg
436,Grown Ups 2,109418,https://image.tmdb.org/t/p/original/hT6ijOtjtYrnyDhN7VA2QWyGFAm.jpg
437,Get Smart,11665,https://image.tmdb.org/t/p/original/sZUjbtUS8qxXp4mj90evnqPJqX7.jpg
438,Something's Gotta Give,6964,https://image.tmdb.org/t/p/original/1cpdqe0SpiHzzbOLq9GDUUlZdSl.jpg
439,Shutter Island,11324,https://image.tmdb.org/t/p/original/nrmXQ0zcZUL8jFLrakWc90IR8z9.jpg
440,Four Christmases,12193,https://image.tmdb.org/t/p/original/zixj44TC7rwzpxtJAG5OzFJnEqe.jpg
441,Robots,9928,https://image.tmdb.org/t/p/original/fnKCh67l2DDG9NxxIlk9IpsXQ99.jpg
442,Face/Off,754,https://image.tmdb.org/t/p/original/69Xzn8UdPbVnmqSChKz2RTpoNfB.jpg
443,Bedtime Stories,10202,https://image.tmdb.org/t/p/original/rSOnWm8ahvgThYp8TKGRUTcvsyw.jpg
444,Road to Perdition,4147,https://image.tmdb.org/t/p/original/loSpBeirRfTPJ3cMIqpQArstGhh.jpg
445,Just Go with It,50546,https://image.tmdb.org/t/p/original/ez1EDULOCUUCySHOZU6tz97qbtM.jpg
446,Con Air,1701,https://image.tmdb.org/t/p/original/kOKjgrEzGOP92rVQ6srA9jtp60l.jpg
447,Eagle Eye,13027,https://image.tmdb.org/t/p/original/9KCOv0hL37IN3tWG3j86eZg3xDH.jpg
448,Cold Mountain,2289,https://image.tmdb.org/t/p/original/j0AJeeR5CQPDFh0otyWyCWREHO8.jpg
449,The Book of Eli,20504,https://image.tmdb.org/t/p/original/1H1y9ZiqNFaLgQiRDDZLA55PviW.jpg
450,Flubber,9574,https://image.tmdb.org/t/p/original/bnKvk04icAyCO1KjqhsaEXBO9aJ.jpg
451,The Haunting,11618,https://image.tmdb.org/t/p/original/xwLldS5JnB4441iS50ha9ZrkaA8.jpg
452,Space Jam,2300,https://image.tmdb.org/t/p/original/4RN5El3Pj2W4gpwgiAGLVfSJv2g.jpg
453,The Pink Panther,12096,https://image.tmdb.org/t/p/original/57ViRkdsddHLK32W8Nf3ZPLSAu4.jpg
454,The Day the Earth Stood Still,10200,https://image.tmdb.org/t/p/original/vBgFSYmG5tb7GsZ3tHR0WNaWaxA.jpg
455,Conspiracy Theory,8834,https://image.tmdb.org/t/p/original/aPFpliJKIXivPoNK4jrMzQzuyYZ.jpg
456,Fury,228150,https://image.tmdb.org/t/p/original/pfte7wdMobMF4CVHuOxyu6oqeeA.jpg
457,Six Days Seven Nights,6068,https://image.tmdb.org/t/p/original/fzWrrCzRa16v51TXAUuT6Wendw7.jpg
458,Yogi Bear,41515,https://image.tmdb.org/t/p/original/oUga2DgHM8Xpe9yjxz8rVIafwD7.jpg
459,Spirit: Stallion of the Cimarron,9023,https://image.tmdb.org/t/p/original/cUgYrz4twiJ3QgVGpRfey984NIB.jpg
460,Zookeeper,38317,https://image.tmdb.org/t/p/original/y3b4AYw8dr4hIKTfEAjxUxx0z8G.jpg
461,Lost in Space,2157,https://image.tmdb.org/t/p/original/fCocPDUFuKswY2GxDdfYsT9BXMd.jpg
462,The Manchurian Candidate,14462,https://image.tmdb.org/t/p/original/4xEWtEbKK2EXMZ8UPff8hDCSiVW.jpg
463,Déjà Vu,161795,https://image.tmdb.org/t/p/original/1fAIdDUVhQaqBr4lVPOeEiNPA3l.jpg
464,Hotel Transylvania 2,159824,https://image.tmdb.org/t/p/original/3nFnrivNgipSKZ8LZJJbRSlAcTR.jpg
465,Fantasia 2000,49948,https://image.tmdb.org/t/p/original/5rwAtUaKEK48CPUijVfVU0IPKPZ.jpg
466,The Time Machine,2135,https://image.tmdb.org/t/p/original/9QB6wIc6XOtoi02uUCLSvY0onSL.jpg
467,Mighty Joe Young,9822,https://image.tmdb.org/t/p/original/93oAWBl6UIEmeknmRKbUkVq4cKl.jpg
468,Swordfish,9705,https://image.tmdb.org/t/p/original/mM6h4jMqC4q5IaFgBIGKQDLnRU.jpg
469,The Legend of Zorro,1656,https://image.tmdb.org/t/p/original/duZDsuIA2uX93Vujtm89oHeTFqE.jpg
470,What Dreams May Come,12159,https://image.tmdb.org/t/p/original/2gUfJKfJ6LwdqQebiAWuNzIWyp9.jpg
471,Little Nicky,9678,https://image.tmdb.org/t/p/original/AudA8gnTWSBWXBHSBHnr3HHUXXM.jpg
472,The Brothers Grimm,4442,https://image.tmdb.org/t/p/original/v6J7QGCSrtvwvqAt6783BbO3h61.jpg
473,Mars Attacks!,75,https://image.tmdb.org/t/p/original/bGxhc8Cd908XbDxg5baDvbiVzUI.jpg
474,Évolution,330770,https://image.tmdb.org/t/p/original/sLluKqBaGl0NLOFTtoXLXN9u9G6.jpg
475,The Edge,9433,https://image.tmdb.org/t/p/original/zplJqfuUyqzW0D4jX3W1afl0d7b.jpg
476,Surrogates,19959,https://image.tmdb.org/t/p/original/v3Z0Hbl0oe57njrrIPh0fJPFoo.jpg
477,Thirteen Days,11973,https://image.tmdb.org/t/p/original/aLx9UXH9fK2v6NDMvMyW4X88K3u.jpg
478,Daylight,11228,https://image.tmdb.org/t/p/original/bRWNxtm3q0QvIIM52uQqRIEvpl2.jpg
479,Walking With Dinosaurs,77951,https://image.tmdb.org/t/p/original/kjFQHmx9EXJPqcyY1NlartUXkTE.jpg
480,Battlefield Earth,5491,https://image.tmdb.org/t/p/original/wXCRuBHdJ5aTFQdsuGJFXNdo79T.jpg
481,Looney Tunes: Back in Action,10715,https://image.tmdb.org/t/p/original/q0kntpdsHA0QdYjpQdNBqrVTdQq.jpg
482,Nine,10197,https://image.tmdb.org/t/p/original/bSxdTXktgPQPNwlkQ0DZtuAJXlb.jpg
483,Timeline,9562,https://image.tmdb.org/t/p/original/uOCIrFOT4U9QXML3SLlpCxGs7BV.jpg
484,The Postman,9922,https://image.tmdb.org/t/p/original/piVzOuKFLHNGLxnjwNtibC26lTy.jpg
485,Babe: Pig in the City,9447,https://image.tmdb.org/t/p/original/glO6LcTWUZcbxWT2SB4eRDnFSsP.jpg
486,The Last Witch Hunter,274854,https://image.tmdb.org/t/p/original/gPA6PFBQPlAY7sCOCKKSSB7HyNl.jpg
487,Red Planet,8870,https://image.tmdb.org/t/p/original/6svTVlVEJDoOOEz1G09HLeb7vtF.jpg
488,Arthur et les Minimoys,9992,https://image.tmdb.org/t/p/original/upUThZb86dfKNgJWVIGtVp940Sx.jpg
489,Oceans,36970,https://image.tmdb.org/t/p/original/kIT3G7QoV1vatMCL8TAA3xnkO2V.jpg
490,A Sound of Thunder,10077,https://image.tmdb.org/t/p/original/xJ1BVHMOywEF55nCZC6g57CIJho.jpg
491,Pompeii,76649,https://image.tmdb.org/t/p/original/dxxM3lLDjGRC50i5rhvfQziskAN.jpg
492,Don Gato: El inicio de la pandilla,293644,https://image.tmdb.org/t/p/original/qqgXfEgWUm3GjQ1QorETpACXeZQ.jpg
493,A Beautiful Mind,453,https://image.tmdb.org/t/p/original/rEIg5yJdNOt9fmX4P8gU9LeNoTQ.jpg
494,The Lion King,8587,https://image.tmdb.org/t/p/original/sKCr78MXSLixwmZ8DyJLrpMsd15.jpg
495,Journey 2: The Mysterious Island,72545,https://image.tmdb.org/t/p/original/8WbZOiplh0xuVNVYhYPxsLa7BM5.jpg
496,Cloudy with a Chance of Meatballs 2,109451,https://image.tmdb.org/t/p/original/ss5NcK2NWFg2YcKKYXLrk8q1myS.jpg
497,Red Dragon,9533,https://image.tmdb.org/t/p/original/S8ozwficrsdBF1V8glQyCMzGg5.jpg
498,Hidalgo,2023,https://image.tmdb.org/t/p/original/iGzENlBPYJEFWZnye4t3nqWSSp1.jpg
499,Jack and Jill,71880,https://image.tmdb.org/t/p/original/kFeAxmZvu0TE4iuLRHQD6Cej8Wf.jpg
500,2 Fast 2 Furious,584,https://image.tmdb.org/t/p/original/6nDZExrDKIXvSAghsFKVFRVJuSf.jpg
501,The Little Prince,309809,https://image.tmdb.org/t/p/original/je5Z7gbFTzrs3FPHINo9yGiHoVo.jpg
502,The Invasion,4858,https://image.tmdb.org/t/p/original/zEODKtBm9JUuylFLpsrA93Juozv.jpg
503,The Adventures of Rocky & Bullwinkle,17711,https://image.tmdb.org/t/p/original/xCFSsftt2rglC81I6QLWcZSTCBM.jpg
504,The Secret Life of Pets,328111,https://image.tmdb.org/t/p/original/bc3rCMgP4bbxNqGQCRlpJyU8otF.jpg
505,The League of Extraordinary Gentlemen,8698,https://image.tmdb.org/t/p/original/kdAuVFP63XXxnb983ry2pLCKd9S.jpg
506,Despicable Me 2,93456,https://image.tmdb.org/t/p/original/oyMPJJZoOpLHgJoFPUOn6DgkbWJ.jpg
507,Independence Day,602,https://image.tmdb.org/t/p/original/p0BPQGSPoSa8Ml0DAf2mB2kCU0R.jpg
508,The Lost World: Jurassic Park,330,https://image.tmdb.org/t/p/original/6fSkhv35nPSw9hwPVCMINQFG1WD.jpg
509,Madagascar,953,https://image.tmdb.org/t/p/original/zMpJY5CJKUufG9OTw0In4eAFqPX.jpg
510,Children of Men,9693,https://image.tmdb.org/t/p/original/8Xgvmx7WWc7Z9Ws9RAYk7uya2kh.jpg
511,X-Men,36657,https://image.tmdb.org/t/p/original/bRDAc4GogyS9ci3ow7UnInOcriN.jpg
512,Wanted,8909,https://image.tmdb.org/t/p/original/9ajbORY7zQrdxlMF2QPfIqTLfg7.jpg
513,The Rock,9802,https://image.tmdb.org/t/p/original/j5mxLNWjUlXUUk8weFBtnF4afIR.jpg
514,Ice Age: The Meltdown,950,https://image.tmdb.org/t/p/original/zDduhCHasKQ9YOTvlOreHem7Wbi.jpg
515,50 First Dates,1824,https://image.tmdb.org/t/p/original/5NxTW4SS6aUKZYnbQzh7UYNivd.jpg
516,Hairspray,2976,https://image.tmdb.org/t/p/original/fgMka3HtFvI5OgW1eYdR9XpySxH.jpg
517,Exorcist: The Beginning,11026,https://image.tmdb.org/t/p/original/4b7Mhc4HZN7XzMMLukaQ9C0x1Dx.jpg
518,Inspector Gadget,332,https://image.tmdb.org/t/p/original/dDcsv1Lql5aM6H4JYfDHjBAXKgT.jpg
519,Now You See Me,75656,https://image.tmdb.org/t/p/original/tWsNYbrqy1p1w6K9zRk0mSchztT.jpg
520,Grown Ups,38365,https://image.tmdb.org/t/p/original/ys0LscDFAuZxfUcpH5moiPeFfXs.jpg
521,The Terminal,594,https://image.tmdb.org/t/p/original/cPB3ZMM4UdsSAhNdS4c7ps5nypY.jpg
522,Hotel for Dogs,15189,https://image.tmdb.org/t/p/original/xD2AssTeySNCamlGueai4yAZZfX.jpg
523,Vertical Limit,11678,https://image.tmdb.org/t/p/original/kpqQUEi8eAyYHMDFACf6YlnPIu7.jpg
524,Charlie Wilson's War,6538,https://image.tmdb.org/t/p/original/45FghqcdSYRWK7PsHUInaFPNd8l.jpg
525,Shark Tale,10555,https://image.tmdb.org/t/p/original/r08DpyPyhXcJTfNZAICNGMzcQ8l.jpg
526,Dreamgirls,1125,https://image.tmdb.org/t/p/original/sG5JyOj8Spe13QkNJMH8b5kzQUh.jpg
527,Be Cool,4551,https://image.tmdb.org/t/p/original/ekKCH7Zkb5ZTr1f1AczZY23FH.jpg
528,Munich,612,https://image.tmdb.org/t/p/original/iUekaw96QLInZpsNwRTlRKrZgwm.jpg
529,Tears of the Sun,9567,https://image.tmdb.org/t/p/original/fszAQ7bEuO3cLTXZUSXCas28MgE.jpg
530,Killers,37821,https://image.tmdb.org/t/p/original/9VB8vGV4Aznf6GUc9C7a1EzGHLz.jpg
531,The Man from U.N.C.L.E.,203801,https://image.tmdb.org/t/p/original/y5yZaForGSJbPD66Cvq9AT5WMAD.jpg
532,Spanglish,2539,https://image.tmdb.org/t/p/original/bKXOxfSKsns5SepD3jeNuBD1m1X.jpg
533,Monster House,9297,https://image.tmdb.org/t/p/original/zCRPr4bkO3ae0U1134vJ39xZnAG.jpg
534,Bandits,3172,https://image.tmdb.org/t/p/original/67AUAkiT4rbgqN7SNlIJn0zWZqU.jpg
535,First Knight,6520,https://image.tmdb.org/t/p/original/xuXkCcrvUTkehVXuTGpnfySsx0Z.jpg
536,Anna and the King,1439,https://image.tmdb.org/t/p/original/PIlOkljucv7HnvATbn4JwrAvSn.jpg
537,Immortals,37958,https://image.tmdb.org/t/p/original/4SPPX5KIyaQ9O8n5rLvvUIiIhpF.jpg
538,Hostage,2026,https://image.tmdb.org/t/p/original/vjhLmtjO2pMQXRgkxcwZoq2Ma8n.jpg
539,Titan A.E.,7450,https://image.tmdb.org/t/p/original/el2iHk3LTJWfEnwrvcRkvWY501G.jpg
540,Hollywood Homicide,11375,https://image.tmdb.org/t/p/original/Am7AhZYG7HLksY5E35oaEJ3Desz.jpg
541,Soldier,9425,https://image.tmdb.org/t/p/original/rYy5m4nnjdlvB6dyGkP9ELZbUZz.jpg
542,Carriers,25769,https://image.tmdb.org/t/p/original/jxjnjHtHXgvjdhkwpelE9ZwVMg6.jpg
543,Monkeybone,23685,https://image.tmdb.org/t/p/original/lgH7Wej9922C1MQv0wciAfesKH8.jpg
544,Flight of the Phoenix,11866,https://image.tmdb.org/t/p/original/pcj6unMsKCw0ogWFlUXmbc9gKap.jpg
545,Unbreakable,9741,https://image.tmdb.org/t/p/original/mLuehrGLiK5zFCyRmDDOH6gbfPf.jpg
546,Minions,211672,https://image.tmdb.org/t/p/original/dr02BdCNAUPVU07aOodwPYv6HCf.jpg
547,Sucker Punch,23629,https://image.tmdb.org/t/p/original/jtaUDnvIiHUd2ranDcjB5AbPx6o.jpg
548,Snake Eyes,8688,https://image.tmdb.org/t/p/original/gsh9mQKRrr4M90XC9Rr0wxefc9u.jpg
549,Sphere,10153,https://image.tmdb.org/t/p/original/reR7C7EYe3DiHm5OYpA0ACUMDld.jpg
550,The Angry Birds Movie,153518,https://image.tmdb.org/t/p/original/iOH0fEFtV9z9rZp9zmBFGGeWicv.jpg
551,Fool's Gold,8676,https://image.tmdb.org/t/p/original/5pIqVNmWJ87K5dk9tE01o6gknZJ.jpg
552,Funny People,20829,https://image.tmdb.org/t/p/original/gEYKD5cWCBGg8Za3hhwDBk3gEsP.jpg
553,The Kingdom,4349,https://image.tmdb.org/t/p/original/29aerxnj57mwoiu2tSvddYgUR7b.jpg
554,Talladega Nights: The Ballad of Ricky Bobby,9718,https://image.tmdb.org/t/p/original/3iCiTqsmJz1mO85AHzTiHNkRmb6.jpg
555,Dr. Dolittle 2,10808,https://image.tmdb.org/t/p/original/asYjHXBoD44B6mLOcZtMfMV3hm1.jpg
556,Braveheart,197,https://image.tmdb.org/t/p/original/or1gBugydmjToAEq7OZY0owwFk.jpg
557,Jarhead,25,https://image.tmdb.org/t/p/original/4rCzaZy5Qkvxh5xaVpHriXSLTgC.jpg
558,The Simpsons Movie,35,https://image.tmdb.org/t/p/original/gzb6P78zeFTnv9eoFYnaJ2YrZ5q.jpg
559,The Majestic,11086,https://image.tmdb.org/t/p/original/m9WrB91B8ghxIZhyFugkoSleBE7.jpg
560,Driven,10477,https://image.tmdb.org/t/p/original/8tJ4Ya8yEyxCMihDumEyvwvUuLB.jpg
561,Deux frères,1997,https://image.tmdb.org/t/p/original/5I2pRuJI3SZVsxP5iaorGaczzkI.jpg
562,The Village,6947,https://image.tmdb.org/t/p/original/bFVGs3gKDtWOthbD31xG5uQ1PvV.jpg
563,Doctor Dolittle,3050,https://image.tmdb.org/t/p/original/tLrchGMIkdo1KamQJA6fwvDQEy0.jpg
564,Signs,2675,https://image.tmdb.org/t/p/original/hyZkNEbNgnciUVTyu4NZTjlCh4L.jpg
565,Shrek 2,809,https://image.tmdb.org/t/p/original/2yYP0PQjG8zVqturh1BAqu2Tixl.jpg
566,Cars,920,https://image.tmdb.org/t/p/original/2Touk3m5gzsqr1VsvxypdyHY5ci.jpg
567,Runaway Bride,4806,https://image.tmdb.org/t/p/original/wzivR0yWJStVdhcl0A5rQvVdTQ7.jpg
568,xXx,7451,https://image.tmdb.org/t/p/original/xeEw3eLeSFmJgXZzmF2Efww0q3s.jpg
569,The SpongeBob Movie: Sponge Out of Water,228165,https://image.tmdb.org/t/p/original/2WDmjUlSAPlA27i2OwEC7sRTFw3.jpg
570,Ransom,3595,https://image.tmdb.org/t/p/original/4nmOA5ZOY2VlHzwSlKY03sF2JUz.jpg
571,Inglourious Basterds,16869,https://image.tmdb.org/t/p/original/7sfbEnaARXDDhKm0CZ7D7uc2sbo.jpg
572,Hook,879,https://image.tmdb.org/t/p/original/a6rB1lGXoGms7gWxRfJneQmAjNV.jpg
573,Die Hard 2,1573,https://image.tmdb.org/t/p/original/lDFO7D4MdbhjOwaPwe18QG69Rt0.jpg
574,S.W.A.T.,9257,https://image.tmdb.org/t/p/original/bon63yPVIgUFLP2653Dg9GCOJLJ.jpg
575,Vanilla Sky,1903,https://image.tmdb.org/t/p/original/cAh2pCiNPftsY3aSqJuIOde7uWr.jpg
576,Lady in the Water,9697,https://image.tmdb.org/t/p/original/ddNmoSy1Jd3PBF5XDZvrrBIfrja.jpg
577,AVP: Alien vs. Predator,395,https://image.tmdb.org/t/p/original/ySWu5bCnnmgV1cVacvFnFIhgOjp.jpg
578,Alvin and the Chipmunks: The Squeakquel,23398,https://image.tmdb.org/t/p/original/8mdPqOga5fty15nXmaNcK1fsNMa.jpg
579,We Were Soldiers,10590,https://image.tmdb.org/t/p/original/d5uupBAORxnFNbkNQ2G0Bi2cpY8.jpg
580,Olympus Has Fallen,117263,https://image.tmdb.org/t/p/original/gKnx04MxnKcf5uOdhHhAAkqcCg.jpg
581,Star Trek: Insurrection,200,https://image.tmdb.org/t/p/original/xQCMAHeg5M9HpDIqanYbWdr4brB.jpg
582,Battle: Los Angeles,44943,https://image.tmdb.org/t/p/original/jloyGeVYZSxM9zsLFvVOWuj2ey4.jpg
583,Big Fish,587,https://image.tmdb.org/t/p/original/tjK063yCgaBAluVU72rZ6PKPH2l.jpg
584,Wolf,10395,https://image.tmdb.org/t/p/original/5TprU55U2zjAMCwr2jQra3zj1zu.jpg
585,War Horse,57212,https://image.tmdb.org/t/p/original/3aRHhvvngFPJFy5uAjo7GVr3PhL.jpg
586,The Monuments Men,152760,https://image.tmdb.org/t/p/original/wiWAg4mKV2S4vImPxsPRIdj2R2B.jpg
587,The Abyss,2756,https://image.tmdb.org/t/p/original/2dCit3XAtv9KWCJvRKdPkJ0FAkH.jpg
588,Wall Street: Money Never Sleeps,33909,https://image.tmdb.org/t/p/original/i9DFTWbD6mpM6UT3HlzZwlA92l4.jpg
589,Dracula Untold,49017,https://image.tmdb.org/t/p/original/vNiGjujwwGP9DxHj5Bga0ctgGaY.jpg
590,The Siege,9882,https://image.tmdb.org/t/p/original/gbeeWu8rYaIYMyq9ayN1AepjNxP.jpg
591,Stardust,2270,https://image.tmdb.org/t/p/original/7zbFmxy3DqKYL2M8Hop6uylp2Uy.jpg
592,Seven Years in Tibet,978,https://image.tmdb.org/t/p/original/5euQXAgJ34TdUFl1t3O6Jw2lJAs.jpg
593,The Dilemma,44564,https://image.tmdb.org/t/p/original/a7EVBTqeh6NoCFDW24qIp11kyi9.jpg
594,Bad Company,3132,https://image.tmdb.org/t/p/original/umu141mcfIEhRLgyQp7TWlGJFW.jpg
595,Doom,8814,https://image.tmdb.org/t/p/original/y50lH061yWOvEstoZRn7lYs0huk.jpg
596,I Spy,8427,https://image.tmdb.org/t/p/original/hmjCMtkeqxruMVocq7iwMx899xi.jpg
597,Underworld: Awakening,52520,https://image.tmdb.org/t/p/original/jN0uuc8U6M3sTg9zEaliJV60Stf.jpg
598,Rock of Ages,80585,https://image.tmdb.org/t/p/original/oVeE2QTUb14jPU2lYEGPE3s8T9j.jpg
599,Hart's War,10592,https://image.tmdb.org/t/p/original/yRUhSU7vzs5ePa72LNPcKKCCMZ5.jpg
600,Killer Elite,49021,https://image.tmdb.org/t/p/original/7O2U0WPFPSvNSUYZlhbnV081lBF.jpg
601,Rollerball,11535,https://image.tmdb.org/t/p/original/5Wquo3EjfDpK7S1BHcybuC3TZDO.jpg
602,Ballistic: Ecks vs. Sever,10550,https://image.tmdb.org/t/p/original/7Jcb486hN7hQRZTsb0RybFGeDOQ.jpg
603,Hard Rain,11258,https://image.tmdb.org/t/p/original/aOZ8iC7Zr8Eh4I9kdmEgxazq7qy.jpg
604,Osmosis Jones,12610,https://image.tmdb.org/t/p/original/foZpSG88IQUCEBJE3unc5QzO6bQ.jpg
605,Legends of Oz: Dorothy's Return,59981,https://image.tmdb.org/t/p/original/5XiNCjFudNX0Wj5LanPuIb8E9pU.jpg
606,Blackhat,201088,https://image.tmdb.org/t/p/original/7zu6HPnKPjNA7NuR4DGRdaH0PdX.jpg
607,Sky Captain and the World of Tomorrow,5137,https://image.tmdb.org/t/p/original/cO73CS7XKRPfGYh6G36StnhswQc.jpg
608,Basic Instinct 2,3093,https://image.tmdb.org/t/p/original/70klhSzfgEhmYCOVdsBONunbgbH.jpg
609,Escape Plan,107846,https://image.tmdb.org/t/p/original/qOZPLflxDqKogu9v9hYw3lolxGs.jpg
610,The Legend of Hercules,188207,https://image.tmdb.org/t/p/original/aAnRHLq50AbGWEibXHjmLbp2Tze.jpg
611,The Sum of All Fears,4614,https://image.tmdb.org/t/p/original/3E4LW4bjRhEMDeeXeIsmkJ94v8K.jpg
612,The Twilight Saga: Eclipse,24021,https://image.tmdb.org/t/p/original/3mFM80dPzSqoXXuC2UMvLIRWX32.jpg
613,The Score,11371,https://image.tmdb.org/t/p/original/fsb4m9XW59mei8GKznvI3lLzcfp.jpg
614,Despicable Me,20352,https://image.tmdb.org/t/p/original/9lOloREsAhBu0pEtU0BgeR1rHyo.jpg
615,Money Train,11517,https://image.tmdb.org/t/p/original/jWBDz6Mf9aQVBiUS76JQsEhvoJl.jpg
616,Ted 2,214756,https://image.tmdb.org/t/p/original/38C91I7Xft0gyY7BITm8i4yvuRb.jpg
617,Agora,26428,https://image.tmdb.org/t/p/original/1xsFa6I5vDd2UI1AJ1tsW7BUChv.jpg
618,Mystery Men,9824,https://image.tmdb.org/t/p/original/ciVSbFmDecOIwlxl9F6GhHVgCVJ.jpg
619,Hall Pass,48988,https://image.tmdb.org/t/p/original/eol3uD6whQKOKCmmhF7z39fq2Pe.jpg
620,The Insider,9008,https://image.tmdb.org/t/p/original/jJCyIBPfvk41uETq6K6u4upyGO8.jpg
621,The Finest Hours,300673,https://image.tmdb.org/t/p/original/6UG91TJ4DKI6FGdqXZfDBeRZHX8.jpg
622,Body of Lies,12113,https://image.tmdb.org/t/p/original/rNEZug6er0bIj9LVN2JaQig6oZy.jpg
623,Dinner for Schmucks,38778,https://image.tmdb.org/t/p/original/djwkUFhkM81gIsI9ZZ7I6ajZAKY.jpg
624,Abraham Lincoln: Vampire Hunter,72331,https://image.tmdb.org/t/p/original/qv8deK0ZmutAuEpejruQKApIy6r.jpg
625,Entrapment,1844,https://image.tmdb.org/t/p/original/onEHQY4M22CluNfocJRGsVg0dK6.jpg
626,The X Files,846,https://image.tmdb.org/t/p/original/yLIw6shz2WC3W3iI0jROsF4B2ha.jpg
627,The Last Legion,9703,https://image.tmdb.org/t/p/original/k2jaEoOsTEMqSskBJm3gfcuxNEc.jpg
628,Saving Private Ryan,857,https://image.tmdb.org/t/p/original/uqx37cS8cpHg8U35f9U5IBlrCV3.jpg
629,Need for Speed,136797,https://image.tmdb.org/t/p/original/z42kyMizgDKetejusZgucSQsQ4l.jpg
630,What Women Want,3981,https://image.tmdb.org/t/p/original/eqkBEMDk1316Yx5wVoabWY07JAi.jpg
631,Ice Age,425,https://image.tmdb.org/t/p/original/gLhHHZUzeseRXShoDyC4VqLgsNv.jpg
632,Dreamcatcher,6171,https://image.tmdb.org/t/p/original/lLhvwLNU4pLgvaNREVFaQ4n3lCf.jpg
633,Lincoln,72976,https://image.tmdb.org/t/p/original/5KeUqW6DpVtf8G9VMuI2l0XIPCo.jpg
634,The Matrix,603,https://image.tmdb.org/t/p/original/p96dm7sCMn4VYAStA6siNz30G1r.jpg
635,Apollo 13,568,https://image.tmdb.org/t/p/original/oYUZHYMwNKnE1ef4WE5Hw2a9OAY.jpg
636,The Santa Clause 2,9021,https://image.tmdb.org/t/p/original/2EAMkz0z1pbr9weOY1Y7buy2AxV.jpg
637,Les Misérables,82695,https://image.tmdb.org/t/p/original/6CuzBs2Lb8At7qQr64mLXg2RYRb.jpg
638,You've Got Mail,9489,https://image.tmdb.org/t/p/original/e2uVtH6TpMfUl7WeOM70ezkcjsU.jpg
639,Step Brothers,12133,https://image.tmdb.org/t/p/original/wRR6U3K3v2iQsG3uw7ehz1ctRyT.jpg
640,The Mask of Zorro,9342,https://image.tmdb.org/t/p/original/bdMufwGDDzqu4kTSQwrKc5WR4bu.jpg
641,Due Date,41733,https://image.tmdb.org/t/p/original/sBxWS09pOOyXZ0dcnqfqqCAQGan.jpg
642,Unbroken,227306,https://image.tmdb.org/t/p/original/vAlHUjHwLWMV5mg4epGR9WSIfiy.jpg
643,Space Cowboys,5551,https://image.tmdb.org/t/p/original/hPzt1bbA1sUDQOl6Vujmyz2hjLN.jpg
644,Cliffhanger,9350,https://image.tmdb.org/t/p/original/8v2nPPLvhEVlfXu08UZ0djK31be.jpg
645,Broken Arrow,9208,https://image.tmdb.org/t/p/original/iBPMwYYJFvdCBkXrwV75peo5Lz2.jpg
646,The Kid,4244,https://image.tmdb.org/t/p/original/kMRZhiF08nDiO5aRb81Np5a4d6p.jpg
647,World Trade Center,1852,https://image.tmdb.org/t/p/original/bfTiVc8kxq8uRXeblV3Ct35APGu.jpg
648,Mona Lisa Smile,11820,https://image.tmdb.org/t/p/original/bg0VKsXnLjIZ0cHmZHZLs9gzrvm.jpg
649,The Dictator,76493,https://image.tmdb.org/t/p/original/n0W7kajF4GFMRk2c0wWwMQqTaDM.jpg
650,Eyes Wide Shut,345,https://image.tmdb.org/t/p/original/knEIz1eNGl5MQDbrEAVWA7iRqF9.jpg
651,Annie,196867,https://image.tmdb.org/t/p/original/aKAM9V0izx4VhsdyAdBvAB26UCZ.jpg
652,Focus,256591,https://image.tmdb.org/t/p/original/lOzGWjceYTd0kd5HyX7Ch46O9kh.jpg
653,This Means War,59962,https://image.tmdb.org/t/p/original/7d1hwECRc1NZlGfAeYE42ki7Fem.jpg
654,Blade: Trinity,36648,https://image.tmdb.org/t/p/original/r6ycjrStmmAqiY1oDjAli9NArCa.jpg
655,Red Dawn,1880,https://image.tmdb.org/t/p/original/a2GkHcioc2QEFJbQk1NTB85u3vD.jpg
656,Primary Colors,9440,https://image.tmdb.org/t/p/original/1FDR837wg7bi02F1R7JESCoPWBD.jpg
657,Resident Evil: Retribution,71679,https://image.tmdb.org/t/p/original/ohdUDWVlcbuWphaLu6wS91xdJ73.jpg
658,Death Race,10483,https://image.tmdb.org/t/p/original/5A79GeOb3uChQ0l0ZDjDyODKQp3.jpg
659,The Long Kiss Goodnight,11412,https://image.tmdb.org/t/p/original/yREdXX5lMFUKhTvb0ofI7mzUHlR.jpg
660,Proof of Life,11983,https://image.tmdb.org/t/p/original/87rc1kf1t1oiOTGhjBLNYcAFA6c.jpg
661,Zathura: A Space Adventure,6795,https://image.tmdb.org/t/p/original/shUtIadbOk8BAWk4FR0LinbBUmR.jpg
662,Fight Club,550,https://image.tmdb.org/t/p/original/jSziioSwPVrOy9Yow3XhWIBDjq1.jpg
663,We Are Marshall,11170,https://image.tmdb.org/t/p/original/5PSiExbg6Fm8MiPJOikBCOcZFnd.jpg
664,Hudson Hawk,9292,https://image.tmdb.org/t/p/original/gx86iWymEkHng985Tmcl4b7wGNN.jpg
665,Lucky Numbers,10783,https://image.tmdb.org/t/p/original/glmBnEtrmtMypPyg8DiwPZja3Vj.jpg
666,"I, Frankenstein",100241,https://image.tmdb.org/t/p/original/pQkJ1tNsKRvYhwbC8eztLElKrmS.jpg
667,Oliver Twist,257,https://image.tmdb.org/t/p/original/zhPdYZ3x2uanhM1SyBj4CuL6hSa.jpg
668,Elektra,9947,https://image.tmdb.org/t/p/original/9Azi1GBNj3gPPwmQWAMcATg7JOl.jpg
669,Sin City: A Dame to Kill For,189,https://image.tmdb.org/t/p/original/50kALxDX4mmzIRljbNbPY0u4cie.jpg
670,Random Hearts,12618,https://image.tmdb.org/t/p/original/k7LoKDWDesvYD7DXDh9Ewlxtcx8.jpg
671,Everest,253412,https://image.tmdb.org/t/p/original/2jKOu2bjpLP6NXJcm7Ep14bDGtA.jpg
672,Perfume: The Story of a Murderer,1427,https://image.tmdb.org/t/p/original/2wrFrUej8ri5EpjgIkjKTAnr686.jpg
673,Austin Powers in Goldmember,818,https://image.tmdb.org/t/p/original/n8V61f1v7idya4WJzGEJNoIp9iL.jpg
674,Astro Boy,16577,https://image.tmdb.org/t/p/original/jcM6F9Mivs4WZYE3N8MkLYx2ywP.jpg
675,Jurassic Park,329,https://image.tmdb.org/t/p/original/63viWuPfYQjRYLSZSZNq7dglJP5.jpg
676,Wyatt Earp,12160,https://image.tmdb.org/t/p/original/51LItgyecu2KMAtIchYogEykCIu.jpg
677,Clear and Present Danger,9331,https://image.tmdb.org/t/p/original/6xTM8FPxrLRYwz6I3fqtwh7xybs.jpg
678,天將雄師,300168,https://image.tmdb.org/t/p/original/m5yyMErIDbdzVLIDXVBG6EzM1oF.jpg
679,Little Man,9072,https://image.tmdb.org/t/p/original/9KzPw1VN0pMBnq1KIqBaLI8LAB7.jpg
680,U-571,3536,https://image.tmdb.org/t/p/original/yeUhRSrlFcXhsuUai2ozWH6rNnK.jpg
681,The American President,9087,https://image.tmdb.org/t/p/original/yObOAYFIHXHkFPQ3jhgkN2ezaD.jpg
682,The Love Guru,12177,https://image.tmdb.org/t/p/original/sp8AV64ftAZCT9uWfgbCb3olGDW.jpg
683,3000 Miles to Graceland,12138,https://image.tmdb.org/t/p/original/iYFlq63PXbAXLh6QlA2ByQf63Ad.jpg
684,The Hateful Eight,273248,https://image.tmdb.org/t/p/original/jIywvdPjia2t3eKYbjVTcwBQlG8.jpg
685,Blades of Glory,9955,https://image.tmdb.org/t/p/original/xmwxSvRAi6ojxk1snwHSUogmDsv.jpg
686,Hop,50359,https://image.tmdb.org/t/p/original/hRa9MJTgCbSuL3h2CVPwUdYOWJH.jpg
687,300,1271,https://image.tmdb.org/t/p/original/h7Lcio0c9ohxPhSZg42eTlKIVVY.jpg
688,Meet the Fockers,693,https://image.tmdb.org/t/p/original/59fXm6N2x7QSbvt6BaBxTNBXGL8.jpg
689,Marley & Me,14306,https://image.tmdb.org/t/p/original/pnB6hjTKylb0Ve2nUWt16gzkErr.jpg
690,The Green Mile,497,https://image.tmdb.org/t/p/original/8VG8fDNiy50H4FedGwdSVUPoaJe.jpg
691,Wild Hogs,11199,https://image.tmdb.org/t/p/original/qYyPCZcpNGZwbyBo1gwdCiW5hHC.jpg
692,Chicken Little,9982,https://image.tmdb.org/t/p/original/vkhMtzwmAEglnilVNsL3IE6kU0B.jpg
693,Gone Girl,210577,https://image.tmdb.org/t/p/original/ts996lKsxvjkO2yiYG0ht4qAicO.jpg
694,The Bourne Identity,2501,https://image.tmdb.org/t/p/original/aP8swke3gmowbkfZ6lmNidu0y9p.jpg
695,GoldenEye,710,https://image.tmdb.org/t/p/original/z0ljRnNxIO7CRBhLEO0DvLgAFPR.jpg
696,The General's Daughter,2275,https://image.tmdb.org/t/p/original/w8CMN81n7SON7ALPMlxZtOzBZB.jpg
697,The Truman Show,37165,https://image.tmdb.org/t/p/original/vuza0WqY239yBXOadKlGwJsZJFE.jpg
698,The Prince of Egypt,9837,https://image.tmdb.org/t/p/original/2xUjYwL6Ol7TLJPPKs7sYW5PWLX.jpg
699,Daddy Day Care,10708,https://image.tmdb.org/t/p/original/uiey5XUKuPicwpIJMf1OpaOd1jL.jpg
700,2 Guns,136400,https://image.tmdb.org/t/p/original/ptURGAFktibhk7DEAbMazlmNqWa.jpg
701,Cats & Dogs,10992,https://image.tmdb.org/t/p/original/rM6qLVhApXiXYjMuzSFOESUiVaJ.jpg
702,The Italian Job,9654,https://image.tmdb.org/t/p/original/eSkjK4kctyrWpFhxl35GPvSs6tI.jpg
703,Two Weeks Notice,2642,https://image.tmdb.org/t/p/original/r18hSGAcxWiUysbX6nFShIZyjjP.jpg
704,Antz,8916,https://image.tmdb.org/t/p/original/pvpJfkzcqENTSlBKCSImi05WlXK.jpg
705,Couples Retreat,19899,https://image.tmdb.org/t/p/original/igXVSRZsNX3TZsKrQqSyEJvzHRF.jpg
706,Days of Thunder,2119,https://image.tmdb.org/t/p/original/8UvcoeMJag8UWGF8sg7eYspzq0Q.jpg
707,Cheaper by the Dozen 2,9641,https://image.tmdb.org/t/p/original/wD68dEtcKuboxd8bhbqiTTxn6cX.jpg
708,Maze Runner: The Scorch Trials,294254,https://image.tmdb.org/t/p/original/mYw7ZyejqSCPFlrT2jHZOESZDU3.jpg
709,Eat Pray Love,38167,https://image.tmdb.org/t/p/original/nPLoZSLqUeQV37Brm71cRQTVUuY.jpg
710,The Family Man,5994,https://image.tmdb.org/t/p/original/9wToOVsKuf0XeKhlauzCa3D8Gui.jpg
711,RED,39514,https://image.tmdb.org/t/p/original/8eeK3OB5PeSRQD7BpZcGZKkehG.jpg
712,Any Given Sunday,9563,https://image.tmdb.org/t/p/original/bysZeUvSPZPJnku4qkHF34CdgMG.jpg
713,The Horse Whisperer,547,https://image.tmdb.org/t/p/original/ptkDeHY2mRJVyNRyxb9TgyAjTYs.jpg
714,Collateral,1538,https://image.tmdb.org/t/p/original/nV5316WUsVij8sVXLCF1g7TFitg.jpg
715,The Scorpion King,9334,https://image.tmdb.org/t/p/original/aITIsX20tACn6jgtyDcCYpRT216.jpg
716,Ladder 49,11128,https://image.tmdb.org/t/p/original/aJWQNUUHVcI7kvlVdUzPS9J8XHt.jpg
717,Jack Reacher,75780,https://image.tmdb.org/t/p/original/uQBbjrLVsUibWxNDGA4Czzo8lwz.jpg
718,Deep Blue Sea,8914,https://image.tmdb.org/t/p/original/fyn0zyCI4kIlbDoHH0Hzv09hDC5.jpg
719,Michael Jackson's This Is It,13576,https://image.tmdb.org/t/p/original/8GvQzHFSqr9KhyVxLEpB5dXPOWG.jpg
720,Contagion,39538,https://image.tmdb.org/t/p/original/qL0IooP0bjXy0KXl9KEyPo22ll0.jpg
721,Kangaroo Jack,10628,https://image.tmdb.org/t/p/original/nflh9On0de4l7ItCl3n4NVXjmnm.jpg
722,Coraline,14836,https://image.tmdb.org/t/p/original/4jeFXQYytChdZYE9JYO7Un87IlW.jpg
723,The Happening,8645,https://image.tmdb.org/t/p/original/fP4nBrtmc0teSDDHzYmDE7TLQBT.jpg
724,Man on Fire,9509,https://image.tmdb.org/t/p/original/grCGLCcTHv9TChibzOwzUpykcjB.jpg
725,The Shaggy Dog,10067,https://image.tmdb.org/t/p/original/tGX3YyPaYMbjiRwR5PjRsJW7GtM.jpg
726,Starsky & Hutch,9384,https://image.tmdb.org/t/p/original/fmBYVkBjhVspPv3GGus84qhBo1a.jpg
727,Jingle All the Way,9279,https://image.tmdb.org/t/p/original/lHLOUt0ZIQLC5asHdIQBoTUvaEp.jpg
728,Hellboy,1487,https://image.tmdb.org/t/p/original/21hS8mD8uxBVvf8xVYR30LbbmPO.jpg
729,A Civil Action,9422,https://image.tmdb.org/t/p/original/2AVF1cjRGOfaB4oteSzxvHiQ3hR.jpg
730,ParaNorman,77174,https://image.tmdb.org/t/p/original/9DZPtuYTKYxt6vzHvZ5FLThG4fl.jpg
731,The Jackal,4824,https://image.tmdb.org/t/p/original/oXF26QmDEaRaH9Fbhs3NXtcnryx.jpg
732,Paycheck,9620,https://image.tmdb.org/t/p/original/icoa6KslkhXKnxLreZ6vXnDimpQ.jpg
733,Up Close & Personal,9302,https://image.tmdb.org/t/p/original/2yf1pCiQk6JMy4k5zxf39YXQxGB.jpg
734,The Tale of Despereaux,10199,https://image.tmdb.org/t/p/original/6bBzgQ1uJabDHeGR9QvKrHvHYzG.jpg
735,The Tuxedo,10771,https://image.tmdb.org/t/p/original/2agrcNQRtgTsN5SbffC4H2BwYW2.jpg
736,Under Siege 2: Dark Territory,3512,https://image.tmdb.org/t/p/original/gElwFCQTbSK5hdK0PVyia547nst.jpg
737,Jack Ryan: Shadow Recruit,137094,https://image.tmdb.org/t/p/original/m7HcLUodrD4lM4s0Hui1tzO2pjO.jpg
738,Joy,274479,https://image.tmdb.org/t/p/original/nZAs0HbW82TI1i4Xid83M941Pki.jpg
739,London Has Fallen,267860,https://image.tmdb.org/t/p/original/iEbLkYzyiUdOKNK4WNBFyGH7r2Y.jpg
740,Alien: Resurrection,8078,https://image.tmdb.org/t/p/original/9aRDMlU5Zwpysilm0WCWzU2PCFv.jpg
741,Shooter,7485,https://image.tmdb.org/t/p/original/2aWGxo1E5polpBjPvtBRkWp7qaS.jpg
742,The Boxtrolls,170687,https://image.tmdb.org/t/p/original/npBf0yc5Gt7aAyyVOcYtFyT2IPa.jpg
743,Practical Magic,6435,https://image.tmdb.org/t/p/original/AwmToSgf2IL3aHv0QRVsR5KvChv.jpg
744,The Lego Movie,137106,https://image.tmdb.org/t/p/original/lbctonEnewCYZ4FYoTZhs8cidAl.jpg
745,Miss Congeniality 2: Armed and Fabulous,10040,https://image.tmdb.org/t/p/original/gcYoIHND3ugn2VH1cNHHNQasEyI.jpg
746,Reign of Fire,6278,https://image.tmdb.org/t/p/original/vZVXCj3jXzIPJUHLaQohzt2uTM3.jpg
747,Gangster Squad,82682,https://image.tmdb.org/t/p/original/1eW9kFSuTQfyMvZKtxlnwKRBvI.jpg
748,Year One,17610,https://image.tmdb.org/t/p/original/qF573jdJYwtCbXVXPDn4xu8nW2a.jpg
749,Invictus,22954,https://image.tmdb.org/t/p/original/runuhBAAX7PmdjGhqRKCyl4bh7z.jpg
750,State of Play,16995,https://image.tmdb.org/t/p/original/mWsfeSFUM3NxWa62UrA9IIn240B.jpg
751,Duplicity,16558,https://image.tmdb.org/t/p/original/bWVLYz93c7l0sMHz7nDQNej8wnQ.jpg
752,My Favorite Martian,9849,https://image.tmdb.org/t/p/original/pOp4xriDEFUy2uN0BfnHJcjzqWt.jpg
753,The Sentinel,5820,https://image.tmdb.org/t/p/original/wPFVeVYuFhCnnOAZZHpMROCbssE.jpg
754,Planet 51,16866,https://image.tmdb.org/t/p/original/x7Itcg3ZdExKwdKguy73WPEqosW.jpg
755,Star Trek: Nemesis,201,https://image.tmdb.org/t/p/original/cldAwhvBmOv9jrd3bXWuqRHoXyq.jpg
756,Intolerable Cruelty,11775,https://image.tmdb.org/t/p/original/7K8hDwOWsZv0MluyrB8nWlhJOgB.jpg
757,Trouble with the Curve,87825,https://image.tmdb.org/t/p/original/zLZQVmxOj5kICbS5Pq7rB1cbPvP.jpg
758,Edge of Darkness,12201,https://image.tmdb.org/t/p/original/pvHjp1vEFmp5FquSCPQ2O95tIZJ.jpg
759,The Relic,11015,https://image.tmdb.org/t/p/original/fAG4nKPUWEIwGBpP38H64GGV8kl.jpg
760,Analyze That,9932,https://image.tmdb.org/t/p/original/av1JZYL0F1OJyaKw40YKCimyv16.jpg
761,Righteous Kill,13389,https://image.tmdb.org/t/p/original/uriFxRT3eIxGwoo4SgAeMHFfLu8.jpg
762,Mercury Rising,8838,https://image.tmdb.org/t/p/original/uB8qfwqvJA2adiVOwsN5clZS4Lo.jpg
763,The Soloist,17332,https://image.tmdb.org/t/p/original/6GnFN9OTkaoeKNzd2Fbp3ZyJjKi.jpg
764,The Legend of Bagger Vance,4958,https://image.tmdb.org/t/p/original/fsvWRwcE8bD7WHo7BeF8HqWLbIh.jpg
765,Almost Famous,786,https://image.tmdb.org/t/p/original/3rrkyLYbgLj84AYvjhdcJot4JPx.jpg
766,Garfield: A Tail of Two Kitties,9513,https://image.tmdb.org/t/p/original/eRbG8Buz2eFylHL5uX8bTxgoNp9.jpg
767,xXx: State of the Union,11679,https://image.tmdb.org/t/p/original/9Bmvsv11yf4eIHRePul7sFO1Oh.jpg
768,Priest,38321,https://image.tmdb.org/t/p/original/fYHiA7LPGl9DG7m3DUs0Td1VMcO.jpg
769,Sinbad: Legend of the Seven Seas,14411,https://image.tmdb.org/t/p/original/yiW2L1fDiBT7AeWXrykhTNtPrr8.jpg
770,Event Horizon,8413,https://image.tmdb.org/t/p/original/cHoeg3gAD5w63Et5DImY1Jb7HaO.jpg
771,Dragonfly,10052,https://image.tmdb.org/t/p/original/tafDYI10ZhorJ6nmsPqUfzQpRLn.jpg
772,The Black Dahlia,9676,https://image.tmdb.org/t/p/original/bErqP8tuJ24qMPoxKhRe1S9JmUL.jpg
773,Flyboys,9664,https://image.tmdb.org/t/p/original/xezeqrrno6ytLyLrbTXRGUk4rdu.jpg
774,The Last Castle,2100,https://image.tmdb.org/t/p/original/pYnUfauPVK6g8IRO2REYl4TUZ2p.jpg
775,Supernova,10384,https://image.tmdb.org/t/p/original/AmHGUjhgXnOYRYrF2ZYMtzfwxPe.jpg
776,Winter's Tale,137321,https://image.tmdb.org/t/p/original/dwDAUpidqVEql6w1o51VIPlMtbG.jpg
777,The Mortal Instruments: City of Bones,123553,https://image.tmdb.org/t/p/original/zaK1aVn5vXfNwLIDop9U8XA3Q0x.jpg
778,Meet Dave,11260,https://image.tmdb.org/t/p/original/3Qfav5aVRcZmq854olMjJ795JJ2.jpg
779,Dark Water,9009,https://image.tmdb.org/t/p/original/cm4M9xaBu78IjuAVNG4LCXdXsg.jpg
780,Edtv,11374,https://image.tmdb.org/t/p/original/xnnjoMONNamGU6ZX6acbcxyOKv1.jpg
781,Inkheart,2309,https://image.tmdb.org/t/p/original/eXFK5aBDzUPSynAhSKMJy7xLxqE.jpg
782,The Spirit,8285,https://image.tmdb.org/t/p/original/g9qawfzR3LWRC8r8YZ9w2yaQi5W.jpg
783,Mortdecai,210860,https://image.tmdb.org/t/p/original/zIRDhdAuMevOuY2vs3s1HNcqDq7.jpg
784,In the Name of the King: A Dungeon Siege Tale,2312,https://image.tmdb.org/t/p/original/bbN1lmDk1PT0GsTFCy179sk5nIF.jpg
785,Beyond Borders,9839,https://image.tmdb.org/t/p/original/j7Upm2AtGuTzCs2Asq0GyBIMAxX.jpg
786,西游记之孙悟空三打白骨精,381902,https://image.tmdb.org/t/p/original/iOApsyuFG05NaDCNHnicrln1ztM.jpg
787,The Great Raid,13922,https://image.tmdb.org/t/p/original/k5Q76tzV2T4RtDdYwNj64c1qQ16.jpg
788,Deadpool,293660,https://image.tmdb.org/t/p/original/3E53WEZJqP6aM84D8CckXx4pIHw.jpg
789,Holy Man,9713,https://image.tmdb.org/t/p/original/sfJBsOdSbgLLarO6GIS0dWzFcCv.jpg
790,American Sniper,190859,https://image.tmdb.org/t/p/original/i1U46OwMc6vlm7OoSUKfqUH615e.jpg
791,Goosebumps,257445,https://image.tmdb.org/t/p/original/aeZT9pqEgrmXOGdESFkAuVjX6kw.jpg
792,Just Like Heaven,9007,https://image.tmdb.org/t/p/original/2cLbyVNhEEaUJGg7rfbLtX6454I.jpg
793,The Flintstones in Viva Rock Vegas,889,https://image.tmdb.org/t/p/original/qTcf60dqziF7xU2amxIIsvrnkTl.jpg
794,Rambo III,1370,https://image.tmdb.org/t/p/original/1eSQvGuD25ezKaiaQsyDDG3e9iN.jpg
795,Leatherheads,4942,https://image.tmdb.org/t/p/original/dl2yu8iuwG3dqbpjalm2odadRaH.jpg
796,The Ridiculous 6,347969,https://image.tmdb.org/t/p/original/kPc80jywR5Nm2KIQjkY5i4VXSx4.jpg
797,Did You Hear About the Morgans?,24438,https://image.tmdb.org/t/p/original/zNRLfwUGKaSQEDvOKlIOLGn8qRk.jpg
798,The Internship,116741,https://image.tmdb.org/t/p/original/hIh3ZgsZ31nbUAGn5SKIZGKiKCX.jpg
799,Resident Evil: Afterlife,35791,https://image.tmdb.org/t/p/original/xaEHOuIkoTzHQIiex0Ys306Ky05.jpg
800,Red Tails,72431,https://image.tmdb.org/t/p/original/jiORLnBsGcVcqIibkGBE213zAyh.jpg
801,The Devil's Advocate,1813,https://image.tmdb.org/t/p/original/5ZzBGpxy55OQzHxKVY11IpY6a0o.jpg
802,That's My Boy,87428,https://image.tmdb.org/t/p/original/wRpDLQWQgKaos1ZG7XPaUttGwhD.jpg
803,DragonHeart,8840,https://image.tmdb.org/t/p/original/5ciO16x4LQ7uhy854YHvQuQvHU9.jpg
804,After the Sunset,10589,https://image.tmdb.org/t/p/original/1mo3OdxeR6pLgAVt4a3cyvUUQri.jpg
805,Ghost Rider: Spirit of Vengeance,71676,https://image.tmdb.org/t/p/original/fUJOWsjjE8u1r4YOLYe1RLYy7bm.jpg
806,Captain Corelli's Mandolin,1722,https://image.tmdb.org/t/p/original/9YahF8HFypIKFTvOTiYzObA0hom.jpg
807,The Pacifier,10022,https://image.tmdb.org/t/p/original/brkyQKNcaVNWGsCBCW5bKy9zVeW.jpg
808,Walking Tall,11358,https://image.tmdb.org/t/p/original/2sdmKtRz2SlGSLxxZDePKm5zxus.jpg
809,Forrest Gump,13,https://image.tmdb.org/t/p/original/arw2vcBveWOVZr6pxd9XTd1TdQa.jpg
810,Alvin and the Chipmunks,6477,https://image.tmdb.org/t/p/original/22YxmH8FHZGEVyBgKBNorVF4cqi.jpg
811,Meet the Parents,1597,https://image.tmdb.org/t/p/original/5tXJ9ctuyEOMUFLaeqRisbXowWs.jpg
812,Pocahontas,10530,https://image.tmdb.org/t/p/original/kZ1ft0QZ4e3zDUPMBftEkwI9ftd.jpg
813,Superman,1924,https://image.tmdb.org/t/p/original/d7px1FQxW4tngdACVRsCSaZq0Xl.jpg
814,The Nutty Professor,9327,https://image.tmdb.org/t/p/original/fMtb5aZoLRNbMnCkatFsTmPRfl5.jpg
815,Hitch,8488,https://image.tmdb.org/t/p/original/x3W9H3nhGQbWSlyI8Amp2F6Z6cz.jpg
816,George of the Jungle,10603,https://image.tmdb.org/t/p/original/lWp8hUqE4oLPxsYgilXoYoVThfU.jpg
817,American Wedding,8273,https://image.tmdb.org/t/p/original/pCO3lJv2PzPkJty29APxCVSjyoE.jpg
818,Captain Phillips,109424,https://image.tmdb.org/t/p/original/gAH73mMU7rgGZrpYkFYgFgSNHs5.jpg
819,Date Night,35056,https://image.tmdb.org/t/p/original/ucEWhj32KEDcFKHMWVeu8r1Q4ld.jpg
820,Casper,8839,https://image.tmdb.org/t/p/original/2ah8fNJFZVU3vcXhU5xfAYi2eym.jpg
821,The Equalizer,156022,https://image.tmdb.org/t/p/original/9u4yW7yPA0BQ2pv9XwiNzItwvp8.jpg
822,Maid in Manhattan,7303,https://image.tmdb.org/t/p/original/gnEuTYH3jhHxl80QyoPfZjEYd0J.jpg
823,Crimson Tide,8963,https://image.tmdb.org/t/p/original/21nqRJ6ofEgVvEl68J4O9V26Xzy.jpg
824,The Pursuit of Happyness,1402,https://image.tmdb.org/t/p/original/lBYOKAMcxIvuk9s9hMuecB9dPBV.jpg
825,Flightplan,9315,https://image.tmdb.org/t/p/original/oNjZFzbe7PfF3TxztNHDkinOPyB.jpg
826,Disclosure,8984,https://image.tmdb.org/t/p/original/dnA4QkIZZCF9wRtF8HHxWwUXVMf.jpg
827,City of Angels,795,https://image.tmdb.org/t/p/original/iuzxpUjHsbQJXV3kB9ZAdCimM60.jpg
828,Kill Bill: Vol. 1,24,https://image.tmdb.org/t/p/original/v7TaX8kXMXs5yFFGR41guUDNcnB.jpg
829,Bowfinger,11353,https://image.tmdb.org/t/p/original/iGuiFYEYwFkaRPl3FgLJYEm6dWq.jpg
830,Kill Bill: Vol. 2,393,https://image.tmdb.org/t/p/original/2yhg0mZQMhDyvUQ4rG1IZ4oIA8L.jpg
831,Tango & Cash,9618,https://image.tmdb.org/t/p/original/jxxxjTu87OSmQYkMFF7MgOEDXRn.jpg
832,Death Becomes Her,9374,https://image.tmdb.org/t/p/original/kkWxyyyWFK5KNk9WVwQuGEC9H9H.jpg
833,Shanghai Noon,8584,https://image.tmdb.org/t/p/original/b0WwWRcDiDahkah5vZ0KjB4N9ZZ.jpg
834,Executive Decision,2320,https://image.tmdb.org/t/p/original/hLjXkFr9fHlWzRVwu1T31QSVHRq.jpg
835,Mr. Popper's Penguins,58224,https://image.tmdb.org/t/p/original/jGwZ1QI5DaL7mHQ2ZsMV1p8xvPS.jpg
836,The Forbidden Kingdom,1729,https://image.tmdb.org/t/p/original/z8chF1Z7hyuSVqLYTgElkQZh2VB.jpg
837,Free Birds,175574,https://image.tmdb.org/t/p/original/gnSU2wUBq2gTkBEkxY8C1d1fXAQ.jpg
838,Alien³,8077,https://image.tmdb.org/t/p/original/xh5wI0UoW7DfS1IyLy3d2CgrCEP.jpg
839,Evita,8818,https://image.tmdb.org/t/p/original/HOthGlLewarZA7AO9MLSYApLSj.jpg
840,Ronin,8195,https://image.tmdb.org/t/p/original/AirrhRJjHwytOV0pdLu7YZ4DEyr.jpg
841,The Ghost and the Darkness,10586,https://image.tmdb.org/t/p/original/3KEPs6RKlin9pT9fqjtW7MSLC8H.jpg
842,Paddington,116149,https://image.tmdb.org/t/p/original/wpchRGhRhvhtU083PfX2yixXtiw.jpg
843,The Watch,80035,https://image.tmdb.org/t/p/original/gwfgYA9wGpV4QLB0LrcexwfwC19.jpg
844,The Hunted,10632,https://image.tmdb.org/t/p/original/iA3tg96IWKkfMYiFbAGKVEWAnyc.jpg
845,Instinct,12117,https://image.tmdb.org/t/p/original/8EKmzia6awjsqFxgBk5a82aTmb6.jpg
846,Stuck on You,1792,https://image.tmdb.org/t/p/original/2vDNBQb1orr8egzhybh7SHqDmeC.jpg
847,Semi-Pro,13260,https://image.tmdb.org/t/p/original/7KJrvJf96UpkXsWVOjzCo1IbnW6.jpg
848,The Pirates! In an Adventure with Scientists!,72197,https://image.tmdb.org/t/p/original/bkLeXPDP6sramrTiF5W7TzUl4t0.jpg
849,Changeling,3580,https://image.tmdb.org/t/p/original/y9Qi39dL3PceGCH8afyC7QrhbhI.jpg
850,Chain Reaction,12123,https://image.tmdb.org/t/p/original/4ahjVHwXXsq5zK57ds8FwWY73MS.jpg
851,The Fan,9566,https://image.tmdb.org/t/p/original/lu7CjP8YES5dJMCFg5O9o9jCkjl.jpg
852,The Phantom of the Opera,9833,https://image.tmdb.org/t/p/original/pFf1Xxzgxo6ffxAJeSkAb5b0P4S.jpg
853,Elizabeth: The Golden Age,4517,https://image.tmdb.org/t/p/original/3bL6lLd6cyQ4JNT4ucqm4PICIVs.jpg
854,Æon Flux,8202,https://image.tmdb.org/t/p/original/5958Nt4QX6aRSUdQnvNw8wqjTJQ.jpg
855,Gods and Generals,16072,https://image.tmdb.org/t/p/original/tvRgz24ZuekCjeOROuN9MgVZLa5.jpg
856,Turbulence,34314,https://image.tmdb.org/t/p/original/gnsxWkxWHPXMOAzXvS7aKMSKP0N.jpg
857,Imagine That,19724,https://image.tmdb.org/t/p/original/lyCTP5C3raH46hJNS9WfBSnWHsG.jpg
858,Muppets Most Wanted,145220,https://image.tmdb.org/t/p/original/o9mGTVnnsqMS3Oh2IloPKPpLiL3.jpg
859,Thunderbirds,14623,https://image.tmdb.org/t/p/original/1jH0vADEIvuRlkvJzLUW5nVO96d.jpg
860,Burlesque,42297,https://image.tmdb.org/t/p/original/3U9zBIibERQZqYKM3N1a4MYgBsN.jpg
861,Un long dimanche de fiançailles,2841,https://image.tmdb.org/t/p/original/t73m7lX0eFYDjlB1Gcb7r3S5Yt.jpg
862,Lolita,802,https://image.tmdb.org/t/p/original/8Puqbeh0D95DpXFWep1rmH78btu.jpg
863,D-Tox,10375,https://image.tmdb.org/t/p/original/AdLg3zOxCcyWQYKSK86q20dibq.jpg
864,Blade II,36586,https://image.tmdb.org/t/p/original/azzTa03g0Fb8HC7O3521qq0oc8Q.jpg
865,Seven Pounds,11321,https://image.tmdb.org/t/p/original/85zUipgVy2QbvAJ6djZXYaGckMv.jpg
866,Bullet to the Head,70074,https://image.tmdb.org/t/p/original/arJfxShfuZPhqfBZZU6DkPZfnjn.jpg
867,The Godfather: Part III,242,https://image.tmdb.org/t/p/original/lm3pQ2QoQ16pextRsmnUbG2onES.jpg
868,Elizabethtown,9621,https://image.tmdb.org/t/p/original/mOdlzAQxhMgiaazRzif1YtJzg9s.jpg
869,"You, Me and Dupree",1819,https://image.tmdb.org/t/p/original/rtqbg1CKR4dFdmHxmsiM3u9n71I.jpg
870,Superman II,8536,https://image.tmdb.org/t/p/original/6XjwM5SbvrrfYPfs6LHAuGO9cOY.jpg
871,Gigli,8046,https://image.tmdb.org/t/p/original/qOhAK3WDqdeVTIE59loXvEGU7Lu.jpg
872,All the King's Men,1717,https://image.tmdb.org/t/p/original/j7vfi9M0GwOvn5bywzheF7oQ7w.jpg
873,Shaft,479,https://image.tmdb.org/t/p/original/5ncvnNPaN73cOqD4muE413sSOyY.jpg
874,Anastasia,9444,https://image.tmdb.org/t/p/original/bppGWGA8zq1sRvTdDJnUzVW9GcH.jpg
875,Moulin Rouge!,824,https://image.tmdb.org/t/p/original/2kjM5CUZRIU5yOANUowrbJcRL9L.jpg
876,Domestic Disturbance,11456,https://image.tmdb.org/t/p/original/quRhjnXAuIn04VmgM84nmKzt79J.jpg
877,Black Mass,261023,https://image.tmdb.org/t/p/original/zfwciv4LIJkNQsfuhYGv0Nkiweg.jpg
878,Flags of Our Fathers,3683,https://image.tmdb.org/t/p/original/2nkPrhf4YIyMFelfe4zdOnGRYz5.jpg
879,Law Abiding Citizen,22803,https://image.tmdb.org/t/p/original/yPjFwyzwIwhGrQgE3RiIvAvth4l.jpg
880,Grindhouse,285923,https://image.tmdb.org/t/p/original/tvMBwJlmQTIQf5EBjHzzyE9tjcN.jpg
881,Beloved,39437,https://image.tmdb.org/t/p/original/bLZo9tJijRBbxHAxMNXhs51pvC8.jpg
882,Lucky You,1950,https://image.tmdb.org/t/p/original/23jI1zZnrLlrkeGjjkBkUF4FVTf.jpg
883,Catch Me If You Can,640,https://image.tmdb.org/t/p/original/ctjEj2xM32OvBXCq8zAdK3ZrsAj.jpg
884,Zero Dark Thirty,97630,https://image.tmdb.org/t/p/original/wNSdSSxowM3WIqmPJNg3RagYbwP.jpg
885,The Break-Up,9767,https://image.tmdb.org/t/p/original/ghCLIPRZNAndBoIZJ8f7lN5Mlly.jpg
886,Mamma Mia!,11631,https://image.tmdb.org/t/p/original/zdUA4FNHbXPadzVOJiU0Rgn6cHR.jpg
887,Valentine's Day,32856,https://image.tmdb.org/t/p/original/qOTcfD2DdnOTmhH0r1TOE09VvNh.jpg
888,The Dukes of Hazzard,6519,https://image.tmdb.org/t/p/original/2ZrNyYJEgE0VIqhelQPqFTR20xF.jpg
889,The Thin Red Line,8741,https://image.tmdb.org/t/p/original/seMydAaoxQP6F0xbE1jOcTmn5Jr.jpg
890,The Change-Up,49520,https://image.tmdb.org/t/p/original/iV6ARQZyGpjygtzFMdWH9U1Lj9x.jpg
891,Man on the Moon,1850,https://image.tmdb.org/t/p/original/msOZS07xRIFnapwp3fprGbKEAfT.jpg
892,Casino,524,https://image.tmdb.org/t/p/original/gziIkUSnYuj9ChCi8qOu2ZunpSC.jpg
893,From Paris with Love,26389,https://image.tmdb.org/t/p/original/poVoLKLxUqsTLSntA40Po2F78dZ.jpg
894,Bulletproof Monk,11817,https://image.tmdb.org/t/p/original/kHWv16c4uDmiEujICSBdQ52TH55.jpg
895,"Me, Myself & Irene",2123,https://image.tmdb.org/t/p/original/rvRrcbLbpn7UJGRH1JupgHOeJFq.jpg
896,Barnyard,9907,https://image.tmdb.org/t/p/original/vPu2TfokecRICi9ScwtHh41RM4i.jpg
897,Deck the Halls,9969,https://image.tmdb.org/t/p/original/smJDzhYGhl6j9OrucsB7IkMNy82.jpg
898,The Twilight Saga: New Moon,18239,https://image.tmdb.org/t/p/original/k2qTooPlHffgNABNWxeJdGMglPK.jpg
899,Shrek,808,https://image.tmdb.org/t/p/original/iB64vpL3dIObOtMZgX3RqdVdQDc.jpg
900,The Adjustment Bureau,38050,https://image.tmdb.org/t/p/original/5ZzeR8iz1nEFLp94OBnbakLZawo.jpg
901,Robin Hood: Prince of Thieves,8367,https://image.tmdb.org/t/p/original/hbRnWUNJkKKVN5mkcuC5ooqjE4e.jpg
902,Jerry Maguire,9390,https://image.tmdb.org/t/p/original/lABvGN7fDk5ifnwZoxij6G96t2w.jpg
903,Ted,72105,https://image.tmdb.org/t/p/original/tZPTcdGTpxq4yJx1YxqBl0gthNz.jpg
904,As Good as It Gets,2898,https://image.tmdb.org/t/p/original/xXxuJPNUDZ0vjsAXca0O5p3leVB.jpg
905,Patch Adams,10312,https://image.tmdb.org/t/p/original/xN1aKur5ddWQSXTqvzDPJD2TCxe.jpg
906,Anchorman 2: The Legend Continues,109443,https://image.tmdb.org/t/p/original/BAdmxMdCqzjs6hx3KuEtnoWP8d.jpg
907,Mr. Deeds,2022,https://image.tmdb.org/t/p/original/7gGk3pkpRsNlJ4PrJgEfgY9PG43.jpg
908,Super 8,37686,https://image.tmdb.org/t/p/original/sytFL6ALMAesKZoarlp7bIDKnns.jpg
909,Erin Brockovich,462,https://image.tmdb.org/t/p/original/jEMvWBWVjndZT0vJnLrRWi9ajea.jpg
910,How to Lose a Guy in 10 Days,9919,https://image.tmdb.org/t/p/original/2dlftyPz7mTYbrsPvTogyFmYd7d.jpg
911,22 Jump Street,187017,https://image.tmdb.org/t/p/original/850chzYHYbT3IISl6Q7dbBuFP2B.jpg
912,Interview with the Vampire,628,https://image.tmdb.org/t/p/original/2162lAT2MP36MyJd2sttmj5du5T.jpg
913,Yes Man,10201,https://image.tmdb.org/t/p/original/16zVbgFLTUaUTG1wQHuGjfWNuDM.jpg
914,Central Intelligence,302699,https://image.tmdb.org/t/p/original/7Ou0TRJLi72AwLEUlo7Kym4XuNB.jpg
915,Stepmom,9441,https://image.tmdb.org/t/p/original/wMPv2Yz6QDzv6YhSbaqM48Medl1.jpg
916,Daddy's Home,274167,https://image.tmdb.org/t/p/original/fB9lALk9zKsMYWvf0bJSkJN219Z.jpg
917,Into the Woods,224141,https://image.tmdb.org/t/p/original/pf0TdnITu380Zp8DMQx0jcwDsAS.jpg
918,Inside Man,388,https://image.tmdb.org/t/p/original/ffMUgkDZICNiyaws1Jkv8qG8uFW.jpg
919,Payback,2112,https://image.tmdb.org/t/p/original/8Bqlv2kbOyZFqfiPNgzdBscqYPn.jpg
920,Congo,10329,https://image.tmdb.org/t/p/original/hPNSToNIIpRO6y5Rh973leqQqNr.jpg
921,We Bought a Zoo,74465,https://image.tmdb.org/t/p/original/dcOvIqdsojUdAtWt1nPT9xS76Su.jpg
922,Knowing,13811,https://image.tmdb.org/t/p/original/OG0mxQt4YaNIWiz8EKJSHe9lPh.jpg
923,Failure to Launch,6877,https://image.tmdb.org/t/p/original/wQrNTe7VDytVDet9Jus6RDKEPYZ.jpg
924,The Ring Two,10320,https://image.tmdb.org/t/p/original/bHbz7z2pecTawhkqLpuC2m0qywe.jpg
925,"Crazy, Stupid, Love.",50646,https://image.tmdb.org/t/p/original/p4RafgAPk558muOjnBMHhMArjS2.jpg
926,Garfield,8920,https://image.tmdb.org/t/p/original/vqwTSWNLyH55g8kBT61s2DgNYEp.jpg
927,Christmas with the Kranks,13673,https://image.tmdb.org/t/p/original/q866vL3KhAjbkZH1enT7AoxmRHx.jpg
928,Moneyball,60308,https://image.tmdb.org/t/p/original/4yIQq1e6iOcaZ5rLDG3lZBP3j7a.jpg
929,Outbreak,6950,https://image.tmdb.org/t/p/original/4KymNvlWR0XF0sqX2BWRd9Z3yXR.jpg
930,Non-Stop,225574,https://image.tmdb.org/t/p/original/Nkgaj3X0W2jHQ1TzHEgWFpN3kJ.jpg
931,Race to Witch Mountain,13836,https://image.tmdb.org/t/p/original/5RBZsOKMMxnp8L6UmOiylKOw4yo.jpg
932,V for Vendetta,752,https://image.tmdb.org/t/p/original/1avD1JeaRiJX5M4ahPdZPypGoGN.jpg
933,Shanghai Knights,6038,https://image.tmdb.org/t/p/original/vVNQStMlZS9mn2AKBEpadRunHgt.jpg
934,Curious George,9975,https://image.tmdb.org/t/p/original/aDhpo5lqDK0zEGEENdGdABY3Xzq.jpg
935,Herbie Fully Loaded,11451,https://image.tmdb.org/t/p/original/7lTfTZ8CDfXw09eAv3OOvsbCVgs.jpg
936,Don't Say a Word,12103,https://image.tmdb.org/t/p/original/mDawnZWQnePqQbiisEWZaY9e4UI.jpg
937,Hansel & Gretel: Witch Hunters,60304,https://image.tmdb.org/t/p/original/j343Rpj3WeNvP0SV80zveve70io.jpg
938,Unfaithful,2251,https://image.tmdb.org/t/p/original/bjiHEhuiwhIygzjczbTPAA07cGc.jpg
939,I Am Number Four,46529,https://image.tmdb.org/t/p/original/2NrP3h3GEsrPXX60bmjKuYWAvl9.jpg
940,Syriana,231,https://image.tmdb.org/t/p/original/aEDUGMdWuBBIc7MptqRH3cC5Ap8.jpg
941,13 Hours: The Secret Soldiers of Benghazi,300671,https://image.tmdb.org/t/p/original/AskDcQ6Sa6jImyt2KDQbgRuPebH.jpg
942,The Book of Life,228326,https://image.tmdb.org/t/p/original/aotTZos5KswgCryEzx2rlOjFsm1.jpg
943,Firewall,9754,https://image.tmdb.org/t/p/original/v4HHAWJthAGxnvefLGSyeSInZZx.jpg
944,Absolute Power,66,https://image.tmdb.org/t/p/original/jiwy7YaPHLN8s1SuXWGgQLKKNKE.jpg
945,G.I. Jane,4421,https://image.tmdb.org/t/p/original/6yBgZJYqaR4XkxwjsB9tS4GK1ZN.jpg
946,The Game,2649,https://image.tmdb.org/t/p/original/4UOa079915QjiTA2u5hT2yKVgUu.jpg
947,Silent Hill,588,https://image.tmdb.org/t/p/original/r0bEDWO2w4a43K2xTNSF284qOsc.jpg
948,The Replacements,10393,https://image.tmdb.org/t/p/original/6qerI41HqkdRlio1sG0d5HLZcFN.jpg
949,American Reunion,71552,https://image.tmdb.org/t/p/original/de5QBIdVR4dnkBZ4a0zjkS4lTg.jpg
950,The Negotiator,9631,https://image.tmdb.org/t/p/original/dUMHEymATOGbs2K3E4dmNSVBgFQ.jpg
951,Into the Storm,216282,https://image.tmdb.org/t/p/original/kBgrhrES9kMKSPxawUYV61KjlnB.jpg
952,Beverly Hills Cop III,306,https://image.tmdb.org/t/p/original/7vIpCkgGEfk5LZwm78nMxswLJRH.jpg
953,Gremlins 2: The New Batch,928,https://image.tmdb.org/t/p/original/35F5yD7MljvBE2AC0NHAVCoPGEi.jpg
954,The Judge,205587,https://image.tmdb.org/t/p/original/3K93GWotLXe4FqpErri0xkpLaD5.jpg
955,The Peacemaker,6623,https://image.tmdb.org/t/p/original/hc3p6pvIrfO4AmrVLb6qTviOwW2.jpg
956,Resident Evil: Apocalypse,1577,https://image.tmdb.org/t/p/original/yzNQSLlZb7NAkA4C5uADfNDJ7hm.jpg
957,Bridget Jones: The Edge of Reason,9801,https://image.tmdb.org/t/p/original/zDthRXkGnwFIWI0zWcJyS7h6lUl.jpg
958,Out of Time,2116,https://image.tmdb.org/t/p/original/zMExJ6RdJQmRMydvozhEBlOLX1m.jpg
959,On Deadly Ground,9624,https://image.tmdb.org/t/p/original/8jnO8EByAsfupWj9RjQxYAO4AUH.jpg
960,The Adventures of Sharkboy and Lavagirl,14199,https://image.tmdb.org/t/p/original/sz3pl9hblLw1A5rZoAHn43yQsb4.jpg
961,The Beach,1907,https://image.tmdb.org/t/p/original/4y7LxD8TSi6AtsM2xSYqUm1gu7u.jpg
962,Raising Helen,4599,https://image.tmdb.org/t/p/original/ubZin4oGXYp6hCn3WU6nrBre62y.jpg
963,Ninja Assassin,22832,https://image.tmdb.org/t/p/original/5twFaR5A1Y9C3KAt6uy6iq332m0.jpg
964,For Love of the Game,10390,https://image.tmdb.org/t/p/original/vkeKxoSXE1qMArcFNTNBBH8TjKZ.jpg
965,Striptease,9879,https://image.tmdb.org/t/p/original/4zMy6R7acotCmGoDk4sjzRtDwKn.jpg
966,Marmaduke,38579,https://image.tmdb.org/t/p/original/wNNqAqvOn717AWBhBQskH2Lnzmz.jpg
967,Hereafter,44603,https://image.tmdb.org/t/p/original/nOy0X8XSmSDOuwV8pqT70WoWHwT.jpg
968,Murder by Numbers,11892,https://image.tmdb.org/t/p/original/pBM5byKWtcHg8NvyTA7NVyIIqEj.jpg
969,Assassins,9691,https://image.tmdb.org/t/p/original/wPmZYnaQpxwoHmwNwVhZ2IY0UbF.jpg
970,Hannibal Rising,1248,https://image.tmdb.org/t/p/original/7FTDMQoac0uqJUquZk4KenDzLMZ.jpg
971,The Story of Us,12220,https://image.tmdb.org/t/p/original/8rm0CZpHW1D7pIv8OguJNHF93LV.jpg
972,The Host,72710,https://image.tmdb.org/t/p/original/1mfIZw6WgkCX310eoe0Ys14c3Fi.jpg
973,Basic,10782,https://image.tmdb.org/t/p/original/jtyF4NF9fQlyGP8cgU1mK3DLUTB.jpg
974,Blood Work,9573,https://image.tmdb.org/t/p/original/A6wWJkIREagRWFNu3YotID3n9aW.jpg
975,The International,4959,https://image.tmdb.org/t/p/original/fneofXacvudxNUKyM61UtoilHRI.jpg
976,Escape from L.A.,10061,https://image.tmdb.org/t/p/original/3L9lL2eUsmLNNfENPwNOc82Hzpw.jpg
977,The Iron Giant,10386,https://image.tmdb.org/t/p/original/ct04FCFLPImNG5thcPLRnVsZlmS.jpg
978,The Life Aquatic with Steve Zissou,421,https://image.tmdb.org/t/p/original/qZoFLNBC78jzboWeDH6Ha0qavF2.jpg
979,Free State of Jones,316152,https://image.tmdb.org/t/p/original/pKhJLNHu5Aw8BgxOJ90lCmg0j0f.jpg
980,The Life of David Gale,11615,https://image.tmdb.org/t/p/original/7tcAvE82JyxIi79cwQV5br90KVz.jpg
981,Man of the House,13498,https://image.tmdb.org/t/p/original/anBhlqCABytNvybE2Xr3tvsCOTp.jpg
982,Run All Night,241554,https://image.tmdb.org/t/p/original/owTdkLW0uoVTUPtM5h4gw88prdC.jpg
983,Eastern Promises,2252,https://image.tmdb.org/t/p/original/dpiJWb4NrWgcOg2rusuLhDM0hTm.jpg
984,Into the Blue,11968,https://image.tmdb.org/t/p/original/peCGSKT5ZSpNkJtww7exYuzcGVO.jpg
985,Joan of Arc,10047,https://image.tmdb.org/t/p/original/rIvZPfts3aD4b5nROAysnOtSzlX.jpg
986,Your Highness,38319,https://image.tmdb.org/t/p/original/bq3gU60TkgBjLUbxSSZVhDhlhmH.jpg
987,Dream House,69668,https://image.tmdb.org/t/p/original/uQFbnBEYguc6EWYKG0Hgq4LVdc2.jpg
988,Mad City,9770,https://image.tmdb.org/t/p/original/wXb9KGqxyrAHNygRRI1HW1BhcU.jpg
989,Baby's Day Out,11212,https://image.tmdb.org/t/p/original/21U2jwl36hoTHsXB3fDuIQkcchu.jpg
990,The Scarlet Letter,10533,https://image.tmdb.org/t/p/original/8gIU7O3oV6NyWUjlL6ppbpnIZLW.jpg
991,Fair Game,38363,https://image.tmdb.org/t/p/original/tX2cafjaDnEOi50xnUIloAc2fp2.jpg
992,Domino,9923,https://image.tmdb.org/t/p/original/yLjQ7QIdUt3qZY0d9FPxDT40BD1.jpg
993,Jade,11863,https://image.tmdb.org/t/p/original/8KWiZKDYpAgh8n27lanvTuDquyX.jpg
994,Gamer,18501,https://image.tmdb.org/t/p/original/nA8ZVbdBsNkTqsa49ZG9na4lFuY.jpg
995,Beautiful Creatures,109491,https://image.tmdb.org/t/p/original/t7PWQHpJHb2ozALCfaPaC5aHxBs.jpg
996,Death to Smoochy,9275,https://image.tmdb.org/t/p/original/wrwwuNLITsA5N5cVnA3ftvHFqHj.jpg
997,Zoolander 2,329833,https://image.tmdb.org/t/p/original/n8AJzALlTPBwe9Tkv3tdxbiAr9i.jpg
998,The Big Bounce,12634,https://image.tmdb.org/t/p/original/l6tzLXXGubnC6TbFgg8acfcvGRO.jpg
999,What Planet Are You From?,10416,https://image.tmdb.org/t/p/original/2VtgMZPj3uDLz0zOQqZ74SUZGK4.jpg
1000,Drive Angry,47327,https://image.tmdb.org/t/p/original/nx2pChi41Xv4dsXsfSG3gnKcWaY.jpg
1001,Street Fighter: The Legend of Chun-Li,15268,https://image.tmdb.org/t/p/original/lbNemoc9bRIAIVck0e2cv1cgftN.jpg
1002,The One,10796,https://image.tmdb.org/t/p/original/gcr3t71KmeXINemMrhaGBGVJPwW.jpg
1003,The Adventures of Ford Fairlane,9548,https://image.tmdb.org/t/p/original/u6accimG7LmroR8WgNklEJS7oFq.jpg
1004,The Boat That Rocked,18947,https://image.tmdb.org/t/p/original/l7CBRLAXUnHi0kp2krhLtlJvtWI.jpg
1005,Traffic,1900,https://image.tmdb.org/t/p/original/v6YrfR1e2OUAYbXrJ7hv3EiGNcg.jpg
1006,Indiana Jones and the Last Crusade,89,https://image.tmdb.org/t/p/original/sizg1AU8f8JDZX4QIgE4pjUMBvx.jpg
1007,Anna Karenina,96724,https://image.tmdb.org/t/p/original/2DvjkCbmlg8sbBHZKUZvYPgsT5V.jpg
1008,Chappie,198184,https://image.tmdb.org/t/p/original/uuDUpzlMFomdSfNWlpEPS9nVZWV.jpg
1009,The Bone Collector,9481,https://image.tmdb.org/t/p/original/7atMCqRaDpAOnGsteTRm17zmvN3.jpg
1010,Panic Room,4547,https://image.tmdb.org/t/p/original/hANYbvfwxmkC9E4yY6YyJxYxlSJ.jpg
1011,The Tooth Fairy,53953,https://image.tmdb.org/t/p/original/i0dms1hH1ObbysPscPDKjgqNns0.jpg
1012,Three Kings,6415,https://image.tmdb.org/t/p/original/fClJQW8xn8wHOFqoA4jUn0PZh1f.jpg
1013,Child 44,181283,https://image.tmdb.org/t/p/original/p8uTx2xm72vXqI0H4W5kU3ku9ND.jpg
1014,Rat Race,9896,https://image.tmdb.org/t/p/original/3dpim9bLdi5uh55idJ6HxA7eZH4.jpg
1015,K-PAX,167,https://image.tmdb.org/t/p/original/tafXZX0I6rso7EyoEzfygfTqxq6.jpg
1016,Kate & Leopold,11232,https://image.tmdb.org/t/p/original/mUvikzKJJSg9khrVdxK8kg3TMHA.jpg
1017,Bedazzled,1636,https://image.tmdb.org/t/p/original/sBV28EVvWsJRosMsEFCbVmpAZEl.jpg
1018,The Cotton Club,2148,https://image.tmdb.org/t/p/original/qigf5fWSH1tw7z424UVKg71UIOS.jpg
1019,3:10 to Yuma,5176,https://image.tmdb.org/t/p/original/voMB69AsLnPNmtfbrBl0lbeFKDH.jpg
1020,Taken 3,260346,https://image.tmdb.org/t/p/original/vzvMXMypMq7ieDofKThsxjHj9hn.jpg
1021,Out of Sight,1389,https://image.tmdb.org/t/p/original/v49q7AMR3pB4M762woWB1NYMCLF.jpg
1022,The Cable Guy,9894,https://image.tmdb.org/t/p/original/YJt9l3RdrRohI95btQKPXwpdii.jpg
1023,1947: Earth,7504,https://image.tmdb.org/t/p/original/hQtvQYlxfEHl45TR41lNSywrq4K.jpg
1024,Dick Tracy,8592,https://image.tmdb.org/t/p/original/lCDo9N4zufnCCheWsisgu9hljeJ.jpg
1025,The Thomas Crown Affair,913,https://image.tmdb.org/t/p/original/5yqs1MVlqdIg1DY5adC5jFx3d7j.jpg
1026,Riding in Cars with Boys,11091,https://image.tmdb.org/t/p/original/lz8FCZAzfr2gzju6YM4s7UCZugL.jpg
1027,First Blood,1368,https://image.tmdb.org/t/p/original/a9sa6ERZCpplbPEO7OMWE763CLD.jpg
1028,Солярис,593,https://image.tmdb.org/t/p/original/pgqj7QoBPWFLLKtLEpPmFYFRMgB.jpg
1029,Happily N'Ever After,5393,https://image.tmdb.org/t/p/original/gOOlHRhdEoJbPNE1jpocNawjnc5.jpg
1030,Mary Reilly,9095,https://image.tmdb.org/t/p/original/cW5wTiv5fdtBOd22utmAIZBCMS3.jpg
1031,My Best Friend's Wedding,8874,https://image.tmdb.org/t/p/original/b5g4bp8gS5ovMyR5439AII6zQ3n.jpg
1032,America's Sweethearts,11467,https://image.tmdb.org/t/p/original/4TQOYs8rCWi44O1tNbIQiRqHQkA.jpg
1033,Insomnia,320,https://image.tmdb.org/t/p/original/riVXh3EimGO0y5dgQxEWPRy5Itg.jpg
1034,Star Trek: First Contact,199,https://image.tmdb.org/t/p/original/iqhHe893Vcf07jNkNQ31tu85dKG.jpg
1035,Jonah Hex,20533,https://image.tmdb.org/t/p/original/b1BLIXEe9zzaFvuWdYGoeuhuh75.jpg
1036,Courage Under Fire,10684,https://image.tmdb.org/t/p/original/vDJurMJkrx049AiXa3DJx5Zx7a4.jpg
1037,Liar Liar,1624,https://image.tmdb.org/t/p/original/p1habYSdC7oD3WygQ5lynU5G5rV.jpg
1038,The Infiltrator,325789,https://image.tmdb.org/t/p/original/758F57DxVRLe38S1Je4O1Bjx2u6.jpg
1039,Inchon,113464,https://image.tmdb.org/t/p/original/s0yJZQlZ6g7e3lTjSaUKWltYByA.jpg
1040,The Flintstones,888,https://image.tmdb.org/t/p/original/k7gkf5Wa8YZ9iyEOylBMfw9pnkp.jpg
1041,Taken 2,82675,https://image.tmdb.org/t/p/original/mGRtQS39DYIu6gXu5mXQsXFGZPO.jpg
1042,Scary Movie 3,4256,https://image.tmdb.org/t/p/original/9hxL94pzuix9GWwba8dr4luINyo.jpg
1043,Miss Congeniality,1493,https://image.tmdb.org/t/p/original/pat3vKaRlB70he4ghwTMydR4TvP.jpg
1044,Journey to the Center of the Earth,88751,https://image.tmdb.org/t/p/original/kL55wY0s2H9JdwfjoWIp9plvYnl.jpg
1045,The Princess Diaries 2: Royal Engagement,11130,https://image.tmdb.org/t/p/original/5XToqGcE4qdfOSaCPWI7kAb1bm7.jpg
1046,The Pelican Brief,9944,https://image.tmdb.org/t/p/original/1V9B0fk3dh2Af2yUI5mAEETJNNT.jpg
1047,The Client,10731,https://image.tmdb.org/t/p/original/oLdkJ4ZjxPtFSUChdjDQvHM9l75.jpg
1048,The Bucket List,7350,https://image.tmdb.org/t/p/original/idbNSe8zsYKQL97dJApfOrDSdya.jpg
1049,Patriot Games,9869,https://image.tmdb.org/t/p/original/yToAJg67r3hk3Ux3sfXOdpiqxU.jpg
1050,Monster-in-Law,4379,https://image.tmdb.org/t/p/original/iRqcGkIPdRbEaW0xMEA5kgceUF8.jpg
1051,Prisoners,146233,https://image.tmdb.org/t/p/original/uhviyknTT5cEQXbn6vWIqfM4vGm.jpg
1052,Training Day,2034,https://image.tmdb.org/t/p/original/bUeiwBQdupBLQthMCHKV7zv56uv.jpg
1053,Galaxy Quest,926,https://image.tmdb.org/t/p/original/fZXSwgZknp81vmciTb86rw0MejV.jpg
1054,Scary Movie 2,4248,https://image.tmdb.org/t/p/original/7Eb1JWK0Cb0rbfsYjwfc9g0PbQH.jpg
1055,The Muppets,64328,https://image.tmdb.org/t/p/original/3bV4esUPbEbT5RydgHRXBSwXW44.jpg
1056,Blade,36647,https://image.tmdb.org/t/p/original/hx0sdduAsr4rq03RZKZzglR25z7.jpg
1057,Coach Carter,7214,https://image.tmdb.org/t/p/original/y3HOTTyM5nLsdUzXFtFCohG28qj.jpg
1058,Changing Lanes,1537,https://image.tmdb.org/t/p/original/8wh9WzTKo5pJw3EgHYWA60W7Kbl.jpg
1059,Anaconda,9360,https://image.tmdb.org/t/p/original/33NysOnLpLZY0ewHTcfpalzAsRG.jpg
1060,Coyote Ugly,6282,https://image.tmdb.org/t/p/original/xYM0laKrEqjiRSQNvqRrXPXN3iL.jpg
1061,Love Actually,508,https://image.tmdb.org/t/p/original/7QPeVsr9rcFU9Gl90yg0gTOTpVv.jpg
1062,A Bug's Life,9487,https://image.tmdb.org/t/p/original/Ah3J9OJVc2CNCuH2zMydXy9fmIC.jpg
1063,From Hell,768,https://image.tmdb.org/t/p/original/t2WpWM8nBO4sULXr2bDfNEt4qgr.jpg
1064,The Specialist,2636,https://image.tmdb.org/t/p/original/9CVAjtkSaFs9FyddGfThj11ZuQq.jpg
1065,Tin Cup,10478,https://image.tmdb.org/t/p/original/rB7OvMmjcBFoogleORaUqrRgp8g.jpg
1066,"Yours, Mine and Ours",27983,https://image.tmdb.org/t/p/original/sL6uuFSapJNAGYcA4SrUHO5X4gs.jpg
1067,Kicking & Screaming,9981,https://image.tmdb.org/t/p/original/uuN3bJ0wiC1dk4tNFhc2jROR0DR.jpg
1068,The Hitchhiker's Guide to the Galaxy,7453,https://image.tmdb.org/t/p/original/yr9A3KGQlxBh3yW0cmglsr8aMIz.jpg
1069,Fat Albert,15045,https://image.tmdb.org/t/p/original/lvj7j4qppMRtizepOZgmZ9Td1BN.jpg
1070,Resident Evil: Extinction,7737,https://image.tmdb.org/t/p/original/6yaLr7Ymg5cvbtSVi5hHwBKx35I.jpg
1071,Blended,232672,https://image.tmdb.org/t/p/original/o2YrH9jS7CAfWjETHFeL0tth79E.jpg
1072,Last Holiday,17379,https://image.tmdb.org/t/p/original/hRNZszPHjIpYGlrMN3o4f6f6cVd.jpg
1073,The River Wild,8987,https://image.tmdb.org/t/p/original/cvnEUdVXeuiE1qUXsmMzs8IrNl7.jpg
1074,The Indian in the Cupboard,11359,https://image.tmdb.org/t/p/original/ozQAmW85tTJu2dhRe3evzyY03Nb.jpg
1075,Savages,82525,https://image.tmdb.org/t/p/original/joyiyBwYY5QCpldqT1FzrTqsTJK.jpg
1076,Cellular,9759,https://image.tmdb.org/t/p/original/AhD3qVfVmxz5CXDxctXwK5nmrOp.jpg
1077,Johnny English,9486,https://image.tmdb.org/t/p/original/mmzW88tnkB2MnOV3Un2F9IUxSnZ.jpg
1078,The Ant Bully,9906,https://image.tmdb.org/t/p/original/oFuqX0inTvbA1XAFv2x3CQnI65m.jpg
1079,Dune,841,https://image.tmdb.org/t/p/original/4kJmUCE7mkVJjXa7A0g2rY4IGTm.jpg
1080,Across the Universe,4688,https://image.tmdb.org/t/p/original/447c8Te3DXC46rQvDEixKGO4dS6.jpg
1081,Revolutionary Road,4148,https://image.tmdb.org/t/p/original/lLkVzVPKeBov5lh5yaeRun1xYzS.jpg
1082,16 Blocks,2207,https://image.tmdb.org/t/p/original/cBLqMVfTZpuKmMQKDLKusb93dbR.jpg
1083,Babylon A.D.,9381,https://image.tmdb.org/t/p/original/bQqb3T0FIHOvgozzX9aygmWUbLZ.jpg
1084,The Glimmer Man,9625,https://image.tmdb.org/t/p/original/fMXc2nf3iZFsVbNNmJ5MCtjcwlk.jpg
1085,Multiplicity,9304,https://image.tmdb.org/t/p/original/t3CUIrzJwxIS7uS1YDJdfSJuPAo.jpg
1086,Aliens in the Attic,20856,https://image.tmdb.org/t/p/original/bb8ym5zSRGmhNx3gyDnzSN2waS4.jpg
1087,The Pledge,5955,https://image.tmdb.org/t/p/original/9QOzFL3FPMAUNNPrNiKC3mEDxco.jpg
1088,The Producers,9899,https://image.tmdb.org/t/p/original/nG0Bix2SH2SQcbAIGhb6yqTG5UH.jpg
1089,The Phantom,9826,https://image.tmdb.org/t/p/original/8k8RSMkmGR9Lp6FbKtithM3KIQb.jpg
1090,All the Pretty Horses,21355,https://image.tmdb.org/t/p/original/6E4E7wYXw1DE2321F2hVNryLSk7.jpg
1091,Nixon,10858,https://image.tmdb.org/t/p/original/8O2sBYJq0K0EMpw67cU1PjVJ7w3.jpg
1092,The Ghost Writer,11439,https://image.tmdb.org/t/p/original/rK7m2Ba0ieXa37NaAmrx4dfRvvM.jpg
1093,Deep Rising,9457,https://image.tmdb.org/t/p/original/A1nOnrAlG3EbOvzgZt2ya11OmjQ.jpg
1094,Miracle at St. Anna,12412,https://image.tmdb.org/t/p/original/7PqmgaQBuD0Zp9pDIkkEjkhCJUj.jpg
1095,滿城盡帶黃金甲,1494,https://image.tmdb.org/t/p/original/gHkkDpfo5YnOrbVfwtDHi91BkrU.jpg
1096,Bangkok Dangerous,13184,https://image.tmdb.org/t/p/original/iTRftxHW8i4H7ONaOiCIwEXjNDJ.jpg
1097,Big Trouble,2185,https://image.tmdb.org/t/p/original/h844gBztdYMLrroUen6qbsomrGx.jpg
1098,Love in the Time of Cholera,6639,https://image.tmdb.org/t/p/original/7y5VuS218Nqc8eVdeuOrlYWWD0D.jpg
1099,Shadow Conspiracy,38153,https://image.tmdb.org/t/p/original/m8dgxxCrpLhKjkjH2DPxkz0inoJ.jpg
1100,Johnny English Reborn,58233,https://image.tmdb.org/t/p/original/zDbrU0eSnRGh5gHc1iqTACTNNyT.jpg
1101,Foodfight!,116977,https://image.tmdb.org/t/p/original/to9ggXVyhNTCICHcHMCtFtANd8P.jpg
1102,Argo,68734,https://image.tmdb.org/t/p/original/m5gPWFZFIp4UJFABgWyLkbXv8GX.jpg
1103,The Fugitive,5503,https://image.tmdb.org/t/p/original/b3rEtLKyOnF89mcK75GXDXdmOEf.jpg
1104,The Bounty Hunter,27573,https://image.tmdb.org/t/p/original/fJPKar0jnAsS09l3xfP6LL8sUkX.jpg
1105,Sleepers,819,https://image.tmdb.org/t/p/original/yUpiEk2EojS9ZEXb3nIQonQCYYF.jpg
1106,Rambo: First Blood Part II,1369,https://image.tmdb.org/t/p/original/pzPdwOitmTleVE3YPMfIQgLh84p.jpg
1107,The Juror,9623,https://image.tmdb.org/t/p/original/31mRYhJvaknQx8PQnR2UV7YCkLT.jpg
1108,Pinocchio,10895,https://image.tmdb.org/t/p/original/bnZJrLRnoQHpzEJdka1KYfsAF3N.jpg
1109,Heaven's Gate,10935,https://image.tmdb.org/t/p/original/kW4Vk31nhtKPKGuYMaVATq3wcHC.jpg
1110,Underworld: Evolution,834,https://image.tmdb.org/t/p/original/yT1EDKhCzAumcZeBoAxqm0nY2H8.jpg
1111,Victor Frankenstein,228066,https://image.tmdb.org/t/p/original/bYUmSLPtWylFKbEBHOXT1kt9l5b.jpg
1112,Finding Forrester,711,https://image.tmdb.org/t/p/original/chd9bCGNYtzDoJqGw5wUHlhrkOb.jpg
1113,28 Days,10468,https://image.tmdb.org/t/p/original/tlgz7Shx0UavR5pyITeJ2mUHKFI.jpg
1114,Unleashed,10027,https://image.tmdb.org/t/p/original/gghvmS3UxtOw1UHIgYjpeZNxHil.jpg
1115,The Sweetest Thing,11812,https://image.tmdb.org/t/p/original/qLysz4B5YmiDq52Op0zq4eD75LC.jpg
1116,The Firm,37233,https://image.tmdb.org/t/p/original/kFexXCzidkm4LwlgZqxsJsDQB5v.jpg
1117,Charlie St. Cloud,37950,https://image.tmdb.org/t/p/original/r4XSrs6N086EU8CNm339dHRPhZg.jpg
1118,The Mechanic,27582,https://image.tmdb.org/t/p/original/k37axEHszFP9WOVvbozxF0r7X7g.jpg
1119,21 Jump Street,64688,https://image.tmdb.org/t/p/original/8v3Sqv9UcIUC4ebmpKWROqPBINZ.jpg
1120,Notting Hill,509,https://image.tmdb.org/t/p/original/hHRIf2XHeQMbyRb3HUx19SF5Ujw.jpg
1121,Chicken Run,7443,https://image.tmdb.org/t/p/original/8XgmIsbpVamdhwcNVsYzohFZTtT.jpg
1122,Along Came Polly,5966,https://image.tmdb.org/t/p/original/ieTSn8YTsHoPK8GNf2J9eIkP5wo.jpg
1123,Boomerang,11066,https://image.tmdb.org/t/p/original/cc9YAZq5NXiIEJsHjW7p2FaHQkp.jpg
1124,The Heat,136795,https://image.tmdb.org/t/p/original/yERBa1y5zNUOTRKQPiDCPIc2fuv.jpg
1125,Cleopatra,8095,https://image.tmdb.org/t/p/original/bj7rUGUewofA9cpHt1h36gvDFfy.jpg
1126,Here Comes the Boom,87826,https://image.tmdb.org/t/p/original/g3ZjNkQP4M7Cs0clPD9q7EO2P1g.jpg
1127,High Crimes,11560,https://image.tmdb.org/t/p/original/9sj9rUr7Vu5IfOQHnYKnJuVEw0B.jpg
1128,The Mirror Has Two Faces,25189,https://image.tmdb.org/t/p/original/ekk8MKMp3tlJjcMuhOgKsMCRrvR.jpg
1129,The Mothman Prophecies,2637,https://image.tmdb.org/t/p/original/z2PiOTyjbCOnMHY2QJdq3I4jU44.jpg
1130,Brüno,18480,https://image.tmdb.org/t/p/original/wcUc7TYtsb72dHVb51sYaGIvQsr.jpg
1131,Licence to Kill,709,https://image.tmdb.org/t/p/original/8nzJve63EXA79HGAyidZwivZrQ2.jpg
1132,Red Riding Hood,49730,https://image.tmdb.org/t/p/original/dMI4XZCfC0VhUNN1Ds6ty6iRoyJ.jpg
1133,15 Minutes,2749,https://image.tmdb.org/t/p/original/1qGyTDp4K4J2RjGtT5hR81ilX9r.jpg
1134,Super Mario Bros.,9607,https://image.tmdb.org/t/p/original/yt5bbMfKpg1nRr4k5edxs7tPK2m.jpg
1135,Lord of War,1830,https://image.tmdb.org/t/p/original/3MGQD4yXokufNlW1AyRXdiy7ytP.jpg
1136,英雄,79,https://image.tmdb.org/t/p/original/vxgZto2Cz7ILHAlmRXt50I2brB2.jpg
1137,One for the Money,54054,https://image.tmdb.org/t/p/original/eeltLl5jLUl9d96tpKkCAWu4JWu.jpg
1138,The Interview,228967,https://image.tmdb.org/t/p/original/tIDC4xT65l7a8qbgg8GvwD5g8c5.jpg
1139,The Warrior's Way,46528,https://image.tmdb.org/t/p/original/otjBqNDpZ3C9mzfDOI4kaiib3Qd.jpg
1140,Micmacs à tire-larigot,27936,https://image.tmdb.org/t/p/original/yiqooJWNDEVsp8lbdTrTBvLAk0m.jpg
1141,8 Mile,65,https://image.tmdb.org/t/p/original/7BmQj8qE1FLuLTf7Xjf9sdIHzoa.jpg
1142,Pourquoi j'ai pas mangé mon père,280391,https://image.tmdb.org/t/p/original/7qccdwXUMazLqkMKm4ZJ7lAnzUF.jpg
1143,A Knight's Tale,9476,https://image.tmdb.org/t/p/original/srb1XnrlDZHcdpjBKqUu4qAzxKU.jpg
1144,The Medallion,10610,https://image.tmdb.org/t/p/original/lbjFWKfe8WdS8Pj6WVPlyEKeVEo.jpg
1145,The Sixth Sense,745,https://image.tmdb.org/t/p/original/vOyfUXNFSnaTk7Vk5AjpsKTUWsu.jpg
1146,Man on a Ledge,49527,https://image.tmdb.org/t/p/original/zGVGAupxcQMZjzWhCTaswjPbpH2.jpg
1147,The Big Year,73937,https://image.tmdb.org/t/p/original/q6Pr8fWKh664seri2MaQeIJ6eSI.jpg
1148,The Karate Kid,1885,https://image.tmdb.org/t/p/original/1mp4ViklKvA0WXXsNvNx0RBuiit.jpg
1149,American Hustle,168672,https://image.tmdb.org/t/p/original/z6O1KDhfWDTm5ZBr6Ovr0eg8LqO.jpg
1150,The Proposal,18240,https://image.tmdb.org/t/p/original/aEqtJDj8MvSDQwzggvcOfFTZMw.jpg
1151,Double Jeopardy,10398,https://image.tmdb.org/t/p/original/dPd9QvEeMQpgHO6iLB1LqALTZl.jpg
1152,Back to the Future Part II,165,https://image.tmdb.org/t/p/original/YBawEsTkUZBDajKbd5LiHkmMGf.jpg
1153,Lucy,240832,https://image.tmdb.org/t/p/original/kRbpUTRNm6QbLQFPFWUcNC4czEm.jpg
1154,Fifty Shades of Grey,216015,https://image.tmdb.org/t/p/original/63kGofUkt1Mx0SIL4XI4Z5AoSgt.jpg
1155,Spy Kids 3-D: Game Over,12279,https://image.tmdb.org/t/p/original/buA8dN4zLNr0dYBeKfHfMnEfdLE.jpg
1156,A Time to Kill,1645,https://image.tmdb.org/t/p/original/w8UCke112E9jrhjKcwG32kyhTx5.jpg
1157,Cheaper by the Dozen,11007,https://image.tmdb.org/t/p/original/hetmSdWARqU5ljQVKWYpAoupXST.jpg
1158,Lone Survivor,193756,https://image.tmdb.org/t/p/original/zaBIrloyhGK7iNTZMb3f9SARsl8.jpg
1159,A League of Their Own,11287,https://image.tmdb.org/t/p/original/7xpFXAOjgzFPE3vyVerFGfrXhFK.jpg
1160,The Conjuring 2,259693,https://image.tmdb.org/t/p/original/zEqyD0SBt6HL7W9JQoWwtd5Do1T.jpg
1161,The Social Network,37799,https://image.tmdb.org/t/p/original/n0ybibhJtQ5icDqTp8eRytcIHJx.jpg
1162,He's Just Not That Into You,10184,https://image.tmdb.org/t/p/original/jip2ap24Y6JxEgzVRyNqyYssnyR.jpg
1163,Scary Movie 4,4257,https://image.tmdb.org/t/p/original/sEqFdw1wLtY94RKCSPolsHWzn6r.jpg
1164,Scream 3,4234,https://image.tmdb.org/t/p/original/qpH8ToZVlFD1bakL04LkEKodyDI.jpg
1165,Back to the Future Part III,196,https://image.tmdb.org/t/p/original/crzoVQnMzIrRfHtQw0tLBirNfVg.jpg
1166,Get Hard,257091,https://image.tmdb.org/t/p/original/rJPbS2cYOYhDCjT5NmW1Fm6gFl3.jpg
1167,Dracula,6114,https://image.tmdb.org/t/p/original/n39glC4GkBeCbwdenES8ZBodim8.jpg
1168,Julie & Julia,24803,https://image.tmdb.org/t/p/original/r1bFBBj3VMek0oEtgm9N51OqVjF.jpg
1169,42,109410,https://image.tmdb.org/t/p/original/iZ7jVGQWj3eBUdqwAPUlKk0BaS2.jpg
1170,The Talented Mr. Ripley,1213,https://image.tmdb.org/t/p/original/6ojHgqtIR41O2qLKa7LFUVj0cZa.jpg
1171,Dumb and Dumber To,100042,https://image.tmdb.org/t/p/original/cvEi0xV7TUkabJGuzulhvbMjrHi.jpg
1172,Eight Below,9036,https://image.tmdb.org/t/p/original/39hR806Me4wI42LCFcK2LBiCRGW.jpg
1173,The Intern,257211,https://image.tmdb.org/t/p/original/9UoAC9tu8kIyRy8AcJnGhnH0gOH.jpg
1174,Ride Along 2,323675,https://image.tmdb.org/t/p/original/2433Vt8xuDnAIDAJTNx6DEtf9Qb.jpg
1175,The Last of the Mohicans,9361,https://image.tmdb.org/t/p/original/qzJMPWRtZveBkxXOv3ucWhoJuyj.jpg
1176,Ray,1677,https://image.tmdb.org/t/p/original/tSPC7sO2XYNL9QcMmK88tuUALL5.jpg
1177,Sin City,187,https://image.tmdb.org/t/p/original/i66G50wATMmPrvpP95f0XP6ZdVS.jpg
1178,Vantage Point,7461,https://image.tmdb.org/t/p/original/9xA1KaGoYQJveY3C87J41Au5Kkn.jpg
1179,"I Love You, Man",16538,https://image.tmdb.org/t/p/original/xr4zAYsvgTzvMMiWu6qCAP9WBer.jpg
1180,Shallow Hal,9889,https://image.tmdb.org/t/p/original/gtcsIu8yBlfONaOENj78UFJLbjQ.jpg
1181,JFK,820,https://image.tmdb.org/t/p/original/r0VWVTYlqdRCK5ZoOdNnHdqM2gt.jpg
1182,Big Momma's House 2,11565,https://image.tmdb.org/t/p/original/wlbov6pkgySqYZilZcO54f29Dg1.jpg
1183,The Mexican,6073,https://image.tmdb.org/t/p/original/5GqF6rVjUW6CVTuj7w1A2JE49AF.jpg
1184,17 Again,16996,https://image.tmdb.org/t/p/original/yEcfFXEWpuXcfsR9nKESVCFneqV.jpg
1185,The Other Woman,193610,https://image.tmdb.org/t/p/original/yHnbb6z8REuFIyBLT2Nj3MX54dY.jpg
1186,The Final Destination,19912,https://image.tmdb.org/t/p/original/5vxXrr1MqGsT4NNeRITpfDnl4Rq.jpg
1187,Bridge of Spies,296098,https://image.tmdb.org/t/p/original/fmOOjHAQzxr0c1sfcY4qkiSRBH6.jpg
1188,Behind Enemy Lines,8007,https://image.tmdb.org/t/p/original/nmNfyRNLKz7QaUOx49FeaHj82Aq.jpg
1189,Get Him to the Greek,32823,https://image.tmdb.org/t/p/original/6g0li87w8LIK77QRUtOkQkM6bD7.jpg
1190,Shall We Dance?,4380,https://image.tmdb.org/t/p/original/aGIyiQv08Gw1HO5BV1yrwCWtGHC.jpg
1191,Small Soldiers,11551,https://image.tmdb.org/t/p/original/2nuUjSzHsoYlRvTPmLo7m7gCQry.jpg
1192,Spawn,10336,https://image.tmdb.org/t/p/original/3svvunKXkhRvEKByGDua1Qu0otq.jpg
1193,The Count of Monte Cristo,11362,https://image.tmdb.org/t/p/original/ifMgDAUXVQLY4DeOu3VTTi55jSP.jpg
1194,The Lincoln Lawyer,50348,https://image.tmdb.org/t/p/original/gOn8Ve9Yi8fxjRkmLr5BZoOc7KV.jpg
1195,Unknown,48138,https://image.tmdb.org/t/p/original/aXBQD515okXQZmYA89ntXMvSJSd.jpg
1196,The Prestige,1124,https://image.tmdb.org/t/p/original/Ag2B2KHKQPukjH7WutmgnnSNurZ.jpg
1197,Horrible Bosses 2,227159,https://image.tmdb.org/t/p/original/boBOkwIqgrs8noxBUSDkkicKa4K.jpg
1198,Escape from Planet Earth,68179,https://image.tmdb.org/t/p/original/9la0CSCJqwh6io3yk4Xv3aEZxEA.jpg
1199,Apocalypto,1579,https://image.tmdb.org/t/p/original/cRY25Q32kDNPFDkFkxAs6bgCq3L.jpg
1200,The Living Daylights,708,https://image.tmdb.org/t/p/original/1oRlmWX9hewpn2B44wawBjHd7dx.jpg
1201,Predators,34851,https://image.tmdb.org/t/p/original/sx5EuckP7SBQrlMlxg0PLt282WS.jpg
1202,Legal Eagles,9930,https://image.tmdb.org/t/p/original/aZKGkQ9rpMyQ75sbdLnpmiM3m73.jpg
1203,Secret Window,1586,https://image.tmdb.org/t/p/original/hvzw4wufKZkDCTPVeG71Z7pGfZh.jpg
1204,The Lake House,2044,https://image.tmdb.org/t/p/original/tHpc1118dYWLnHZleGhwZxRbpae.jpg
1205,The Skeleton Key,9913,https://image.tmdb.org/t/p/original/wHmubdzrVw8oq7htzrf364wsJNp.jpg
1206,The Odd Life of Timothy Green,71864,https://image.tmdb.org/t/p/original/avf0QddIevLw8kZKfZ4X1cLAitI.jpg
1207,Made of Honor,10761,https://image.tmdb.org/t/p/original/pDg8D0jNqmz7RbCBgblWvmPswHE.jpg
1208,Jersey Boys,209451,https://image.tmdb.org/t/p/original/kz956Y83YtT6vTyg0Q40mzRe2UM.jpg
1209,The Rainmaker,11975,https://image.tmdb.org/t/p/original/twLGHXPjQtS8UyVGp5GXmhJiTM7.jpg
1210,Gothika,4970,https://image.tmdb.org/t/p/original/frSGNQcWx1ek8dCduFYCux1ho7n.jpg
1211,Amistad,11831,https://image.tmdb.org/t/p/original/6QqNyIHKow0jngiQgTNBOBrLILM.jpg
1212,Medicine Man,9096,https://image.tmdb.org/t/p/original/lkHqtViTG4Zzh7i9rrtHJGTnEUg.jpg
1213,Aliens vs Predator: Requiem,440,https://image.tmdb.org/t/p/original/jCyJN1vj8jqJJ0vNw4hDH2KlySO.jpg
1214,Ri¢hie Ri¢h,11011,https://image.tmdb.org/t/p/original/qgGh5d0IHAZRlHIdFS3XWVygumR.jpg
1215,Autumn in New York,10641,https://image.tmdb.org/t/p/original/avtPZ5vGvFugnY0NK8d3Przx6P7.jpg
1216,Music and Lyrics,11172,https://image.tmdb.org/t/p/original/qJeaucfjK3IPqISCrvTM9g3n4g2.jpg
1217,Paul,39513,https://image.tmdb.org/t/p/original/bX8TP2qRWh2OcmeUHGn1ENDkCu6.jpg
1218,The Guilt Trip,82687,https://image.tmdb.org/t/p/original/55JqWqocsMNx5uanELDRDFqu40J.jpg
1219,Scream 4,41446,https://image.tmdb.org/t/p/original/tcrI37K98TVopLbcZBa55mWhLT1.jpg
1220,8MM,8224,https://image.tmdb.org/t/p/original/mhr9xRpjOBqlBjgDwtiOx6FsLvV.jpg
1221,The Doors,10537,https://image.tmdb.org/t/p/original/x1LM3dzGuG6xOz0aT2e71o11vhu.jpg
1222,Sex Tape,225886,https://image.tmdb.org/t/p/original/pFdS7SIdjcrYXtf141dabWVly9B.jpg
1223,Hanging Up,10385,https://image.tmdb.org/t/p/original/lnnFFGhIXi6ZDU3r29eKHKTHdq0.jpg
1224,Final Destination 5,55779,https://image.tmdb.org/t/p/original/Akx1Po4ZLetOWfYJhQf75tbhTtK.jpg
1225,Mickey Blue Eyes,10154,https://image.tmdb.org/t/p/original/gEnKsStQ27P0KCCIGtkYwvFQ0RX.jpg
1226,Pay It Forward,10647,https://image.tmdb.org/t/p/original/62OIokwaxFwBFWM147ijLJsaVJD.jpg
1227,Fever Pitch,11431,https://image.tmdb.org/t/p/original/xwJBEOM5BVElAgQIA82KBLX10fu.jpg
1228,Drillbit Taylor,8457,https://image.tmdb.org/t/p/original/shqO696kFnM8Z4ODa3JglcjP97u.jpg
1229,A Million Ways to Die in the West,188161,https://image.tmdb.org/t/p/original/n9SicwnoNGWBwE75le27sUhCLMm.jpg
1230,The Shadow,8850,https://image.tmdb.org/t/p/original/xAbFJH3vQYZvUyzzGAtG4OLy492.jpg
1231,Extremely Loud & Incredibly Close,64685,https://image.tmdb.org/t/p/original/6pszViNvKr1r31pP7gJNYDHEx5P.jpg
1232,Morning Glory,38357,https://image.tmdb.org/t/p/original/aFRXEoB3QkeHNHYmVGC3uzFSol8.jpg
1233,Get Rich or Die Tryin',10060,https://image.tmdb.org/t/p/original/aaEJu8vFKtrAoSRtw3xjCf1aM5d.jpg
1234,The Art of War,11398,https://image.tmdb.org/t/p/original/ydm2xhWosLF645oGSbQ7ImAbMho.jpg
1235,Rent,1833,https://image.tmdb.org/t/p/original/fomBrfOHWxlaVcjPk4yCQgIwAnh.jpg
1236,Bless the Child,10391,https://image.tmdb.org/t/p/original/s1RGEF8xIA6ecF8W4do8CaWI0yE.jpg
1237,The Out-of-Towners,8970,https://image.tmdb.org/t/p/original/wOmLJYh7oOfATE236XpoDfcXhOh.jpg
1238,The Island of Dr. Moreau,9306,https://image.tmdb.org/t/p/original/hOJeQXve8W9rNRhdgC1WV3GQJyA.jpg
1239,The Musketeer,11370,https://image.tmdb.org/t/p/original/oaKp6HZQDTtCOwn4JGi2Mh7Ep95.jpg
1240,The Other Boleyn Girl,12184,https://image.tmdb.org/t/p/original/q2lgC8mmAltWTkbqPM8n5EYF4XL.jpg
1241,Sweet November,1921,https://image.tmdb.org/t/p/original/3biEHZSBSYqSkawU2sQyNbLcjgE.jpg
1242,The Reaping,1683,https://image.tmdb.org/t/p/original/o8Vl4Vxp5LBth9J6Aa3k6PAefxt.jpg
1243,Mean Streets,203,https://image.tmdb.org/t/p/original/rzVTH9ylCw0owKkMZQVz2Eve97E.jpg
1244,Renaissance Man,11858,https://image.tmdb.org/t/p/original/iPRtaSfN8gNWFclgrcg5oD3V41i.jpg
1245,Colombiana,62835,https://image.tmdb.org/t/p/original/rEdGDgRB3gducezNSIyx2lbKQy4.jpg
1246,Quest for Camelot,18937,https://image.tmdb.org/t/p/original/pLfFEQ9HTw0HRvBkW3nI9RUze03.jpg
1247,City By The Sea,13536,https://image.tmdb.org/t/p/original/vpjKtnE5SGTfmdw4YtJsnrfFJs0.jpg
1248,At First Sight,15556,https://image.tmdb.org/t/p/original/9nylrKj8zWxTor9BCy3umv6WHZe.jpg
1249,Torque,10718,https://image.tmdb.org/t/p/original/pY35tW8BMAjZewl87OxjXK8ui02.jpg
1250,City Hall,11062,https://image.tmdb.org/t/p/original/w7EkAl4Oi8Lc6VQKaqRHrOV3CxR.jpg
1251,Showgirls,10802,https://image.tmdb.org/t/p/original/atjtGFIIt9QMGf9ELyboq5cl466.jpg
1252,Marie Antoinette,1887,https://image.tmdb.org/t/p/original/cybXGmv8Rjd5Os8Xml6YxMBQ0Zt.jpg
1253,Kiss of Death,6071,https://image.tmdb.org/t/p/original/2cCxEqeIy6Q8HgVjfT7obOnF5Zi.jpg
1254,Get Carter,10461,https://image.tmdb.org/t/p/original/xGANaRWD6638ch1qQmqgRp395R6.jpg
1255,Lo imposible,80278,https://image.tmdb.org/t/p/original/k0DLCiDbnYywOHiISALbl2EH2NE.jpg
1256,Ishtar,12704,https://image.tmdb.org/t/p/original/2n6cDGd84I1KvCeYlTju7MBC9sN.jpg
1257,Fantastic Mr. Fox,10315,https://image.tmdb.org/t/p/original/njbTizADSZg4PqeyJdDzZGooikv.jpg
1258,Life or Something Like It,16643,https://image.tmdb.org/t/p/original/b9lUSfCjv8jjNRSsmk65HEV1Pv3.jpg
1259,Memoirs of an Invisible Man,2687,https://image.tmdb.org/t/p/original/zbplzn4WrBkKDmmWlQkWdsacmNa.jpg
1260,Le fabuleux destin d'Amélie Poulain,194,https://image.tmdb.org/t/p/original/oTKduWL2tpIKEmkAqF4mFEAWAsv.jpg
1261,New York Minute,11025,https://image.tmdb.org/t/p/original/px9hV6w6XzAjGdxCRUAUasAHQsP.jpg
1262,Alfie,8849,https://image.tmdb.org/t/p/original/dvKvkoc2d06cOSheq5hQ7G4FJJX.jpg
1263,Big Miracle,78698,https://image.tmdb.org/t/p/original/hqdrgC5oHK06DDaAlulReUC7Nog.jpg
1264,The Deep End of the Ocean,30943,https://image.tmdb.org/t/p/original/4Q8g9CfW7EiwxRCpLSDpOmcaEZb.jpg
1265,FearDotCom,9544,https://image.tmdb.org/t/p/original/phcd5AJvA1S45JMKYoNLhTzFwsE.jpg
1266,Cirque du Freak: The Vampire's Assistant,24418,https://image.tmdb.org/t/p/original/3Z2f50SKyHMWLLFH8OsV6hFoKLF.jpg
1267,Duplex,7288,https://image.tmdb.org/t/p/original/rGw6I9TsgRIaBHa5JMg6MpARxjw.jpg
1268,Soul Men,14655,https://image.tmdb.org/t/p/original/ewU8w8IPlAkauFutzSwYYFILiU8.jpg
1269,Raise the Titanic,24575,https://image.tmdb.org/t/p/original/XvukyvRCbkYKKv1TdtlyNxvzEl.jpg
1270,Universal Soldier: The Return,10366,https://image.tmdb.org/t/p/original/qlcPJK0Me8aUtDPwk3TqN2RdKH4.jpg
1271,Pandorum,19898,https://image.tmdb.org/t/p/original/mNMfa6r3pl0EzFIKEkVcxyr6Rc7.jpg
1272,Impostor,4965,https://image.tmdb.org/t/p/original/7Uy4JbalP0mEyKnFW2IorQDmbBa.jpg
1273,Extreme Ops,15074,https://image.tmdb.org/t/p/original/984tq1bRL2uzR0wHrNzZVYTR0Al.jpg
1274,Just Visiting,56715,https://image.tmdb.org/t/p/original/7KqzbefXjADSUE8j2ZsrudvAArY.jpg
1275,Sunshine,1272,https://image.tmdb.org/t/p/original/8kX6xmEwz0RpEJkeWjXTkxbOCAp.jpg
1276,A Thousand Words,72358,https://image.tmdb.org/t/p/original/hSxVSMHrW3epffELvi2CC5XdFXb.jpg
1277,Delgo,20542,https://image.tmdb.org/t/p/original/d2aToPc2oKAF2sSCvoSkTyW56OT.jpg
1278,The Gunman,266396,https://image.tmdb.org/t/p/original/fhwRY5aprUyUG7maRWCmtoTb4lh.jpg
1279,Stormbreaker,9978,https://image.tmdb.org/t/p/original/cPkOpvCY6BYiig9SiHhgJiKnkFs.jpg
1280,Disturbia,8271,https://image.tmdb.org/t/p/original/je3sZZpcfPeiR4eIqBKbxomOw6d.jpg
1281,Hackers,10428,https://image.tmdb.org/t/p/original/qfx2EENW1sOpKNVKLzr7VOhlxkt.jpg
1282,The Hunting Party,5353,https://image.tmdb.org/t/p/original/kXUfQGa7BoW856hDYAFtZLtiAAQ.jpg
1283,The Hudsucker Proxy,11934,https://image.tmdb.org/t/p/original/iIOHYWrRyxjUI6ry3fejIUSYfe5.jpg
1284,投名狀,14392,https://image.tmdb.org/t/p/original/9sAWyaASakMW9f3LSXK8Br3RCED.jpg
1285,Nomad,19495,https://image.tmdb.org/t/p/original/vLHtz57xpPBrIl9YAhEgC29LCyk.jpg
1286,Snowpiercer,110415,https://image.tmdb.org/t/p/original/nzccOvhrLGI0nvAknCEAk8bchD9.jpg
1287,Un monstre à Paris,77459,https://image.tmdb.org/t/p/original/wSYZR2QL58jWPIEe9TG7G9PlTya.jpg
1288,The Last Shot,26486,https://image.tmdb.org/t/p/original/usNiB3f9HdJU7ZTJiPklFr4PaMd.jpg
1289,The Crow,9495,https://image.tmdb.org/t/p/original/rMMB3v6jYHjsvXRNJYESacoTD7j.jpg
1290,Baahubali: The Beginning,256040,https://image.tmdb.org/t/p/original/9BAjt8nSSms62uOVYn1t3C3dVto.jpg
1291,The Time Traveler's Wife,24420,https://image.tmdb.org/t/p/original/J3ewuzQwhFro0pDpdcbZ4j7MYy.jpg
1292,Because I Said So,1257,https://image.tmdb.org/t/p/original/wQtGQnr5RPnmzSfV9zUcgh8R9NX.jpg
1293,Frankenweenie,62214,https://image.tmdb.org/t/p/original/yGjVbLVdZRBlZTTQVBsj2KUjL1s.jpg
1294,Serenity,16320,https://image.tmdb.org/t/p/original/4sqUOaPFoP2W81mq1UYqZqf5WzA.jpg
1295,Against the Ropes,8842,https://image.tmdb.org/t/p/original/9CuODYTA3vvrGluaIl0hMPsEIK8.jpg
1296,Superman III,9531,https://image.tmdb.org/t/p/original/jyUk4HG6Kk85k0FdjB9dmatqkRZ.jpg
1297,Grudge Match,64807,https://image.tmdb.org/t/p/original/jTq9jYTKKo6EhQPso4xTMpPYYXW.jpg
1298,Chi bi,12289,https://image.tmdb.org/t/p/original/eEelFTjUYJJDlwqd53VfSA8xMfj.jpg
1299,Sweet Home Alabama,11529,https://image.tmdb.org/t/p/original/698cbxq0SRwCdOPG5Bwi7JDk12d.jpg
1300,The Ugly Truth,20943,https://image.tmdb.org/t/p/original/2rq96Ihbqb1eU3TEBVtgFlqbeX7.jpg
1301,Sgt. Bilko,9099,https://image.tmdb.org/t/p/original/q4zmVdQq35ZBj8uyxsU2RCPOQxo.jpg
1302,Spy Kids 2: The Island of Lost Dreams,9488,https://image.tmdb.org/t/p/original/z8pfWCk6SlxxDLXXQdUHdxF5dwJ.jpg
1303,Star Trek: Generations,193,https://image.tmdb.org/t/p/original/gh0ZZRwSmlzEZTIZee3ZCN9Jssx.jpg
1304,一代宗師,44865,https://image.tmdb.org/t/p/original/ydBVVIscL6TsX5hYztA5YpBCwJ3.jpg
1305,Water for Elephants,55787,https://image.tmdb.org/t/p/original/8T7Hvb9trKvCAmbSI8cEIU0Sl2T.jpg
1306,Dragon Nest: Warriors' Dawn,257932,https://image.tmdb.org/t/p/original/8fklM49dK7AZ3j8jgycxbRwECGa.jpg
1307,The Hurricane,10400,https://image.tmdb.org/t/p/original/eOzbt7KsqTC8gcjJMxcQnr89cxJ.jpg
1308,Enough,1957,https://image.tmdb.org/t/p/original/yAfXnB6B69iM8KiWwzGulCXF4Mo.jpg
1309,Heartbreakers,10833,https://image.tmdb.org/t/p/original/bwvec0gRMSpLakcPuxe0RWScNv3.jpg
1310,Paul Blart: Mall Cop 2,256961,https://image.tmdb.org/t/p/original/qML63w7vgspicwLK6xXGLK17cM0.jpg
1311,Angel Eyes,5852,https://image.tmdb.org/t/p/original/6ZeMoynnz4pRweKKZ9c2G1absMJ.jpg
1312,Joe Somebody,12312,https://image.tmdb.org/t/p/original/9AJvAour6cslSMy9Q0WLd0jIJh1.jpg
1313,The Ninth Gate,622,https://image.tmdb.org/t/p/original/iFDtmA8Bg9zE4NcsjcmGfqFN01H.jpg
1314,Extreme Measures,11306,https://image.tmdb.org/t/p/original/uowP2Nw2mLpQni1vtbUb1LUSiP0.jpg
1315,Rock Star,12508,https://image.tmdb.org/t/p/original/8pRMweo9WA1MvYOLsD2hWyFpZ1V.jpg
1316,Precious,25793,https://image.tmdb.org/t/p/original/d4ltLIDbvZskSwbzXqi0Hfv5ma4.jpg
1317,White Squall,10534,https://image.tmdb.org/t/p/original/i7xX9EYtNFvWgWPlWSxKTFpSIua.jpg
1318,The Thing,1091,https://image.tmdb.org/t/p/original/a9RjXOIIB56k2rGoL3Fk3nRHHHQ.jpg
1319,Riddick,87421,https://image.tmdb.org/t/p/original/pUul9pGWOKT7X0smkTvsIEIQxcP.jpg
1320,Switchback,10871,https://image.tmdb.org/t/p/original/3v4nX475G97Vd8XCapTKQ7NTqMs.jpg
1321,Texas Rangers,13503,https://image.tmdb.org/t/p/original/69tMHlxiCYlYKGZm1aPH1u7hY88.jpg
1322,City of Ember,13600,https://image.tmdb.org/t/p/original/xHYxFNsl8KuT4tHai8d1Y5gJI0F.jpg
1323,The Master,68722,https://image.tmdb.org/t/p/original/jjVGdNt4fYb3T2hjISGZ2qnCuaV.jpg
1324,Virgin Territory,14324,https://image.tmdb.org/t/p/original/9SUk6RN9lNVt9OHMKFhMTQu2yx1.jpg
1325,The Express,14325,https://image.tmdb.org/t/p/original/l4bOPaxwx1WebQXTeqXzXwf9n3M.jpg
1326,The 5th Wave,299687,https://image.tmdb.org/t/p/original/ja34BV577dtjWl2S5G1tB93IjYb.jpg
1327,Creed,312221,https://image.tmdb.org/t/p/original/1BfTsk5VWuw8FCocAhCyqnRbEzq.jpg
1328,The Town,23168,https://image.tmdb.org/t/p/original/3NIzyXkfylsjflRKSz8Fts3lXzm.jpg
1329,What to Expect When You're Expecting,76494,https://image.tmdb.org/t/p/original/51kg6CdfwwrBjDDFhT44TwoAZMr.jpg
1330,Burn After Reading,4944,https://image.tmdb.org/t/p/original/jdwSkQu3XirmX18MNj8CqFWsCk.jpg
1331,Nim's Island,10488,https://image.tmdb.org/t/p/original/vhNoXDpc7T5OdmAuu8DMHLB39uo.jpg
1332,Rush,96721,https://image.tmdb.org/t/p/original/5hpcfL3WH5ArSPUlfD4E1TtaOd0.jpg
1333,Magnolia,334,https://image.tmdb.org/t/p/original/tpfC325Jk6S38VTe5dDWjWtoyxr.jpg
1334,Cop Out,23742,https://image.tmdb.org/t/p/original/qA31i7FPVDHezuoevx3497CvZd4.jpg
1335,How to Be Single,259694,https://image.tmdb.org/t/p/original/a4Ce3qHqIyHM3QfGsiVTAu3YADJ.jpg
1336,Dolphin Tale,62837,https://image.tmdb.org/t/p/original/af2SRFllNW26WFG84AfTv3xLT5t.jpg
1337,Twilight,8966,https://image.tmdb.org/t/p/original/3Gkb6jm6962ADUPaCBqzz9CTbn9.jpg
1338,John Q,8470,https://image.tmdb.org/t/p/original/xEE91LvXiqgs7Hmdl44LCzHtFf6.jpg
1339,Blue Streak,11001,https://image.tmdb.org/t/p/original/jek2osBtFhzU6Hjj7yp1egOtbqO.jpg
1340,We're the Millers,138832,https://image.tmdb.org/t/p/original/yNJreiR2PuiGwsWWJC7cWpgXwCL.jpg
1341,Obitaemyy Ostrov,16911,https://image.tmdb.org/t/p/original/7tVc6BEY7FEowyEDOTqzfpqBnDo.jpg
1342,Breakdown,2163,https://image.tmdb.org/t/p/original/m3VB59ppr1RlpxNUYRUfZTgjgU.jpg
1343,Never Say Never Again,36670,https://image.tmdb.org/t/p/original/zhoAL4o1STGgLbLxJ9r1ijfyHC9.jpg
1344,Hot Tub Time Machine,23048,https://image.tmdb.org/t/p/original/wjzbVXAes1acbh6k4OO5xVfy5.jpg
1345,Dolphin Tale 2,227735,https://image.tmdb.org/t/p/original/7ujGA9YqxQ3uwtMelCEsaBKasuR.jpg
1346,Reindeer Games,2155,https://image.tmdb.org/t/p/original/5ZQpRgKgRIF0IgBx3kGYSNPRtvT.jpg
1347,A Man Apart,8409,https://image.tmdb.org/t/p/original/mgcGj39KYcyPx6zDiICHsPQNAJQ.jpg
1348,Aloha,222936,https://image.tmdb.org/t/p/original/58Y4CjcRX8AtMNtI0AXu9H7iebP.jpg
1349,Ghosts of Mississippi,31908,https://image.tmdb.org/t/p/original/gu81MbuLTPbw95xWuDuM7ddcCir.jpg
1350,Snow Falling on Cedars,10219,https://image.tmdb.org/t/p/original/h1CujbeKvwkR6LMr4jVuMM0C94X.jpg
1351,The Rite,48171,https://image.tmdb.org/t/p/original/gRTxM95huMwIDfZBJWjuifMTfpx.jpg
1352,Gattaca,782,https://image.tmdb.org/t/p/original/eSKr5Fl1MEC7zpAXaLWBWSBjgJq.jpg
1353,Isn't She Great,75531,https://image.tmdb.org/t/p/original/ikmulTGVfW6jYYNz4iO5yoN7dla.jpg
1354,Space Chimps,11802,https://image.tmdb.org/t/p/original/ecAKgzlt78OvEVpZURYYdSz8K5v.jpg
1355,Head of State,9776,https://image.tmdb.org/t/p/original/5itBve85q2oXmiQ3SkgCJa5Asxq.jpg
1356,The Hangover,18785,https://image.tmdb.org/t/p/original/A0uS9rHR56FeBtpjVki16M5xxSW.jpg
1357,葉問3,365222,https://image.tmdb.org/t/p/original/RTt4lgyTDI8JHMGbZGDDbcZmkM.jpg
1358,Austin Powers: The Spy Who Shagged Me,817,https://image.tmdb.org/t/p/original/wqcE8EAmVl5j3mLuIrHFG7RmQyg.jpg
1359,Batman,268,https://image.tmdb.org/t/p/original/cij4dd21v2Rk2YtUQbV5kW69WB2.jpg
1360,There Be Dragons,45054,https://image.tmdb.org/t/p/original/7y6ehxTLB1ZJl3xFVFbhcnoJx1m.jpg
1361,Lethal Weapon 3,943,https://image.tmdb.org/t/p/original/smzJxEnusgqv3bvHIWwf4cuwPcr.jpg
1362,The Blind Side,22881,https://image.tmdb.org/t/p/original/bMgq7VBriuBFknXEe9E9pVBYGZq.jpg
1363,Spy Kids,10054,https://image.tmdb.org/t/p/original/j3rUkHIAAoKr6jU30q3Db4fcIF9.jpg
1364,Horrible Bosses,51540,https://image.tmdb.org/t/p/original/uQkUwgyFHAm0jGQERPG6Z9o9Zbj.jpg
1365,True Grit,44264,https://image.tmdb.org/t/p/original/tCrB8pcjadZjsDk7rleGJaIv78k.jpg
1366,The Devil Wears Prada,350,https://image.tmdb.org/t/p/original/8912AsVuS7Sj915apArUFbv6F9L.jpg
1367,Star Trek: The Motion Picture,152,https://image.tmdb.org/t/p/original/wfiAfNwH6CMKxz4vRaW8CPTabtk.jpg
1368,Identity Thief,109431,https://image.tmdb.org/t/p/original/lIliJCGoWT6tEVaDivLpXEf038w.jpg
1369,Cape Fear,1598,https://image.tmdb.org/t/p/original/meJZAAuVcjic2ipvbOPz5UlE4P9.jpg
1370,21,8065,https://image.tmdb.org/t/p/original/BQzE6oTStXIZ5dqjXmRIVp19YB.jpg
1371,Trainwreck,271718,https://image.tmdb.org/t/p/original/wrY629UTCUAKLJ4CxQXz6DCE7pr.jpg
1372,Guess Who,11638,https://image.tmdb.org/t/p/original/8BF6qSAANBvhEPZxQVTUiZbfiOy.jpg
1373,The English Patient,409,https://image.tmdb.org/t/p/original/8eHHqMg8qEYtVw8LQLygsHXSR2q.jpg
1374,L.A. Confidential,2118,https://image.tmdb.org/t/p/original/lWCgf5sD5FpMljjpkRhcC8pXcch.jpg
1375,Sky High,11459,https://image.tmdb.org/t/p/original/nBB0XNMwvYvWpo67EcxQqKMoMKf.jpg
1376,In & Out,10806,https://image.tmdb.org/t/p/original/jUTQp6cPgfOX4St2WfaeUvxZCts.jpg
1377,Species,9348,https://image.tmdb.org/t/p/original/cT5wdyo8kT7dycqjrolJ2sHWkFx.jpg
1378,A Nightmare on Elm Street,377,https://image.tmdb.org/t/p/original/wGTpGGRMZmyFCcrY2YoxVTIBlli.jpg
1379,The Cell,8843,https://image.tmdb.org/t/p/original/kfYVxvDDAJoFq2knHUzAZP09pAc.jpg
1380,The Man in the Iron Mask,9313,https://image.tmdb.org/t/p/original/zHE9yRURvA7DyhYtQxkGTfE1Ywi.jpg
1381,Secretariat,39486,https://image.tmdb.org/t/p/original/6YJ39NqRJ0ljUQohizHmE2hB6Wh.jpg
1382,TMNT,1273,https://image.tmdb.org/t/p/original/4rqLBoVBjqfIrk7QJcTF06Fn1Bd.jpg
1383,Radio,13920,https://image.tmdb.org/t/p/original/uQ6ci4iFHhB6TWB2f4wftR7AEly.jpg
1384,Friends with Benefits,50544,https://image.tmdb.org/t/p/original/nKhhDFCdzxeJ3GUunQ570LDpUkz.jpg
1385,Neighbors 2: Sorority Rising,325133,https://image.tmdb.org/t/p/original/gu3PEiV2uEUXYWbmg1Oiw21Waa.jpg
1386,Saving Mr. Banks,140823,https://image.tmdb.org/t/p/original/4RkcUe5PKnYvrCwMjk8giUAoID7.jpg
1387,Malcolm X,1883,https://image.tmdb.org/t/p/original/o2s9ow0uRRm1BcF3teznk5twd90.jpg
1388,This Is 40,89492,https://image.tmdb.org/t/p/original/qoK8bMRM9qBObxLSkW9nQ5P9XhE.jpg
1389,Old Dogs,22949,https://image.tmdb.org/t/p/original/u056hk3at4ukf9DWASVjogXyZfn.jpg
1390,Underworld: Rise of the Lycans,12437,https://image.tmdb.org/t/p/original/yW9gF7rGn8EoV8B8rxOx1xjxVZf.jpg
1391,License to Wed,2959,https://image.tmdb.org/t/p/original/lJbT99nN3jEe23EfQvmlSh6EQ2b.jpg
1392,The Benchwarmers,9957,https://image.tmdb.org/t/p/original/5yMPCr4qhuNg6fT538xicHaMaG7.jpg
1393,Must Love Dogs,11648,https://image.tmdb.org/t/p/original/252PdRj3y2S05DC4oSf2qk2vva3.jpg
1394,Donnie Brasco,9366,https://image.tmdb.org/t/p/original/xtKLvpOfARi1XVm8u2FTdhY5Piq.jpg
1395,Resident Evil,1576,https://image.tmdb.org/t/p/original/1UKNef590A0ZaMnxsscIcWuK1Em.jpg
1396,Poltergeist,609,https://image.tmdb.org/t/p/original/4eMN3GANH5GG4kXdHkrTZEUuQ9M.jpg
1397,The Ladykillers,5516,https://image.tmdb.org/t/p/original/l4g9R39NCp6VaYFrw6q8JwKNW9x.jpg
1398,Max Payne,13051,https://image.tmdb.org/t/p/original/3cWnCG5NyXJYARO2hmNqfbbgrMA.jpg
1399,In Time,49530,https://image.tmdb.org/t/p/original/3Mwj2sIONQckOZP3YwsUXF7U5I4.jpg
1400,The Back-Up Plan,34806,https://image.tmdb.org/t/p/original/fB6PxwdydGzdq5jSWrxwSMEqSFs.jpg
1401,Something Borrowed,49022,https://image.tmdb.org/t/p/original/66VZu75VeLGc6tcAypqyGzWcPeN.jpg
1402,Black Knight,11469,https://image.tmdb.org/t/p/original/1Y5VDnKfAw3Xk5sSHEZz2Asn5SP.jpg
1403,The Bad News Bears,23479,https://image.tmdb.org/t/p/original/kJNXMni0ObOXLth6v9xpUhWbtrp.jpg
1404,Street Fighter,11667,https://image.tmdb.org/t/p/original/6yh95dD2Y6uWAlPfWCZZygBM1ec.jpg
1405,The Pianist,423,https://image.tmdb.org/t/p/original/2hFvxCCWrTmCYwfy7yum0GKRi3Y.jpg
1406,The Nativity Story,2447,https://image.tmdb.org/t/p/original/nPqTOfunzaSYpqVM3wrauDpat2r.jpg
1407,House of Wax,10066,https://image.tmdb.org/t/p/original/aCLSgw1DaqkRvosYc3YUttBTtpT.jpg
1408,Closer,2288,https://image.tmdb.org/t/p/original/fGGaokx4k00S0J603VG53Qlr9jz.jpg
1409,J. Edgar,88794,https://image.tmdb.org/t/p/original/hWHFPhGvCvfHbZCxJSR3n6GsXIf.jpg
1410,Mirrors,13515,https://image.tmdb.org/t/p/original/bt5a4ThyLpLTsia2e2ZTLzQjXO0.jpg
1411,Queen of the Damned,11979,https://image.tmdb.org/t/p/original/4MMpvQYgOz8K6lzlIVMXWjLzUPC.jpg
1412,Predator 2,169,https://image.tmdb.org/t/p/original/83X4VwY9sdSJykskmsplIVG0a4h.jpg
1413,Untraceable,8090,https://image.tmdb.org/t/p/original/ySUwDRDEn01lKIMPQorpFCMLWqE.jpg
1414,Blast from the Past,11622,https://image.tmdb.org/t/p/original/qVN4bbVX2tzaNbAdEJT5eOPq26c.jpg
1415,Flash Gordon,3604,https://image.tmdb.org/t/p/original/eTdEaRjtVnFbd5KVhxLRfbYW46e.jpg
1416,Jersey Girl,9541,https://image.tmdb.org/t/p/original/nMmMWoSooR6QmCjdT0AvZardof1.jpg
1417,Alex Cross,94348,https://image.tmdb.org/t/p/original/bQYXid9o6nunJBgmmjo6JFIQe1p.jpg
1418,Midnight in the Garden of Good and Evil,8197,https://image.tmdb.org/t/p/original/wjOZQfffXsNCV18vrXHLm8XUbPn.jpg
1419,Heist,336004,https://image.tmdb.org/t/p/original/eKdz5i9gbzJthAxUZBBj5SVbzKR.jpg
1420,Nanny McPhee and the Big Bang,35019,https://image.tmdb.org/t/p/original/9cgHfgBXVZmVR63AhwJ82R1kAFS.jpg
1421,Hoffa,10410,https://image.tmdb.org/t/p/original/aMGhaSkhkFwz33hKEsBrJ3ptx3g.jpg
1422,The X Files: I Want to Believe,8836,https://image.tmdb.org/t/p/original/3zQMhutUMJP6lK49x7i2YfsOHL9.jpg
1423,Ella Enchanted,14442,https://image.tmdb.org/t/p/original/7AyNzwSEpJEG1gBdgwRfXi1cjs8.jpg
1424,Concussion,321741,https://image.tmdb.org/t/p/original/r0V9hfX9WeCY4xRllxsbstMF1pX.jpg
1425,Abduction,59965,https://image.tmdb.org/t/p/original/4vqkl1w4eSTMdIcL9IrBzln58Wy.jpg
1426,Valiant,14175,https://image.tmdb.org/t/p/original/vY6WRn3vwjZq5Y1B2E4pmzJr1kF.jpg
1427,Wonder Boys,11004,https://image.tmdb.org/t/p/original/5yvQe06HPNII2eZCJWTeMwqLWvR.jpg
1428,Superhero Movie,11918,https://image.tmdb.org/t/p/original/4MtvQdh5VP7jMSydhggp1P80FMj.jpg
1429,Broken City,98357,https://image.tmdb.org/t/p/original/hqa5FwNZC55zqSpdeGFtBDqw55y.jpg
1430,Cursed,10012,https://image.tmdb.org/t/p/original/em45jL4CfTMyj5V83kj7rhdorJu.jpg
1431,Premium Rush,49526,https://image.tmdb.org/t/p/original/gHnGhJmE0LByOd4RS2mOASmUqQu.jpg
1432,Hot Pursuit,268920,https://image.tmdb.org/t/p/original/lobNOBHuJQCP9ZYAf86MBMwRrmZ.jpg
1433,The Four Feathers,9093,https://image.tmdb.org/t/p/original/bfmpeRr9LTXzBC2dpC89FE5uavK.jpg
1434,Parker,119283,https://image.tmdb.org/t/p/original/u1cl4RsdqMjolVVsHwiLRPN1CT2.jpg
1435,Wimbledon,11823,https://image.tmdb.org/t/p/original/agiItFfsvNsjpinLGwjfpYOhLaX.jpg
1436,Furry Vengeance,35169,https://image.tmdb.org/t/p/original/604qqquWBgFy34jLhHLtebFPQy6.jpg
1437,Bait,118957,https://image.tmdb.org/t/p/original/e2OIr4y90ZZjIRWQ0XBOVzpBn4x.jpg
1438,Krull,849,https://image.tmdb.org/t/p/original/2dyMDv6W3ugMfaC8DEXPiqMcurD.jpg
1439,Lions for Lambs,4515,https://image.tmdb.org/t/p/original/rvpxNsR0n4zh40WM6MiUlkV60on.jpg
1440,Flight of the Intruder,18886,https://image.tmdb.org/t/p/original/tzjCePBItSRfZxLnOd3KBGHQIJl.jpg
1441,Walk Hard: The Dewey Cox Story,6575,https://image.tmdb.org/t/p/original/Aa1IQ4Cuin3d7qIahvPheMmR4E5.jpg
1442,The Shipping News,6440,https://image.tmdb.org/t/p/original/3IdEZw4YN4NfvjLRyZVWpI0z2IH.jpg
1443,American Outlaws,13496,https://image.tmdb.org/t/p/original/ov9PIn56yrwvrwOfvVTKplmV0S6.jpg
1444,The Young Victoria,18320,https://image.tmdb.org/t/p/original/iGyuReyij3bPCtzJdSjTR8PR0pa.jpg
1445,Whiteout,22787,https://image.tmdb.org/t/p/original/kkXXA3353MX60B8PRSkTGRabxXu.jpg
1446,The Tree of Life,8967,https://image.tmdb.org/t/p/original/l8cwuB5WJSoj4uMAsnzuHBOMaSJ.jpg
1447,Knock Off,37498,https://image.tmdb.org/t/p/original/hK7hKDA51FCbtFCuXZNiQ6gPq3S.jpg
1448,Sabotage,144336,https://image.tmdb.org/t/p/original/ygG17WukZCidKm7wGM3Zzrr5WRi.jpg
1449,The Order,9616,https://image.tmdb.org/t/p/original/7kj4TffoKCt4gIrNupr2oqmir69.jpg
1450,Punisher: War Zone,13056,https://image.tmdb.org/t/p/original/oOvKJgYUIpfswGHAdW6159bPbvM.jpg
1451,Zoom,14113,https://image.tmdb.org/t/p/original/v4rSFmiy0v9D7qmKkaUVJn5UhZ1.jpg
1452,The Walk,285783,https://image.tmdb.org/t/p/original/tiESRqurrZwAC0hpERogOsBhjeg.jpg
1453,Warriors of Virtue,49478,https://image.tmdb.org/t/p/original/8fT8cttGyXx36P24W0tum2QxsLf.jpg
1454,A Good Year,9726,https://image.tmdb.org/t/p/original/2Kn73vimhOjLaPZFoI0IDUT5RtK.jpg
1455,Radio Flyer,20763,https://image.tmdb.org/t/p/original/nQjCKrwWYH6ES0HrnkLkPXnOEp0.jpg
1456,Bound by Honor,9702,https://image.tmdb.org/t/p/original/gvP6R6juhe2IpCG7QGDgjyUvm0g.jpg
1457,Smilla's Sense of Snow,9311,https://image.tmdb.org/t/p/original/3eeCYGVWb4Ic8SFpARGWOjyl9Md.jpg
1458,Femme Fatale,9280,https://image.tmdb.org/t/p/original/i2OgxmZVbIsJxaLiYMjCSewsLty.jpg
1459,Lion of the Desert,26843,https://image.tmdb.org/t/p/original/xm7CKN5mo09RNAcL1IP1xmJ5avT.jpg
1460,Le Hussard sur le toit,11876,https://image.tmdb.org/t/p/original/tsmwnxi8hGXQTNVqBRCAVsfeGON.jpg
1461,Ride with the Devil,22267,https://image.tmdb.org/t/p/original/pH3J5IUzho4ZVaRuTuErzqHHovb.jpg
1462,Biutiful,45958,https://image.tmdb.org/t/p/original/4BLshBMp8INRDhvfuKwxMlHDIIt.jpg
1463,Bandidas,1969,https://image.tmdb.org/t/p/original/8aIYVBPI5Ld81I4tcHkvzoUoCEy.jpg
1464,Black Water Transit,310706,https://encrypted-tbn0.gstatic.com/images?q=tbn:ANd9GcRoWcWg0E8pSjBNi0TtiZsqu8uD2PAr_K11DA&s
1465,The Maze Runner,198663,https://image.tmdb.org/t/p/original/ode14q7WtDugFDp78fo9lCsmay9.jpg
1466,Unfinished Business,239573,https://image.tmdb.org/t/p/original/eVWVZf3fkx9eNqbHyn9xNlmC2h4.jpg
1467,The Age of Innocence,10436,https://image.tmdb.org/t/p/original/5Tuyt26v7qNR8Cl3m7ZRx36rduf.jpg
1468,The Fountain,1381,https://image.tmdb.org/t/p/original/4XTf8GuCVLWolubANaKkpk62YPq.jpg
1469,Chill Factor,2162,https://image.tmdb.org/t/p/original/t8Qn1iKnvVOttEqaj6hz9tKGBjD.jpg
1470,Stolen,127493,https://image.tmdb.org/t/p/original/8rTcpPiet2Lt2uZXBFIH5U7ylBY.jpg
1471,崖の上のポニョ,12429,https://image.tmdb.org/t/p/original/yp8vEZflGynlEylxEesbYasc06i.jpg
1472,The Longest Ride,228205,https://image.tmdb.org/t/p/original/qdUVfvPBvT6cetDDM7rn8y2CNZE.jpg
1473,The Astronaut's Wife,2900,https://image.tmdb.org/t/p/original/54RGJ6INW9ERG8IaalmMKbbDgwH.jpg
1474,I Dreamed of Africa,21311,https://image.tmdb.org/t/p/original/kuDIrcsUI0duLSTUgKKLKEiEdrK.jpg
1475,Playing for Keeps,77875,https://image.tmdb.org/t/p/original/jYv6MqOoAIpxZd6ydJ4S5S2QHDZ.jpg
1476,Mandela: Long Walk to Freedom,192136,https://image.tmdb.org/t/p/original/nzjwDSwLbalv7bCXnFbkAuIxXLx.jpg
1477,Reds,18254,https://image.tmdb.org/t/p/original/3XqGKUuqFxX9X61sXhe0T6ayAHa.jpg
1478,A Few Good Men,881,https://image.tmdb.org/t/p/original/rLOk4z9zL1tTukIYV56P94aZXKk.jpg
1479,Exit Wounds,10877,https://image.tmdb.org/t/p/original/tGIJhBejmredgUZRNdteZyiahag.jpg
1480,Big Momma's House,9600,https://image.tmdb.org/t/p/original/5YoSFqpTz5qIxsX61CPMGKONQIY.jpg
1481,The House of Magic,202575,https://image.tmdb.org/t/p/original/3R13g2XgblynIrQGF8geFZJPNvR.jpg
1482,The Darkest Hour,71469,https://image.tmdb.org/t/p/original/5Ao4qAFbjP7fcFOOdMNvQEnl0Yr.jpg
1483,Step Up Revolution,85446,https://image.tmdb.org/t/p/original/jMpwxmk3r7Aq36GcqMbCuP9DJYQ.jpg
1484,Snakes on a Plane,326,https://image.tmdb.org/t/p/original/9wqWQ5rXQG6daMpowqwadGjI768.jpg
1485,The Watcher,10685,https://image.tmdb.org/t/p/original/hsMvndtd3KPAvJ3q7zKZuNSB1R3.jpg
1486,The Punisher,7220,https://image.tmdb.org/t/p/original/7rmA1HwYp2GKM85BL0cVwCaosGr.jpg
1487,Goal!: The Dream Begins,9763,https://image.tmdb.org/t/p/original/9YZhJGoIbJtrjDYbENGhR6f6SZE.jpg
1488,Safe,72387,https://image.tmdb.org/t/p/original/kOCpkoMUVae9UIf85gO71SyjLbW.jpg
1489,Pushing Tin,12596,https://image.tmdb.org/t/p/original/61FWajJNKeS27DO4KgvS5LUgcHh.jpg
1490,Return of the Jedi,1892,https://image.tmdb.org/t/p/original/jQYlydvHm3kUix1f8prMucrplhm.jpg
1491,Doomsday,13460,https://image.tmdb.org/t/p/original/cKUmTyXgmhv8cMRCY9RYTKcAeTn.jpg
1492,The Reader,8055,https://image.tmdb.org/t/p/original/r0WURbmnhgKeBpHcpDULBgRedQM.jpg
1493,Wanderlust,50647,https://image.tmdb.org/t/p/original/hH1Bla0W4YIn9sdd9NwODzDCcE4.jpg
1494,Elf,10719,https://image.tmdb.org/t/p/original/oOleziEempUPu96jkGs0Pj6tKxj.jpg
1495,Phenomenon,9294,https://image.tmdb.org/t/p/original/roUYK9EXmgyDO48Qje7rZI4Qgav.jpg
1496,Snow Dogs,11888,https://image.tmdb.org/t/p/original/8DDC6z1XyLSiNLzKw1pXcYeAOJ3.jpg
1497,Scrooged,9647,https://image.tmdb.org/t/p/original/uO0znfB2ZzTXA1IS7jkrjNbpkYK.jpg
1498,Nacho Libre,9353,https://image.tmdb.org/t/p/original/kh7B91bMl2lZ0mH9WhPfaNUIEQH.jpg
1499,Bridesmaids,55721,https://image.tmdb.org/t/p/original/gJtA7hYsBMQ7EM3sPBMUdBfU7a0.jpg
1500,This Is the End,109414,https://image.tmdb.org/t/p/original/tNIW0NhX1hKvUsy6PQ80DOKUhkD.jpg
1501,Stigmata,10307,https://image.tmdb.org/t/p/original/sKS1Vuqj7OQpOumfs6ArC0TICTN.jpg
1502,Men of Honor,11978,https://image.tmdb.org/t/p/original/wNUAnXV1mzOOfvnVBIYsalkk078.jpg
1503,Takers,22907,https://image.tmdb.org/t/p/original/s2zx7JA87rkQcmsV40k0vbVJ6oh.jpg
1504,The Big Wedding,87567,https://image.tmdb.org/t/p/original/ooSGwWVJRp81ErEH7VmTmVwjoMc.jpg
1505,"Big Mommas: Like Father, Like Son",38322,https://image.tmdb.org/t/p/original/n1GSxFcDaZ6lMVf21M0KloPfuhu.jpg
1506,Source Code,45612,https://image.tmdb.org/t/p/original/nTr0lvAzeQmUjgSgDEHTJpnrxTz.jpg
1507,Alive,7305,https://image.tmdb.org/t/p/original/uQACcCZqd7WCTRin9xRIW5gr1bd.jpg
1508,The Number 23,3594,https://image.tmdb.org/t/p/original/iPJwdvgX3I5dEw9QhDOG3hxUvMp.jpg
1509,The Young and Prodigious T.S. Spivet,157841,https://image.tmdb.org/t/p/original/pmr4h0ZLguYsvxaVmjS0bguLcnB.jpg
1510,1941,11519,https://image.tmdb.org/t/p/original/52Bn5yC6IHQuVxPUza3Q6RZCZTu.jpg
1511,Dreamer: Inspired By a True Story,12920,https://image.tmdb.org/t/p/original/jLhvA8Cg5qmMXAnRaQJntxfHuuB.jpg
1512,A History of Violence,59,https://image.tmdb.org/t/p/original/A26rcvipOqptVs7i5uRmKicXRxE.jpg
1513,Transporter 2,9335,https://image.tmdb.org/t/p/original/cdm17vK8PxHfTi7ayZf6WKbOgUO.jpg
1514,The Quick and the Dead,12106,https://image.tmdb.org/t/p/original/jhEmrXJpP6F3cqwyLjvgBgxxxFA.jpg
1515,Laws of Attraction,11141,https://image.tmdb.org/t/p/original/6aqR0xwmK0mPOIVShDlT88Vo5W0.jpg
1516,Bringing Out the Dead,8649,https://image.tmdb.org/t/p/original/gE2Q8mL0m0EA6HakRyc92uzSPJn.jpg
1517,Repo Men,31867,https://image.tmdb.org/t/p/original/briDKf5nrLzox2zcI6pquKeqWz8.jpg
1518,디워,10253,https://image.tmdb.org/t/p/original/rEpvqWGu08coDLUpcpiz4sMoDYo.jpg
1519,Bogus,3587,https://image.tmdb.org/t/p/original/unp3wg7uzIV3HikMexGQJpO0OHc.jpg
1520,The Incredible Burt Wonderstone,124459,https://image.tmdb.org/t/p/original/Bl95sg5Ljo3Hu9SSL0JOvLerLh.jpg
1521,Cats Don't Dance,24662,https://image.tmdb.org/t/p/original/yVeDxSPVh8r8dFqc5XSZ9T8xvHR.jpg
1522,Cradle Will Rock,32274,https://image.tmdb.org/t/p/original/d8LJWY8kaAIlfMiQLOGglL8VqVT.jpg
1523,The Good German,182,https://image.tmdb.org/t/p/original/3LjHC2CWDkzoiPehf3GViujws0.jpg
1524,George and the Dragon,5494,https://image.tmdb.org/t/p/original/50NxkQexHBoQypzfADEdlxxOlWA.jpg
1525,Apocalypse Now,28,https://image.tmdb.org/t/p/original/gQB8Y5RCMkv2zwzFHbUJX3kAhvA.jpg
1526,Going the Distance,38073,https://image.tmdb.org/t/p/original/tTllmSew3nsizpzWNWKUkOuANhm.jpg
1527,Mr. Holland's Opus,2054,https://image.tmdb.org/t/p/original/jYEKdpVvRV3KdyHMUVYyg0KTVSY.jpg
1528,Criminal,302156,https://image.tmdb.org/t/p/original/lm0NlIsgGDqdx7CGFCDDJo1ptgh.jpg
1529,Out of Africa,606,https://image.tmdb.org/t/p/original/6oMKqh08TfxmvnoFR4mm1wZB67P.jpg
1530,Flight,87502,https://image.tmdb.org/t/p/original/1AjXgBM2lkpG3FLQO0f6AK3Bi1e.jpg
1531,Moonraker,698,https://image.tmdb.org/t/p/original/6LrJdXNmu5uHOVALZxVYd44Lva0.jpg
1532,The Grand Budapest Hotel,120467,https://image.tmdb.org/t/p/original/eWdyYQreja6JGCzqHWXpWHDrrPo.jpg
1533,Hearts in Atlantis,11313,https://image.tmdb.org/t/p/original/qPTEh8vutS5FSCDoR16MWVGHqTm.jpg
1534,Arachnophobia,6488,https://image.tmdb.org/t/p/original/lHjpwv1Yv2RcGcTQb4Lc1cKw1y9.jpg
1535,Frequency,10559,https://image.tmdb.org/t/p/original/eu3Hrjj271dnBdNAF0HqfmwWASt.jpg
1536,Vacation,296099,https://image.tmdb.org/t/p/original/fYDALvoCt3DBlSWN6pSAnGQ9ld7.jpg
1537,Get Shorty,8012,https://image.tmdb.org/t/p/original/r82SdPhg4fnIcLt0ogIjQxqjdcO.jpg
1538,Chicago,1574,https://image.tmdb.org/t/p/original/3ED8cWCXY9zkx77Sd0N5qMbsdDP.jpg
1539,Big Daddy,9032,https://image.tmdb.org/t/p/original/cqFnFg6YS8urJT6YC95IDkn0VHz.jpg
1540,American Pie 2,2770,https://image.tmdb.org/t/p/original/854ZZxXdeabAs90mrV72NqShJqR.jpg
1541,Toy Story,862,https://image.tmdb.org/t/p/original/uXDfjJbdP4ijW5hWSBrPrlKpxab.jpg
1542,Speed,1637,https://image.tmdb.org/t/p/original/o1Zs7VaS9y2GYH9CLeWxaVLWd3x.jpg
1543,The Vow,72570,https://image.tmdb.org/t/p/original/y5GUXzTvt7kSQbdQrSvbYNoa8HB.jpg
1544,Extraordinary Measures,27569,https://image.tmdb.org/t/p/original/bmBCMoCc6OdINBOC7P6pOIs1MuO.jpg
1545,Remember the Titans,10637,https://image.tmdb.org/t/p/original/825ohvC4wZ3gCuncCaqkWeQnK8h.jpg
1546,The Hunt for Red October,1669,https://image.tmdb.org/t/p/original/yVl7zidse4KiWtGMqHFtZCx4X3N.jpg
1547,The Butler,132363,https://image.tmdb.org/t/p/original/pAi8Bl3ZKX6pANPVhNwbhbQANop.jpg
1548,DodgeBall: A True Underdog Story,9472,https://image.tmdb.org/t/p/original/r8KbNHkkwFXLjV1suGwm0Qjure5.jpg
1549,The Addams Family,2907,https://image.tmdb.org/t/p/original/qFf8anju5f2epI0my8RdwwIXFIP.jpg
1550,Ace Ventura: When Nature Calls,9273,https://image.tmdb.org/t/p/original/wcinCf1ov2D6M3P7BBZkzQFOiIb.jpg
1551,The Princess Diaries,9880,https://image.tmdb.org/t/p/original/qSw4lzhDGeM5MjQc86BLzJALhBs.jpg
1552,The First Wives Club,2925,https://image.tmdb.org/t/p/original/2ApifgYnfdJUSmCKzTBrWOYYWsn.jpg
1553,Se7en,807,https://image.tmdb.org/t/p/original/191nKfP0ehp3uIvWqgPbFmI4lv9.jpg
1554,District 9,17654,https://image.tmdb.org/t/p/original/tuGlQkqLxnodDSk6mp5c2wvxUEd.jpg
1555,The SpongeBob SquarePants Movie,11836,https://image.tmdb.org/t/p/original/1rvzKV1d18EbDVaEd4VDzK3cgnY.jpg
1556,Mystic River,322,https://image.tmdb.org/t/p/original/hCHVDbo6XJGj3r2i4hVjKhE0GKF.jpg
1557,Million Dollar Baby,70,https://image.tmdb.org/t/p/original/jcfEqKdWF1zeyvECPqp3mkWLct2.jpg
1558,Analyze This,9535,https://image.tmdb.org/t/p/original/eqa4TEgkx63WRhqyD8eTwmL7bUi.jpg
1559,The Notebook,11036,https://image.tmdb.org/t/p/original/rNzQyW4f8B8cQeg7Dgj3n6eT5k9.jpg
1560,27 Dresses,6557,https://image.tmdb.org/t/p/original/rEfourJfgEyKiewwH8ZkUYt9AqE.jpg
1561,Hannah Montana: The Movie,18126,https://image.tmdb.org/t/p/original/nZUKhfpUCFfTy24LGBHdDlK5RLx.jpg
1562,Rugrats in Paris: The Movie,16340,https://image.tmdb.org/t/p/original/gsuoVtmQEuXFwoXEi9pSLW49umi.jpg
1563,The Prince of Tides,10333,https://image.tmdb.org/t/p/original/ry9qfPhPcmXb3AuV1jLKNMqnXL1.jpg
1564,Legends of the Fall,4476,https://image.tmdb.org/t/p/original/t1KPGlW0UGd0m515LPQmk2F4nu1.jpg
1565,Up in the Air,22947,https://image.tmdb.org/t/p/original/useGH8nfwlaHK44IWEZdUYJOE2N.jpg
1566,About Schmidt,2755,https://image.tmdb.org/t/p/original/tstvsrJHY57hc951lb190alXRQm.jpg
1567,Warm Bodies,82654,https://image.tmdb.org/t/p/original/8XAX6KaqNGcLXcwoDwxyU0bxhxm.jpg
1568,Looper,59967,https://image.tmdb.org/t/p/original/sNjL6SqErDBE8OUZlrDLkexfsCj.jpg
1569,Down to Earth,16300,https://image.tmdb.org/t/p/original/w2XM4YCfBOOWEL4a0abQji7QxwI.jpg
1570,Babe,9598,https://image.tmdb.org/t/p/original/zKuQMtnbVTz9DsOnOJmlW71v4qH.jpg
1571,Hope Springs,82696,https://image.tmdb.org/t/p/original/jTBHePOwIm2XAjGORnfPIAlVUvb.jpg
1572,Forgetting Sarah Marshall,9870,https://image.tmdb.org/t/p/original/d4elOzyhNWVlxpG7BwigrumkFTe.jpg
1573,Four Brothers,8292,https://image.tmdb.org/t/p/original/8cO39cnWSZQi2ncPG5TxL3YRzKc.jpg
1574,Baby Mama,8780,https://image.tmdb.org/t/p/original/xZOwucsL5NInPyFcmqJzytHkaJR.jpg
1575,Hope Floats,9715,https://image.tmdb.org/t/p/original/6PRFM09xjGSWpXObW87CT5JELGJ.jpg
1576,Bride Wars,10521,https://image.tmdb.org/t/p/original/eyXT8tmUoyHrg7YX1UVjmecHCWP.jpg
1577,Without a Paddle,10762,https://image.tmdb.org/t/p/original/bSQBfHDzyfzxrCLepjegVb5F8j8.jpg
1578,13 Going on 30,10096,https://image.tmdb.org/t/p/original/iNZdSIfhSCMtRILDNyhLn8UKeSG.jpg
1579,Midnight in Paris,59436,https://image.tmdb.org/t/p/original/4wBG5kbfagTQclETblPRRGihk0I.jpg
1580,The Nut Job,227783,https://image.tmdb.org/t/p/original/4iHnGlmOjAj2k5zUftYDIzSITCf.jpg
1581,Blow,4133,https://image.tmdb.org/t/p/original/yYZFVfk8aeMP4GxBSU9MTvqs9mJ.jpg
1582,Message in a Bottle,10207,https://image.tmdb.org/t/p/original/ulUjszY6YJFsDUd0E3WolJg6sOp.jpg
1583,Star Trek V: The Final Frontier,172,https://image.tmdb.org/t/p/original/uiXr41VLYsuug3CZbFrKLSNahuZ.jpg
1584,Like Mike,21972,https://image.tmdb.org/t/p/original/zXTM3qAXVYAYrhfYBpmescKMoes.jpg
1585,The Naked Gun 33⅓: The Final Insult,36593,https://image.tmdb.org/t/p/original/p0AYsdgkudR9P5fNV5AjzbwQt8W.jpg
1586,A View to a Kill,707,https://image.tmdb.org/t/p/original/arJF829RP9cYvh0NU70dC5TtXSa.jpg
1587,The Curse of the Were-Rabbit,533,https://image.tmdb.org/t/p/original/cMQ2lNd7sBe6PCf6zF5QxrKzbRG.jpg
1588,P.S. I Love You,6023,https://image.tmdb.org/t/p/original/x6M9nlTpgpI4AOw0tMkOAVbhL5z.jpg
1589,Racing Stripes,6439,https://image.tmdb.org/t/p/original/epDsuf5oUdzTFYHqV2IRcyy8Rwc.jpg
1590,Atonement,4347,https://image.tmdb.org/t/p/original/hMRIyBjPzxaSXWM06se3OcNjIQa.jpg
1591,Letters to Juliet,37056,https://image.tmdb.org/t/p/original/y9DdvY1IRNS2hWLq161hmP2gXn.jpg
1592,Black Rain,4105,https://image.tmdb.org/t/p/original/funhGWt9ee3Uwb6Ar8SGCCvbJdV.jpg
1593,The Three Stooges,76489,https://image.tmdb.org/t/p/original/b0nNQCL90RGTwjxLEFsFFLQZKNe.jpg
1594,Corpse Bride,3933,https://image.tmdb.org/t/p/original/isb2Qow76GpqYmsSyfdMfsYAjts.jpg
1595,Glory Road,9918,https://image.tmdb.org/t/p/original/bGRSV5tStxDNPRLCewnOeeiZzrY.jpg
1596,Sicario,273481,https://image.tmdb.org/t/p/original/lz8vNyXeidqqOdJW9ZjnDAMb5Vr.jpg
1597,Southpaw,307081,https://image.tmdb.org/t/p/original/kSQ49Fi3NVTqGGXILmxV2T2pdkG.jpg
1598,Drag Me to Hell,16871,https://image.tmdb.org/t/p/original/fdyejM5Zd6dsa0YyWa02ZAKwQzK.jpg
1599,The Age of Adaline,293863,https://image.tmdb.org/t/p/original/MbILysGhjAbnZi1Okae9wYqLMx.jpg
1600,Secondhand Lions,13156,https://image.tmdb.org/t/p/original/mYIMMAma7DCACRfiGhHAybPAdKa.jpg
1601,Step Up 3D,41233,https://image.tmdb.org/t/p/original/9i5tn8G9zm7wMz9p1kB6zS2woMH.jpg
1602,Blue Crush,9266,https://image.tmdb.org/t/p/original/iZSw0JVG0cIFuZoTHuQU3nmGT4k.jpg
1603,Stranger Than Fiction,1262,https://image.tmdb.org/t/p/original/nCzcepubwShvZ4vbCsygQNgF2Z1.jpg
1604,30 Days of Night,4513,https://image.tmdb.org/t/p/original/7LwSrvFA0gz1KAlcrGcinoQPene.jpg
1605,The Cabin in the Woods,22970,https://image.tmdb.org/t/p/original/zZZe5wn0udlhMtdlDjN4NB72R6e.jpg
1606,Meet the Spartans,7278,https://image.tmdb.org/t/p/original/DWQOjAPvM8Kk1Qp3Xq0zae0Z6w.jpg
1607,Midnight Run,9013,https://image.tmdb.org/t/p/original/jN12RYBxWSoK6bfuD5GMjNBTdQG.jpg
1608,The Running Man,865,https://image.tmdb.org/t/p/original/GTAUOhO4BN0peJVvxGEQydJvUO.jpg
1609,Little Shop of Horrors,10776,https://image.tmdb.org/t/p/original/iKkbN17OmFosaW6asCNZTTsyvpu.jpg
1610,Hanna,50456,https://image.tmdb.org/t/p/original/gRvxRMtejJa9jjfDDUibUIfIJbP.jpg
1611,Mortal Kombat: Annihilation,9823,https://image.tmdb.org/t/p/original/ttryglcY2osWZE3sRYBf3ewTZsW.jpg
1612,Larry Crowne,59861,https://image.tmdb.org/t/p/original/8GDM7RqM6J1vNUdlU94rmtlNa3e.jpg
1613,Carrie,133805,https://image.tmdb.org/t/p/original/kloXz9qwO23z9Kbt3z3MgnjF4xO.jpg
1614,Take the Lead,12763,https://image.tmdb.org/t/p/original/vkGSs0eeOOISEe9jddBZnRSkn46.jpg
1615,Gridiron Gang,9766,https://image.tmdb.org/t/p/original/uwAlznw4yrBHbT3fPfTbSRy9UfG.jpg
1616,What's the Worst That Could Happen?,14034,https://image.tmdb.org/t/p/original/dF9vz1LB6078ULfweT2vxdWZzos.jpg
1617,9,12244,https://image.tmdb.org/t/p/original/3uqXGOH4BQ2CLJWkDJZ0PzbUzOn.jpg
1618,Side Effects,109421,https://image.tmdb.org/t/p/original/dk10bwGyj8aRdOTl3EkgATEefh2.jpg
1619,The Prince & Me,11137,https://image.tmdb.org/t/p/original/2voUK98TW1cJ3w0qmDIdB16A3x6.jpg
1620,Winnie the Pooh,51162,https://image.tmdb.org/t/p/original/9T8emBz4BqhahoAuhcOU9X2y0IQ.jpg
1621,Dumb and Dumberer: When Harry Met Lloyd,10152,https://image.tmdb.org/t/p/original/qxD6P3UXASFCdbrVavceZzgOfI9.jpg
1622,Bulworth,9452,https://image.tmdb.org/t/p/original/gR9jZ7W2d28aSa2Yimz797VNXRh.jpg
1623,Get on Up,239566,https://image.tmdb.org/t/p/original/dVbGeU5agxFGcJnL5hk4uO8W7i2.jpg
1624,One True Thing,53113,https://image.tmdb.org/t/p/original/qu0vo8RIi4SoHXDWAYiunctiXPX.jpg
1625,Virtuosity,9271,https://image.tmdb.org/t/p/original/5emgnXYrXjqyiup2JsvtuENseiV.jpg
1626,My Super Ex-Girlfriend,4474,https://image.tmdb.org/t/p/original/vs4jcY5NQA24zFGihY2EiqEA5hI.jpg
1627,Deliver Us from Evil,184346,https://image.tmdb.org/t/p/original/Uz32ERsyCmGwV8Eg2wmT2ooWpo.jpg
1628,Sanctum,48340,https://image.tmdb.org/t/p/original/zRUNv1CbeVtmTCNr6RLHnxV2QYm.jpg
1629,Little Black Book,14846,https://image.tmdb.org/t/p/original/c6TD54dLIryqhQAOdGExy8Lie1l.jpg
1630,The Five-Year Engagement,72207,https://image.tmdb.org/t/p/original/drsY910CSoSkROYypNVwUxI875T.jpg
1631,Mr. 3000,16232,https://image.tmdb.org/t/p/original/g7CNkytZsZzQ8ZEr8F4SmrhjI5y.jpg
1632,The Next Three Days,43539,https://image.tmdb.org/t/p/original/wBaRZ3aHa7qoYTSY0ONbXrXYk4B.jpg
1633,Ultraviolet,9920,https://image.tmdb.org/t/p/original/27OzQ2BBahQHYPiPEAXRXMbhnPQ.jpg
1634,Assault on Precinct 13,8978,https://image.tmdb.org/t/p/original/oBpsRvMN1ONl8oFHuWt1rasDYFJ.jpg
1635,The Replacement Killers,11702,https://image.tmdb.org/t/p/original/5JAVd0lYhkB2dsDtt84Qt6grNIn.jpg
1636,Fled,18550,https://image.tmdb.org/t/p/original/5oGdTgWXCOKerrfdBxJrOlFyifL.jpg
1637,Eight Legged Freaks,8869,https://image.tmdb.org/t/p/original/5blAumPPS6vX6zcUlt9oIhOEheK.jpg
1638,Love & Other Drugs,43347,https://image.tmdb.org/t/p/original/wZLM2uKJRYNchLmiCIjosX0rXy8.jpg
1639,88 Minutes,3489,https://image.tmdb.org/t/p/original/oDZu8UGTLRw7jcDKmTdm7O87bnq.jpg
1640,North Country,9701,https://image.tmdb.org/t/p/original/upxUN4zmX79o49mBW9htKZDeNq7.jpg
1641,The Whole Ten Yards,2122,https://image.tmdb.org/t/p/original/4fbglyCpPqK1u40fhncLXKAF74A.jpg
1642,Splice,37707,https://image.tmdb.org/t/p/original/4oqaWnO3dKYAt3vZWAD4oLfOXOC.jpg
1643,Howard the Duck,10658,https://image.tmdb.org/t/p/original/30tnH0hy6S5FjGCfCdnkBd3wqS2.jpg
1644,Pride and Glory,13150,https://image.tmdb.org/t/p/original/8VZ1ABbtXqwPcc06yXbf3gj3anG.jpg
1645,The Cave,9042,https://image.tmdb.org/t/p/original/q7eyZY2Akj68ivnRZ86OduCUexy.jpg
1646,Alex & Emma,17813,https://image.tmdb.org/t/p/original/AaDCSJipXeswMpM0TfOAbbYaBPb.jpg
1647,Wicker Park,11208,https://image.tmdb.org/t/p/original/gRKEluSpV1wBrZVTvLLaCSkzqcf.jpg
1648,Fright Night,58151,https://image.tmdb.org/t/p/original/ySQ3v4Fzpy3fePs86eoLiDzwLYM.jpg
1649,The New World,11400,https://image.tmdb.org/t/p/original/dPyWMlQd54r3pK17GKG3iqjvNZ7.jpg
1650,Wing Commander,10350,https://image.tmdb.org/t/p/original/e3p2vkA4mnFaBlyAIntkZWkzOJW.jpg
1651,In Dreams,28902,https://image.tmdb.org/t/p/original/q3Q00fCgeZGjAYaiwbfTMuIrUb0.jpg
1652,Dragonball Evolution,14164,https://image.tmdb.org/t/p/original/ztlqrY7VgFIFmtzVsh3TPYiXCdF.jpg
1653,The Last Stand,76640,https://image.tmdb.org/t/p/original/3tP4r47v8v6mEj5X5RuG9y8Frbh.jpg
1654,Godsend,11058,https://image.tmdb.org/t/p/original/lLncs8FEzKupj19wCqZ3sPmg3eU.jpg
1655,Chasing Liberty,14844,https://image.tmdb.org/t/p/original/aGh5zpJSuxcx4lzFFbZ2QyY8wQP.jpg
1656,Hoodwinked Too! Hood VS. Evil,57089,https://image.tmdb.org/t/p/original/rp3oWYCiiOKddzsObLlgSGWz37.jpg
1657,An Unfinished Life,1947,https://image.tmdb.org/t/p/original/7ugLG1yF1l8HWYhmdmHHSC3kJ8b.jpg
1658,The Imaginarium of Doctor Parnassus,8054,https://image.tmdb.org/t/p/original/DtrqQHa0wT9AWrk2WA9beROJJx.jpg
1659,Barney's Version,46829,https://image.tmdb.org/t/p/original/vdsSaFbBWl8N6RV2XJuPBFyKeV8.jpg
1660,Runner Runner,146238,https://image.tmdb.org/t/p/original/ck5jZjv7WVoCBBgTH1gJlhyCLPy.jpg
1661,Antitrust,9989,https://image.tmdb.org/t/p/original/9PXyfcJe53A9qFkcj5dkTJwIWoS.jpg
1662,Glory,9665,https://image.tmdb.org/t/p/original/pGDzBjZvzmSCIEduQBfESLMiwtp.jpg
1663,Once Upon a Time in America,311,https://image.tmdb.org/t/p/original/i0enkzsL5dPeneWnjl1fCWm6L7k.jpg
1664,Dead Man Down,102362,https://image.tmdb.org/t/p/original/8xWo2WE36JdBwlCmwvXM4bb5rBg.jpg
1665,The Merchant of Venice,11162,https://image.tmdb.org/t/p/original/bvpPg5oTD1qT7hjY3BOsoniYdHG.jpg
1666,The Good Thief,6016,https://image.tmdb.org/t/p/original/TMlSiPuj9LymfwPiKFiRRnhkRq.jpg
1667,Supercross,17186,https://image.tmdb.org/t/p/original/82dbqeFOA2iPhwWuciZItw1ELew.jpg
1668,Miss Potter,13967,https://image.tmdb.org/t/p/original/p06pWMwePatBdElr2xYhBkMYxmS.jpg
1669,Wu Ji,2008,https://image.tmdb.org/t/p/original/tdm4mlc27S1d72ub4Y4xcU2OlDD.jpg
1670,DOA: Dead or Alive,9053,https://image.tmdb.org/t/p/original/gtlai95IERRDgRhPCK0WEuwCRP0.jpg
1671,The Assassination of Jesse James by the Coward Robert Ford,4512,https://image.tmdb.org/t/p/original/2d1S6fJS80fvseg6mJE8eq5o7Kx.jpg
1672,辛亥革命,76349,https://image.tmdb.org/t/p/original/iJNaLeyVk7KPYrTPESbXOd1Wk0Y.jpg
1673,Le petit Nicolas,31203,https://image.tmdb.org/t/p/original/zOsPAIRyknuPhYpFV0nTzbVLlgM.jpg
1674,Wild Card,265208,https://image.tmdb.org/t/p/original/zN80Tlly8oMpKbVJv2TfRIj8dHG.jpg
1675,Machine Gun Preacher,45610,https://image.tmdb.org/t/p/original/534yDalJ8rybnSn8VZ9XPWU3egc.jpg
1676,Konferenz der Tiere,50135,https://image.tmdb.org/t/p/original/gUCLetZNa3rZknSmLc2gGUdxWH7.jpg
1677,Goodbye Bafana,1874,https://image.tmdb.org/t/p/original/omL85DnSNaZLLnF0KzqSZihuWAr.jpg
1678,United Passions,271331,https://image.tmdb.org/t/p/original/oQhVvz3N86DdHnYGsZ9Y2420II5.jpg
1679,Grace of Monaco,215211,https://image.tmdb.org/t/p/original/6RnWy9sm8HneuYmQBTek9y3bS3K.jpg
1680,Савва. Сердце воина,367961,https://image.tmdb.org/t/p/original/rNF4FPFOEDsh91HoBoKvzz4ARCK.jpg
1681,Ripley's Game,10955,https://image.tmdb.org/t/p/original/1SoBJ38aCfvePgMAneeZYvmz9wB.jpg
1682,Sausage Party,223702,https://image.tmdb.org/t/p/original/vNgdPJQ5CI60oEiiHLKRNrsDhMy.jpg
1683,Pitch Perfect 2,254470,https://image.tmdb.org/t/p/original/oFBQUufCV4c8WZoNhtGM17p884H.jpg
1684,Walk the Line,69,https://image.tmdb.org/t/p/original/zMkD6FVikyPNnigoupO7vD5ti9p.jpg
1685,Keeping the Faith,4967,https://image.tmdb.org/t/p/original/wlgTrGGpz9I6XH2HJn8JJl2nv0W.jpg
1686,The Borrowers,9449,https://image.tmdb.org/t/p/original/kgaocWyuxihDe5aNqok6fORIHnY.jpg
1687,Frost/Nixon,11499,https://image.tmdb.org/t/p/original/z4cQ2mJxwPZUwVh97yX9oNsLLZQ.jpg
1688,Confessions of a Dangerous Mind,4912,https://image.tmdb.org/t/p/original/nccluUFM3pRNI9nUyDEcDa6KviO.jpg
1689,Serving Sara,12771,https://image.tmdb.org/t/p/original/zi8uGxsyhxo0Uzg09ImxLzBDSK3.jpg
1690,The Boss,323676,https://image.tmdb.org/t/p/original/q6TAy2EWMpuT6gpxlO3ofj0RYrq.jpg
1691,Cry Freedom,12506,https://image.tmdb.org/t/p/original/zEONV1NAzzoQGFFgSIEs7vJzDrN.jpg
1692,Mumford,24071,https://image.tmdb.org/t/p/original/a2uqenG3BZICDrcrr49IZwoHA8Y.jpg
1693,Seed of Chucky,11249,https://image.tmdb.org/t/p/original/vd9K93gQ9whMKjXzADZanxWpIXM.jpg
1694,The Jacket,9667,https://image.tmdb.org/t/p/original/bt89UfRhjAvJDAO9CWJnRFXAN3p.jpg
1695,Aladdin,812,https://image.tmdb.org/t/p/original/eLFfl7vS8dkeG1hKp5mwbm37V83.jpg
1696,Straight Outta Compton,277216,https://image.tmdb.org/t/p/original/1CiLJx8Xtv3TbbFj6k7BboSmKgC.jpg
1697,Indiana Jones and the Temple of Doom,87,https://image.tmdb.org/t/p/original/t7Pv44sBcxhc47kNNDDafNAgr7Y.jpg
1698,The Rugrats Movie,14444,https://image.tmdb.org/t/p/original/uZejGKCSd6nwfMx8U0Td37U2fTc.jpg
1699,Along Came a Spider,2043,https://image.tmdb.org/t/p/original/vipRsbIpwUNf1gjfOcVNizQ1o3c.jpg
1700,Florence Foster Jenkins,315664,https://image.tmdb.org/t/p/original/qciyu815r7vQ4d9usO3QLww3HVt.jpg
1701,Once Upon a Time in Mexico,1428,https://image.tmdb.org/t/p/original/oY0Yqsj4TwkjELkIHXJimjdbV8M.jpg
1702,Die Hard,562,https://image.tmdb.org/t/p/original/aJCpHDC6RoGz7d1Fzayl019xnxX.jpg
1703,Role Models,15373,https://image.tmdb.org/t/p/original/d5SatGKWi0VpO9QX0Z74zLh9i91.jpg
1704,The Big Short,318846,https://image.tmdb.org/t/p/original/scVEaJEwP8zUix8vgmMoJJ9Nq0w.jpg
1705,Taking Woodstock,26320,https://image.tmdb.org/t/p/original/wIdyAJCvIj3QUoNmmDdnhXpCMpp.jpg
1706,Miracle,14292,https://image.tmdb.org/t/p/original/mxtej2th8t8x0ufVBTyhsO6Htxj.jpg
1707,Dawn of the Dead,924,https://image.tmdb.org/t/p/original/9NhVltEndWjokHbQH92KKozrzhs.jpg
1708,The Wedding Planner,2018,https://image.tmdb.org/t/p/original/meq4bLUPcBlOG3Z5YdiWuBMlpO.jpg
1709,キャプテンハーロック,192577,https://image.tmdb.org/t/p/original/mlHoTQLYsuzJJArO2fHS5rqnLqe.jpg
1710,The Royal Tenenbaums,9428,https://image.tmdb.org/t/p/original/nG7hZJn7wQTSDCQT39Gy3s3tbrp.jpg
1711,Identity,2832,https://image.tmdb.org/t/p/original/bnidwEvWNAVJ3Uco9wWtuzWAfrx.jpg
1712,Last Vegas,137093,https://image.tmdb.org/t/p/original/9Aht200Eu2jYiE9cEQdFfNDtHl6.jpg
1713,For Your Eyes Only,699,https://image.tmdb.org/t/p/original/xV4Nnr6DjjERlqNikqDQX8LUgua.jpg
1714,Serendipity,9778,https://image.tmdb.org/t/p/original/4jS66Qmq2Ru5S2YzHVknGd4xJyT.jpg
1715,Timecop,8831,https://image.tmdb.org/t/p/original/bgxP6ws8ErBiarnb4S93vv0lkf4.jpg
1716,Zoolander,9398,https://image.tmdb.org/t/p/original/1IOLMlNKSoo3FToVGYV1PjE3ehn.jpg
1717,Safe Haven,112949,https://image.tmdb.org/t/p/original/2CbJ3HTb6SFbMeguYH52UQSHOwY.jpg
1718,Hocus Pocus,10439,https://image.tmdb.org/t/p/original/by4D4Q9NlUjFSEUA1yrxq6ksXmk.jpg
1719,No Reservations,3638,https://image.tmdb.org/t/p/original/eKqfRSf0DZ0Qey1f9ZHuZfsmXVR.jpg
1720,Kick-Ass,23483,https://image.tmdb.org/t/p/original/iHMbrTHJwocsNvo5murCBw0CwTo.jpg
1721,30 Minutes or Less,62206,https://image.tmdb.org/t/p/original/pfsNMZcA9aAzvEqdOnq40KwEl7h.jpg
1722,Dracula 2000,10577,https://image.tmdb.org/t/p/original/jnAfl6GSZbBMigL98RJGbOSk4V1.jpg
1723,"Alexander and the Terrible, Horrible, No Good, Very Bad Day",218778,https://image.tmdb.org/t/p/original/pxbAepXQjsGFDHaR3dPndFSxDU0.jpg
1724,Pride & Prejudice,4348,https://image.tmdb.org/t/p/original/jnsoq5q98DQaE8yw6WZH0F9dW5G.jpg
1725,Blade Runner,78,https://image.tmdb.org/t/p/original/63N9uy8nd9j7Eog2axPQ8lbr3Wj.jpg
1726,Rob Roy,11780,https://image.tmdb.org/t/p/original/nl7Lg6VqR9h1Z9IKuUtttBB93wo.jpg
1727,3 Days to Kill,192102,https://image.tmdb.org/t/p/original/8xOH2JhBHPmk2ZCniBpWhiZ6xeC.jpg
1728,We Own the Night,2001,https://image.tmdb.org/t/p/original/rsKhSr3UNjG2DhVj2KPj0ARujez.jpg
1729,Lost Souls,10383,https://image.tmdb.org/t/p/original/9DOq3KqGrNbqa3z5M8iDJ2wuaxJ.jpg
1730,Le peuple migrateur,11516,https://image.tmdb.org/t/p/original/qjv7cYLSufwf03So0SuRFU7sRxB.jpg
1731,Just My Luck,10025,https://image.tmdb.org/t/p/original/A3Axi7gWVdkD1i7ScqMCN1fhyGc.jpg
1732,"Mystery, Alaska",15198,https://image.tmdb.org/t/p/original/bmg4sjOQswcrP5mPL9YzNom9cXx.jpg
1733,The Spy Next Door,23172,https://image.tmdb.org/t/p/original/nJJrceb2xHGIA0irADX0JvWSIHT.jpg
1734,A Simple Wish,17834,https://image.tmdb.org/t/p/original/cfyJ7yIvNTlz2ooH8iU6r0pxAMj.jpg
1735,Ghosts of Mars,10016,https://image.tmdb.org/t/p/original/i2zztssCIbahGES1fdfWFmDXian.jpg
1736,Our Brand Is Crisis,10317,https://image.tmdb.org/t/p/original/niDI0NHB11nONifUg8sV6o0mzIk.jpg
1737,Pride and Prejudice and Zombies,58431,https://image.tmdb.org/t/p/original/jsJlOhVHiz1xXr36616EI8tJ4b2.jpg
1738,Kundun,9746,https://image.tmdb.org/t/p/original/yvdFRDoQIQ5PBk4u8x8gJT8NJAw.jpg
1739,How to Lose Friends & Alienate People,13092,https://image.tmdb.org/t/p/original/8Xd1mO861aK2OirTbxZrODNhihW.jpg
1740,Kick-Ass 2,59859,https://image.tmdb.org/t/p/original/1go2A3gdQjaMuHWquybgoJlQRcX.jpg
1741,Alatriste,13495,https://image.tmdb.org/t/p/original/hQ4b8dXp0uCqslHm0jOvjw4BNUe.jpg
1742,Brick Mansions,254473,https://image.tmdb.org/t/p/original/6OopiNRk7lWP0hPsY0eYqq2kQTi.jpg
1743,Octopussy,700,https://image.tmdb.org/t/p/original/yoosZitM9igSk3Sd0sBXIhKlAh1.jpg
1744,Knocked Up,4964,https://image.tmdb.org/t/p/original/b4OaXw2MW97VvIiZE0Sbn1NfxSh.jpg
1745,My Sister's Keeper,10024,https://image.tmdb.org/t/p/original/atRGqnG7pe0hZP97RWDLrT2hRGZ.jpg
1746,Welcome Home Roscoe Jenkins,13490,https://image.tmdb.org/t/p/original/1VzS2bkQHVcIxSeBJifOx65oxHK.jpg
1747,A Passage to India,15927,https://image.tmdb.org/t/p/original/rvBWlGRKte2U6qElHV13h6JvmSe.jpg
1748,Notes on a Scandal,1259,https://image.tmdb.org/t/p/original/ieX6ZO2Kf2qjoIBXbQW5awivbhY.jpg
1749,Rendition,5125,https://image.tmdb.org/t/p/original/601ErVssL0n9Ibrh4XnHxW9kmmp.jpg
1750,Star Trek VI: The Undiscovered Country,174,https://image.tmdb.org/t/p/original/tvTOJD7Gz668GLy2nNdLRQvpPsv.jpg
1751,Divine Secrets of the Ya-Ya Sisterhood,9583,https://image.tmdb.org/t/p/original/hI05FJ8wgPROHQgLtfJ4ZuH3l4b.jpg
1752,Kiss the Girls,9437,https://image.tmdb.org/t/p/original/25h5I3E3ydhazsPDnscWHivq5pn.jpg
1753,The Blues Brothers,525,https://image.tmdb.org/t/p/original/rhYJKOt6UrQq7JQgLyQcSWW5R86.jpg
1754,The Sisterhood of the Traveling Pants 2,10188,https://image.tmdb.org/t/p/original/bAdkVOD91jCHos4163qyVu1TFua.jpg
1755,Joyful Noise,63574,https://image.tmdb.org/t/p/original/pIgrIGFMZ7CslGPCWI7JHV3R96H.jpg
1756,About a Boy,245,https://image.tmdb.org/t/p/original/optezspqJjHI9WyC8brY96zbcdt.jpg
1757,Lake Placid,9825,https://image.tmdb.org/t/p/original/pEszakCP8j9E9S0UPLfEa3Cad3O.jpg
1758,Lucky Number Slevin,186,https://image.tmdb.org/t/p/original/x21s3p5wPww534nYj1cWakTcqz4.jpg
1759,The Right Stuff,9549,https://image.tmdb.org/t/p/original/btqTjNRxecYgQ1FGfVlLqSSNjz.jpg
1760,Anonymous,61891,https://image.tmdb.org/t/p/original/mRjdFP0kqCPaDKeXgQtsb7how6e.jpg
1761,The Neverending Story,34584,https://image.tmdb.org/t/p/original/ddYCa91iDXfJCxaqSYzwi2fjfnl.jpg
1762,Dark City,2666,https://image.tmdb.org/t/p/original/tNPEGju4DpTdbhBphNmZoEi9Bd3.jpg
1763,The Duchess,12783,https://image.tmdb.org/t/p/original/77ckyYrWmR12kl3qToqmDySnuwv.jpg
1764,Return to Oz,13155,https://image.tmdb.org/t/p/original/527LZZSTWpu2cWGU5TIqdwaQB4e.jpg
1765,The Newton Boys,42807,https://image.tmdb.org/t/p/original/9o8TJ0omiRyqshRs5yLNwtarsYD.jpg
1766,Case 39,28355,https://image.tmdb.org/t/p/original/b16EjFeHd2AwoYXWUne7DA346pU.jpg
1767,Suspect Zero,8080,https://image.tmdb.org/t/p/original/sIIahTE5sfOJtieytf252kB9RcS.jpg
1768,Martian Child,5126,https://image.tmdb.org/t/p/original/amRUHHflkZsbcvRnfJN9ZKxv8R3.jpg
1769,Spy Kids: All the Time in the World,56288,https://image.tmdb.org/t/p/original/9pUVarhiXfCu8amjmyadzJJJITi.jpg
1770,Money Monster,303858,https://image.tmdb.org/t/p/original/r0Es5M6zTFpuV2sSaYtAlzz10qw.jpg
1771,The 51st State,1613,https://image.tmdb.org/t/p/original/tuUoGK2G7KHdcnAYCvsdX6jrTUO.jpg
1772,Flawless,31582,https://image.tmdb.org/t/p/original/fkwkkUnaTmhaWt2OGBRepYr7yB5.jpg
1773,Mindhunters,16617,https://image.tmdb.org/t/p/original/uTTGRvnqCI9ZC7WkyP9u7XRiOaA.jpg
1774,What Just Happened,8944,https://image.tmdb.org/t/p/original/o88aPDDMtdwQsPyXqSKhu98jjru.jpg
1775,The Statement,41488,https://image.tmdb.org/t/p/original/a7IvoBJ70dp6U1fjRlvB04ZtxvF.jpg
1776,The Magic Flute,37028,https://image.tmdb.org/t/p/original/qjUjatQEMIHtCngnyTib943x7TU.jpg
1777,Paul Blart: Mall Cop,14560,https://image.tmdb.org/t/p/original/A4zZv0Q1VKURFZFEl2vwjaE2q0g.jpg
1778,Freaky Friday,10330,https://image.tmdb.org/t/p/original/ipKcZ4Up7dp18XpsfYUc9NKZy3g.jpg
1779,The 40 Year Old Virgin,6957,https://image.tmdb.org/t/p/original/jBoRAWYOv7tBtfXbNJMAojGj0Xf.jpg
1780,Shakespeare in Love,1934,https://image.tmdb.org/t/p/original/zdW7jdzPi4J9KZR3TyY2jn3Xh5e.jpg
1781,A Walk Among the Tombstones,169917,https://image.tmdb.org/t/p/original/euPgyPsiNFp6gOBB7nUFxvN5ZaY.jpg
1782,Kindergarten Cop,951,https://image.tmdb.org/t/p/original/nKnHWwkXyvhzCYWm3FyRAv3qBrl.jpg
1783,Pineapple Express,10189,https://image.tmdb.org/t/p/original/6E50WjeOYjDZg9HXgPjYdGtY2jG.jpg
1784,EverAfter,9454,https://image.tmdb.org/t/p/original/9TspO5dThMBioF0DFrvy6YqrngH.jpg
1785,Open Range,2055,https://image.tmdb.org/t/p/original/5bmt52Fijy71W0E72on8xnnYHgP.jpg
1786,Flatliners,1551,https://image.tmdb.org/t/p/original/wda3j7p7YHXKpFIlSzoTCtP7myF.jpg
1787,A Bridge Too Far,5902,https://image.tmdb.org/t/p/original/lszOk3Xmh7qpLaM9J4K9E6ADLk1.jpg
1788,Red Eye,11460,https://image.tmdb.org/t/p/original/j33szyBdJjrmnItyUgPBsqaBECE.jpg
1789,Final Destination 2,9358,https://image.tmdb.org/t/p/original/dg6Tf98InieJSClSKQJTQevYWmB.jpg
1790,"O Brother, Where Art Thou?",134,https://image.tmdb.org/t/p/original/s9foMAcLg8GEzzQzer04qOGdD1k.jpg
1791,Legion,22894,https://image.tmdb.org/t/p/original/ykocDqwg5PRUopnBVb1x1DWnEJF.jpg
1792,Pain & Gain,134374,https://image.tmdb.org/t/p/original/9WqA0Ry9wmTzFvom8mNbcyKZQgP.jpg
1793,In Good Company,1901,https://image.tmdb.org/t/p/original/9u8MAGTAAhIdqZfhNsHcLcRNnra.jpg
1794,Clockstoppers,15028,https://image.tmdb.org/t/p/original/6XZJ58gStdLZV8uJyTRcA5bGNyi.jpg
1795,Silverado,11509,https://image.tmdb.org/t/p/original/k6zurzegRKsNGMICXZ57VJDUzXO.jpg
1796,Brothers,7445,https://image.tmdb.org/t/p/original/skHqceAFYee0JZuYd9MVk2IQggi.jpg
1797,Agent Cody Banks 2: Destination London,17047,https://image.tmdb.org/t/p/original/zlAltvp84rYVTYs3kdemqHBaiat.jpg
1798,New Year's Eve,62838,https://image.tmdb.org/t/p/original/TroWD1BdcLEL7Ycqv4kkCRw7KJ.jpg
1799,Original Sin,2057,https://image.tmdb.org/t/p/original/xvTtsdvvVr1NYlVJxWZibzhaEt5.jpg
1800,The Raven,70436,https://image.tmdb.org/t/p/original/boE0JFhZRpWLLrKOQE6bCBZGerP.jpg
1801,Welcome to Mooseport,16784,https://image.tmdb.org/t/p/original/lpaaUiaSZiW8YUoKA17RkV84mAW.jpg
1802,Highlander III: The Sorcerer,8011,https://image.tmdb.org/t/p/original/b16c3CIPoPmtZPZbTXl4MVGKXNj.jpg
1803,Blood and Wine,31640,https://image.tmdb.org/t/p/original/diFSUAvHZE6rkKqfP3J3qf19Z2X.jpg
1804,Snow White: A Tale of Terror,9092,https://image.tmdb.org/t/p/original/qoFccaw3SVzIFLRWAacFE3cyiig.jpg
1805,The Curse of the Jade Scorpion,2779,https://image.tmdb.org/t/p/original/mfvWefUp09oaLLxb8KhsvUYi7mX.jpg
1806,Accidental Love,316002,https://image.tmdb.org/t/p/original/znPsDmQVKW0BuBnaErIAPo49X3i.jpg
1807,Flipper,36355,https://image.tmdb.org/t/p/original/Aivc5cbCTLcTOjHlOwOQux0WBcV.jpg
1808,Self/less,238615,https://image.tmdb.org/t/p/original/jhzjPJnwiQwBzW0nIHBC01fr9GG.jpg
1809,The Constant Gardener,1985,https://image.tmdb.org/t/p/original/nkXq7V7mmJVbvwZGr3nxkHo7HkS.jpg
1810,The Passion of the Christ,615,https://image.tmdb.org/t/p/original/v9f9MMrq2nGQrN7cHnQRmEq9lSE.jpg
1811,Mrs. Doubtfire,788,https://image.tmdb.org/t/p/original/shHrSmXS5140o6sQzgzXxn3KqSm.jpg
1812,Rain Man,380,https://image.tmdb.org/t/p/original/iTNHwO896WKkaoPtpMMS74d8VNi.jpg
1813,Gran Torino,13223,https://image.tmdb.org/t/p/original/zUybYvxWdAJy5hhYovsXtHSWI1l.jpg
1814,W.,10523,https://image.tmdb.org/t/p/original/nJm8UF4zbUYEoku9seEtz1PTJGS.jpg
1815,Taken,8681,https://image.tmdb.org/t/p/original/y5Va1WXDX6nZElVirPrGxf6w99B.jpg
1816,The Best of Me,239571,https://image.tmdb.org/t/p/original/9YoIpSqRFPBSRWf9Rkm9baUg02c.jpg
1817,The Bodyguard,619,https://image.tmdb.org/t/p/original/ihWF0uY1xnKqw9YK7ZHNLUZOhcO.jpg
1818,Schindler's List,424,https://image.tmdb.org/t/p/original/sF1U4EUQS8YHUYjNl3pMGNIQyr0.jpg
1819,The Help,50014,https://image.tmdb.org/t/p/original/3kmfoWWEc9Vtyuaf9v5VipRgdjx.jpg
1820,The Fifth Estate,162903,https://image.tmdb.org/t/p/original/pUrL2eacUjAxkOS403DaOyXpgAG.jpg
1821,Scooby-Doo 2: Monsters Unleashed,11024,https://image.tmdb.org/t/p/original/5BrXCJrs22bR5KR6mLHluYo6y4m.jpg
1822,Viy,208763,https://image.tmdb.org/t/p/original/q0o9JQDp6PHY4zK0Aw1NHpyQyeo.jpg
1823,Freddy vs. Jason,6466,https://image.tmdb.org/t/p/original/f9ZASRUfl8Jlco7rgRx3ujPR0P7.jpg
1824,The Face of an Angel,254024,https://image.tmdb.org/t/p/original/nFY7bO60ENfXRq4fqzA22snQUls.jpg
1825,Jimmy Neutron: Boy Genius,12589,https://image.tmdb.org/t/p/original/pUwdquA6Bf3Gq8yT5iQL1Yq0jkl.jpg
1826,Cloverfield,7191,https://image.tmdb.org/t/p/original/qIegUGJqyMMCRjkKV1s7A9MqdJ8.jpg
1827,Teenage Mutant Ninja Turtles II: The Secret of the Ooze,1497,https://image.tmdb.org/t/p/original/Hyvvz9Z3le1is8a0EeFJQm0aSC.jpg
1828,The Untouchables,117,https://image.tmdb.org/t/p/original/8BquGK22zCcsmBWiaIakaaPpSZb.jpg
1829,No Country for Old Men,6977,https://image.tmdb.org/t/p/original/6d5XOczc226jECq0LIX0siKtgHR.jpg
1830,Ride Along,168530,https://image.tmdb.org/t/p/original/zdGSv5FEeqYL5xBUaeW46fCERO2.jpg
1831,Bridget Jones's Diary,634,https://image.tmdb.org/t/p/original/dkauRl9TosBFikftrC3OVcKWDoz.jpg
1832,Chocolat,392,https://image.tmdb.org/t/p/original/2WehPFFTcwaoZbOD8lgOb120ssb.jpg
1833,"Legally Blonde 2: Red, White & Blonde",10327,https://image.tmdb.org/t/p/original/4kC0UGTuJgFnlZq2ZM6OiY7nuY8.jpg
1834,Parental Guidance,88042,https://image.tmdb.org/t/p/original/815zxi87kTUvleFHjnE5SNzWmVZ.jpg
1835,No Strings Attached,41630,https://image.tmdb.org/t/p/original/9C09L1U9S13J4Ut029Qhu0oLcTQ.jpg
1836,Tombstone,11969,https://image.tmdb.org/t/p/original/wGFCvylul8iEQhJOKfwZGGvXMzA.jpg
1837,Romeo Must Die,2085,https://image.tmdb.org/t/p/original/zKrnaTWW63y4Q1XLrdZQyQmcRWd.jpg
1838,The Omen,794,https://image.tmdb.org/t/p/original/mDcjjEu1fMNmsXi4l4D8IftlTix.jpg
1839,Final Destination 3,9286,https://image.tmdb.org/t/p/original/p7ARuNKUGPGvkBiDtIDvAzYzonX.jpg
1840,The Lucky One,77877,https://image.tmdb.org/t/p/original/vF1ZuIkF9Z71VzVvG265xJUawb0.jpg
1841,Bridge to Terabithia,1265,https://image.tmdb.org/t/p/original/3xFxGodKPMFLheS8rujFSmLfcq4.jpg
1842,Finding Neverland,866,https://image.tmdb.org/t/p/original/5JyDPH4qdr0I6pF7Bjh1Qrf1Jhh.jpg
1843,A Madea Christmas,175555,https://image.tmdb.org/t/p/original/yNZjU6q0mSvRTtc2ge1Jhj03URx.jpg
1844,The Grey,75174,https://image.tmdb.org/t/p/original/oWI24NRJQK41qdkQ6zhvSviJp5y.jpg
1845,Hide and Seek,11096,https://image.tmdb.org/t/p/original/wB34bqPuEmeZUMm4OIXArBIA3er.jpg
1846,Anchorman: The Legend of Ron Burgundy,8699,https://image.tmdb.org/t/p/original/mhZIcRePT7U8viFQVjt1ZjYIsR4.jpg
1847,GoodFellas,769,https://image.tmdb.org/t/p/original/aKuFiU82s5ISJpGZp7YkIr3kCUd.jpg
1848,Agent Cody Banks,10923,https://image.tmdb.org/t/p/original/fhK0mqqirPsckxkNisvi32A4lf6.jpg
1849,Nanny McPhee,11283,https://image.tmdb.org/t/p/original/j9zWPwaHDWE3K1Mb5RNahzwd3KY.jpg
1850,Scarface,111,https://image.tmdb.org/t/p/original/iQ5ztdjvteGeboxtmRdXEChJOHh.jpg
1851,Nothing to Lose,11676,https://image.tmdb.org/t/p/original/5al8I28ufKJDxGWDcNGw6xCkZHH.jpg
1852,The Last Emperor,746,https://image.tmdb.org/t/p/original/7TILJhdeJAaEyDiwvJZMo9SQBoe.jpg
1853,Contraband,77866,https://image.tmdb.org/t/p/original/dNNjyZQ0zVtmPa74nJE63Kn0xEx.jpg
1854,Money Talks,9416,https://image.tmdb.org/t/p/original/bN57Rl003E9pYred5kw9Rp8h9Np.jpg
1855,There Will Be Blood,7345,https://image.tmdb.org/t/p/original/nuZDiX8okojcwkStdaMjA9LUQAT.jpg
1856,The Wild Thornberrys Movie,14317,https://image.tmdb.org/t/p/original/nmWpcUQtWHC4kjVCygiFEDR1wCY.jpg
1857,Rugrats Go Wild,20694,https://image.tmdb.org/t/p/original/hpVpXRNY2IsU0xvfXtYOxu0QDwc.jpg
1858,Undercover Brother,12277,https://image.tmdb.org/t/p/original/vkPm29sqtEjoekOhXbqxTcgpJ4y.jpg
1859,The Sisterhood of the Traveling Pants,9779,https://image.tmdb.org/t/p/original/wNshlUT6IZEz2AF3iZrlb2mX0pR.jpg
1860,Kiss of the Dragon,2140,https://image.tmdb.org/t/p/original/1ubtSyagwfNF9Bn9s2CKITRtx1d.jpg
1861,The House Bunny,12620,https://image.tmdb.org/t/p/original/4oGGJ824vqIqDtyMvMuK44pDEmx.jpg
1862,Beauty Shop,14177,https://image.tmdb.org/t/p/original/4h8WIvPb3nVh20xVHmvCzDJwnfP.jpg
1863,Million Dollar Arm,198185,https://image.tmdb.org/t/p/original/nO5Hq7fJhxmhuycELyVX6FamOjl.jpg
1864,The Giver,227156,https://image.tmdb.org/t/p/original/dul62Av4pgi5x8LP7ELHzNyka9Z.jpg
1865,What a Girl Wants,10735,https://image.tmdb.org/t/p/original/gGpMruX59KWNuAXgHpiAm8hiChw.jpg
1866,Jeepers Creepers 2,11351,https://image.tmdb.org/t/p/original/u2ghDfjcs3y5c8ata3COc4pWiAN.jpg
1867,Good Luck Chuck,10030,https://image.tmdb.org/t/p/original/b2VgUoXR9iAtAf8nA0mvdTr7cOt.jpg
1868,Cradle 2 the Grave,10623,https://image.tmdb.org/t/p/original/8iXpVITXenqPG8gQ0lCFpUMtZIx.jpg
1869,The Hours,590,https://image.tmdb.org/t/p/original/4myDtowDJQPQnkEDB1IWGtJR1Fo.jpg
1870,She's the Man,9655,https://image.tmdb.org/t/p/original/ms9vdHyBLgAj0txnMWI9djGpDGp.jpg
1871,Mr. Bean's Holiday,1268,https://image.tmdb.org/t/p/original/bSSx9Sq6irWwN9NTQmoT9KE8kXn.jpg
1872,Anacondas: The Hunt for the Blood Orchid,11237,https://image.tmdb.org/t/p/original/ceMVASYCqV8dcdh20AcWf0lrJ8g.jpg
1873,Blood Ties,190955,https://image.tmdb.org/t/p/original/7tMuywiZUoaAihEIkCu3BAL1xPC.jpg
1874,August Rush,5123,https://image.tmdb.org/t/p/original/oA6ZeICPINiS6YtD5WZeBaGVmuT.jpg
1875,Elizabeth,4518,https://image.tmdb.org/t/p/original/qEk48VLOdibXFVIEzE9ETZUBcCs.jpg
1876,Bride of Chucky,11932,https://image.tmdb.org/t/p/original/mAGviFp1ufYM3EaZBSrjPiKPBt6.jpg
1877,Tora! Tora! Tora!,11165,https://image.tmdb.org/t/p/original/aRR16lO2p2LXpxkEJUUW7LrgOLj.jpg
1878,Spice World,6116,https://image.tmdb.org/t/p/original/vKiAnV1QAGIJP38vatwCZp4dCrH.jpg
1879,The Sitter,57431,https://image.tmdb.org/t/p/original/rOVS11iGQsFKRPzjXQPfyTmwtDr.jpg
1880,Dance Flick,21724,https://image.tmdb.org/t/p/original/zP4mmgmt0OzIz7Cjk4dgxG0SZJA.jpg
1881,The Shawshank Redemption,278,https://image.tmdb.org/t/p/original/9cqNxx0GxF0bflZmeSMuL5tnGzr.jpg
1882,Crocodile Dundee in Los Angeles,9290,https://image.tmdb.org/t/p/original/hwt6iJjPuXRDKJON5s9G9pdfPbu.jpg
1883,Kingpin,11543,https://image.tmdb.org/t/p/original/8AFJ0Mk7D5JZZxmT4NXKIKSclqp.jpg
1884,The Gambler,284536,https://image.tmdb.org/t/p/original/hIgU3cxn7Y87joQGM3srofnXOm5.jpg
1885,August: Osage County,152737,https://image.tmdb.org/t/p/original/fvjxr77dfxdIOY3lvj0bHP4B5xT.jpg
1886,Ice Princess,13374,https://image.tmdb.org/t/p/original/oLWeyvu0ZJrpxDsRrzsMeaGzyZp.jpg
1887,A Lot Like Love,8976,https://image.tmdb.org/t/p/original/6xrF9zwEbYiYBOalMO14RAWBLLj.jpg
1888,Eddie the Eagle,319888,https://image.tmdb.org/t/p/original/r562gvTRVHnDSvG7MrKHEECSn1V.jpg
1889,He Got Game,9469,https://image.tmdb.org/t/p/original/kd8hRaysUQOz7AvSorZDJHuihcJ.jpg
1890,Don Juan DeMarco,1909,https://image.tmdb.org/t/p/original/fe0TuYz9jCKUba2Omj48K8bWJ8z.jpg
1891,Dear John,22971,https://image.tmdb.org/t/p/original/2lAPv2jQ5eh54l4EttA9wjDljED.jpg
1892,The Losers,34813,https://image.tmdb.org/t/p/original/b9dVH0n7YnBqLmW2c5AzftxhhpH.jpg
1893,Don't Be Afraid of the Dark,46261,https://image.tmdb.org/t/p/original/jMBMm1jwqvILV8p1K44brBnmwLK.jpg
1894,War,10431,https://image.tmdb.org/t/p/original/scFc8RD4sFxB2x0eIOaymphMnYh.jpg
1895,Punch-Drunk Love,8051,https://image.tmdb.org/t/p/original/htYp4yqFu4rzBEIa6j9jP8miDm3.jpg
1896,EuroTrip,9352,https://image.tmdb.org/t/p/original/iLdO4PwbZCCQSa9rchZMwuJm9xe.jpg
1897,Half Past Dead,10167,https://image.tmdb.org/t/p/original/fJhudecoqyoZLoCwAZvqNPd7MK5.jpg
1898,Unaccompanied Minors,18147,https://image.tmdb.org/t/p/original/7yhaXxwxs1fIOyuPv3YuE2fea0t.jpg
1899,"Bright Lights, Big City",17170,https://image.tmdb.org/t/p/original/1te0t9p6aHRMl5nYyxqI48OX7jp.jpg
1900,The Adventures of Pinocchio,18975,https://image.tmdb.org/t/p/original/rGPFPkUmPam6arT22ey8jWpKzL2.jpg
1901,The Greatest Game Ever Played,15487,https://image.tmdb.org/t/p/original/kh4vd6wKa6j9xVFzxhQrsT0p2YN.jpg
1902,The Box,22825,https://image.tmdb.org/t/p/original/xMAmOu6xl4CsstixcuecBle9krd.jpg
1903,The Ruins,11152,https://image.tmdb.org/t/p/original/6HpicbiT7xmlMjQXOSCeNoLZGpf.jpg
1904,The Next Best Thing,1831,https://image.tmdb.org/t/p/original/iYK1ZUtY4etcn91glUmrGuZRH6M.jpg
1905,My Soul to Take,43931,https://image.tmdb.org/t/p/original/3dOFUWCue0ovlGpUhuEDmOikTPk.jpg
1906,The Girl Next Door,10591,https://image.tmdb.org/t/p/original/5mVyFHSY2rSsNgD4NfEwV82HigU.jpg
1907,Maximum Risk,10861,https://image.tmdb.org/t/p/original/18HVWwyLihWJPzGpSVl3omRRMyL.jpg
1908,Stealing Harvard,12770,https://image.tmdb.org/t/p/original/iCHAn0eVAXwybuzoQO598aKMVJD.jpg
1909,Legend,276907,https://image.tmdb.org/t/p/original/4shf5Alq4KWCKqrAAQe0JGJHYp5.jpg
1910,Hot Rod,10074,https://image.tmdb.org/t/p/original/jRkt03dXCVKnbvcQm3ygU1cjg9Y.jpg
1911,Shark Night,65055,https://image.tmdb.org/t/p/original/cjfRqUXtNc2iJHfP60HTq9nFs0.jpg
1912,Angela's Ashes,10397,https://image.tmdb.org/t/p/original/3Zzcys11nAPP14sKW9l97fIHhkK.jpg
1913,Draft Day,200505,https://image.tmdb.org/t/p/original/bnl2ocjS1io4UCPhjoFuPKmJ9bf.jpg
1914,Lifeforce,11954,https://image.tmdb.org/t/p/original/urGWv3bB1V4aJHaC6ephmUTlqNF.jpg
1915,The Conspirator,60309,https://image.tmdb.org/t/p/original/a2ubkGUjGYeKRN1C2Tib0rmjuWf.jpg
1916,Lords of Dogtown,9787,https://image.tmdb.org/t/p/original/k2NiPfydLSwmk28C6qpvpJPuqtq.jpg
1917,The 33,293646,https://image.tmdb.org/t/p/original/hpXkIuAlIlcNYACRE2MssxnHvZQ.jpg
1918,Big Trouble in Little China,6978,https://image.tmdb.org/t/p/original/aeGy6SZua7eFXEZP9zAvrLkkbI2.jpg
1919,Un Plan parfait,133698,https://image.tmdb.org/t/p/original/iPFBW4KaLyCdXwEsa2TXRBW0Jxe.jpg
1920,Warrior,59440,https://image.tmdb.org/t/p/original/iM8n4nZJPR2abpnyZ36FUgHiRjr.jpg
1921,Michael Collins,1770,https://image.tmdb.org/t/p/original/brIBbU6t9glEGAKRTJ4PMj9OiDC.jpg
1922,Gettysburg,10655,https://image.tmdb.org/t/p/original/566AVv5fwoQTdFy37JXc8QcyDSy.jpg
1923,Stop-Loss,8988,https://image.tmdb.org/t/p/original/hsmZcNzPGnZwRgCKAfIr1JngYu5.jpg
1924,Abandon,15992,https://image.tmdb.org/t/p/original/7zRmopB7pnveyhFaCRSMZMiGO0v.jpg
1925,Brokedown Palace,17707,https://image.tmdb.org/t/p/original/pWxoggA0KCS5oMPDOjIDYZYzryE.jpg
1926,The Possession,77883,https://image.tmdb.org/t/p/original/4VxIbGO5A9HRlkAPMi70zimosDY.jpg
1927,Mrs. Winterbourne,40001,https://image.tmdb.org/t/p/original/ppHqVo9uAFZYMvRm9x0XUtnyQPR.jpg
1928,Straw Dogs,64639,https://image.tmdb.org/t/p/original/hSW5Msz5Cr6vUQxChPSPdxufnss.jpg
1929,The Hoax,9903,https://image.tmdb.org/t/p/original/u5KESAGmNa5NLsSbpHVUDWT4ENR.jpg
1930,Stone Cold,21338,https://image.tmdb.org/t/p/original/4nW7wZKKjzZ5zriDfIjpJcZIyZS.jpg
1931,The Road,20766,https://image.tmdb.org/t/p/original/qLaXnLzqleBWQtjvZ6JGVSaKoC3.jpg
1932,Sheena,24264,https://image.tmdb.org/t/p/original/g3MC1eYoW1Se9fQzCOZ5tfyMatl.jpg
1933,Underclassman,19803,https://image.tmdb.org/t/p/original/kOpQ5doAbDaxKyGq91PugsCTOYO.jpg
1934,Say It Isn't So,20309,https://image.tmdb.org/t/p/original/x0ZGWU78Erygwm7Pc3q9hyu7ZA5.jpg
1935,The World's Fastest Indian,9912,https://image.tmdb.org/t/p/original/vUIwPFAAXeCUuS040uGC0xSatcG.jpg
1936,Tank Girl,9067,https://image.tmdb.org/t/p/original/qohdY3BcJ98sFneOUAWp0FmH4Z6.jpg
1937,King's Ransom,27360,https://image.tmdb.org/t/p/original/lH8Nugl7DnMaMHfOChEFNXXQ3zX.jpg
1938,Blindness,8338,https://image.tmdb.org/t/p/original/deBsx5IxyqCC217j3VY24TkkE0Z.jpg
1939,BloodRayne,168705,https://image.tmdb.org/t/p/original/1xmYrKxBdCgcHgF8m9YUnwthLxF.jpg
1940,Carnage,72113,https://image.tmdb.org/t/p/original/3Imx53XV3T02ADlMxYazYXVNysZ.jpg
1941,Where the Truth Lies,9729,https://image.tmdb.org/t/p/original/4gWQoxAmSeBaugpccnWdlg5Ov6f.jpg
1942,Cirque du Soleil: Worlds Away,94352,https://image.tmdb.org/t/p/original/jAt4ugebhXKmAnirHAWe5P6gnMi.jpg
1943,Without Limits,22256,https://image.tmdb.org/t/p/original/2HoKVqCzVOez7DEwHApc73bKobg.jpg
1944,Me and Orson Welles,12404,https://image.tmdb.org/t/p/original/jU7KFn4O1HLgzj9WkkmBkzJNPlN.jpg
1945,La migliore offerta,152742,https://image.tmdb.org/t/p/original/ibDGPgUZn6vxHiSgt2xeQyFp8Np.jpg
1946,The Bad Lieutenant: Port of Call - New Orleans,11699,https://image.tmdb.org/t/p/original/73jnKMm8bCcV1w2ltkaeJfLZJzX.jpg
1947,Sammy's avonturen: De geheime doorgang,49953,https://image.tmdb.org/t/p/original/k5iNd9Uj1nyBZRZPwexcsvDVZ0O.jpg
1948,Les petits mouchoirs,48034,https://image.tmdb.org/t/p/original/djypJtQfUxeEMh6kc0aRzIoN9UR.jpg
1949,Love Ranch,39845,https://image.tmdb.org/t/p/original/5Br0vFwX5UJZ60hwmSMMIKH2RgZ.jpg
1950,La véritable histoire du Chat Botté,25353,https://image.tmdb.org/t/p/original/va4tC2RBC0uwpmq0cctruJmZgFs.jpg
1951,Белка и Стрелка. Звёздные собаки,36696,https://image.tmdb.org/t/p/original/zufutvJv0KjMmuw8ldWpPLzkomT.jpg
1952,The Counselor,109091,https://image.tmdb.org/t/p/original/aNiLkGnzVb5CorZHKk16w9S4COt.jpg
1953,Ironclad,38543,https://image.tmdb.org/t/p/original/bWWogjjlpoEVXxcnymBdWGwPsdA.jpg
1954,Waterloo,33157,https://image.tmdb.org/t/p/original/zd4SV3qs5Xg7Yl8kqshU2fxTT0D.jpg
1955,一個人的武林,290864,https://image.tmdb.org/t/p/original/myZQ4WocOQQCXNGVJkHeeJ1jTEj.jpg
1956,Red Sky,242166,https://image.tmdb.org/t/p/original/h5wrpVvjeq8kgClO0CtX2aNOcxU.jpg
1957,Dangerous Liaisons,859,https://image.tmdb.org/t/p/original/7etDozwd9Pf5oCcyo4h1Hki6U13.jpg
1958,On the Road,83770,https://image.tmdb.org/t/p/original/k7LQteD02p3VHixbS6NXHkFdFwT.jpg
1959,Star Trek IV: The Voyage Home,168,https://image.tmdb.org/t/p/original/xY5TzGXJOB3L9rhZ1MbbPyVlW5J.jpg
1960,Rocky Balboa,1246,https://image.tmdb.org/t/p/original/byBlJvZwCqgtIwrZNv0pyE974jC.jpg
1961,Scream 2,4233,https://image.tmdb.org/t/p/original/dORlVasiaDkJXTqt9bdH7nFNs6C.jpg
1962,Jane Got a Gun,174751,https://image.tmdb.org/t/p/original/l5g8mqTWrudxBYXyB3B8cVSnxjp.jpg
1963,Think Like a Man Too,184098,https://image.tmdb.org/t/p/original/bsKfhf0y9Zx7h4j5GHu1JANpKwl.jpg
1964,The Whole Nine Yards,2069,https://image.tmdb.org/t/p/original/rDV7ntPLY0ZDBT722Odsi80nFrn.jpg
1965,Footloose,1788,https://image.tmdb.org/t/p/original/9JEDjBCXCx3eKTSkXwispf0UN3O.jpg
1966,Old School,11635,https://image.tmdb.org/t/p/original/nYtuwNHpEoIbTgS3aFPSEwZNN6l.jpg
1967,The Fisher King,177,https://image.tmdb.org/t/p/original/hwIYw22HmAUMobV4zsX69MgfVUz.jpg
1968,I Still Know What You Did Last Summer,3600,https://image.tmdb.org/t/p/original/pO0dDhcq78pdSDtXucJYtnbxBbO.jpg
1969,Return to Me,2621,https://image.tmdb.org/t/p/original/mtYZyZh7hSiTq3gAU0C8FlcMC5.jpg
1970,Zack and Miri Make a Porno,10358,https://image.tmdb.org/t/p/original/pLPa4UHlwf3tvrXKuNsiWGZOb8X.jpg
1971,Nurse Betty,10480,https://image.tmdb.org/t/p/original/1OCHR9z9k7go669AsShOkTj4CFb.jpg
1972,The Men Who Stare at Goats,10313,https://image.tmdb.org/t/p/original/5boJKypPQmgABssbKOk2RvsCnSv.jpg
1973,Double Take,18828,https://image.tmdb.org/t/p/original/gNyudcF4Z8LVJn4IxauOptG6dcb.jpg
1974,"Girl, Interrupted",3558,https://image.tmdb.org/t/p/original/dOBdatHIVppvmRFw2z7bf9VKJr9.jpg
1975,Win a Date with Tad Hamilton!,13476,https://image.tmdb.org/t/p/original/uVY9qtDib6rHEqSWsC8iek68u4C.jpg
1976,Muppets from Space,10208,https://image.tmdb.org/t/p/original/Aww9cF4uMsbald9ddhCYFoP4gBi.jpg
1977,The Wiz,24961,https://image.tmdb.org/t/p/original/rgKukXAbkpIv8pYKwKaj8IDunPq.jpg
1978,Ready to Rumble,20697,https://image.tmdb.org/t/p/original/rGbMrCUh6eRiWKsHNf5kqgPoliZ.jpg
1979,Play It to the Bone,20761,https://image.tmdb.org/t/p/original/qSJl8pD17doJsAkou5mPvDogBQT.jpg
1980,I Don't Know How She Does It,70868,https://image.tmdb.org/t/p/original/4xNXSOd7y5WcfaDsDJHRTwTLakw.jpg
1981,Piranha 3D,43593,https://image.tmdb.org/t/p/original/lMLS2OFBbNYMSB1ZbVp4q2S4zTU.jpg
1982,Beyond the Sea,6478,https://image.tmdb.org/t/p/original/wIewPJNyyTIMI5rQzcElc23jenW.jpg
1983,Meet the Deedles,40688,https://image.tmdb.org/t/p/original/Pd5FPSOjfWmLwrpdKVMznCW9Iw.jpg
1984,The Thief and the Cobbler,26672,https://image.tmdb.org/t/p/original/3OKtFuTxahr7hokPB9aO38qgOfc.jpg
1985,The Bridge of San Luis Rey,45881,https://image.tmdb.org/t/p/original/jp26f92Z28eFVmwZ90Q09bnrBEB.jpg
1986,Faster,41283,https://image.tmdb.org/t/p/original/AsUeaXrhw4oscCSjUZ6heh1pVvd.jpg
1987,ハウルの動く城,4935,https://image.tmdb.org/t/p/original/23hUJh7JdO23SpgUB5oiFDQk2wX.jpg
1988,Zombieland,19908,https://image.tmdb.org/t/p/original/dUkAmAyPVqubSBNRjRqCgHggZcK.jpg
1989,The Waterboy,10663,https://image.tmdb.org/t/p/original/miT42qWYC4D0n2mXNzJ9VfhheWW.jpg
1990,The Empire Strikes Back,1891,https://image.tmdb.org/t/p/original/nNAeTmF4CtdSgMDplXTDPOpYzsX.jpg
1991,Bad Boys,9737,https://image.tmdb.org/t/p/original/qKiLKvJaT6rRmd3IBsoVV58luXH.jpg
1992,The Naked Gun 2½: The Smell of Fear,37137,https://image.tmdb.org/t/p/original/v9niLQWVzVPB1cP1ThNdEaLZG1Q.jpg
1993,Final Destination,9532,https://image.tmdb.org/t/p/original/1mXhlQMnlfvJ2frxTjZSQNnA9Vp.jpg
1994,The Ides of March,10316,https://image.tmdb.org/t/p/original/w8t4UnJnC24S9ygoaFgmMzRbErd.jpg
1995,Pitch Black,2787,https://image.tmdb.org/t/p/original/3AnlxZ5CZnhKKzjgFyY6EHxmOyl.jpg
1996,Someone Like You...,12658,https://image.tmdb.org/t/p/original/j6lr8jE8hDgx75GeRRL1greDmkz.jpg
1997,Her,152601,https://image.tmdb.org/t/p/original/eCOtqtfvn7mxGl6nfmq4b1exJRc.jpg
1998,Joy Ride,10866,https://image.tmdb.org/t/p/original/1LVGjf1QWgkNNPQssZtuT1GYKoP.jpg
1999,The Adventurer: The Curse of the Midas Box,227707,https://image.tmdb.org/t/p/original/31ykUoOS2RNdARk3B8z3y25gD8b.jpg
2000,Anywhere But Here,21349,https://image.tmdb.org/t/p/original/2DNtxmXkotuaJexU57geTLIPnQf.jpg
2001,The Crew,19150,https://image.tmdb.org/t/p/original/kdQOz5enVVz113zZQcuoqh3oACy.jpg
2002,Haywire,70435,https://image.tmdb.org/t/p/original/qgMC6RZx4WByrJmbijXSKCkYk0B.jpg
2003,Jaws: The Revenge,580,https://image.tmdb.org/t/p/original/5CjZjto37afh1aoYfljbHV9GBut.jpg
2004,Marvin's Room,9819,https://image.tmdb.org/t/p/original/lTHq1K5Y6EDRjxTBvReXHY6AKQ3.jpg
2005,The Longshots,13579,https://image.tmdb.org/t/p/original/mrejNUR8giaAYIJkaLztELRrVXe.jpg
2006,The End of the Affair,20024,https://image.tmdb.org/t/p/original/xTp5cyp6qG0YTdI4AEz4ytjODOQ.jpg
2007,Harley Davidson and the Marlboro Man,2453,https://image.tmdb.org/t/p/original/4WRdrjHyLuHRwep2UJWBoIn6KTW.jpg
2008,In the Valley of Elah,6973,https://image.tmdb.org/t/p/original/aQx5vOURCo4SD71s7BBJIozGmt3.jpg
2009,Coco avant Chanel,11156,https://image.tmdb.org/t/p/original/nNpP1P2EufA6TN7fQOBeHUIVmeH.jpg
2010,Forsaken,354110,https://image.tmdb.org/t/p/original/fbTpSiqGn6ImqSAyawHlLf7goat.jpg
2011,Chéri,22215,https://image.tmdb.org/t/p/original/b35rv11ebJdqCe5chVmSUZ0RIlX.jpg
2012,Vanity Fair,11632,https://image.tmdb.org/t/p/original/6GCjrrd1XIl8VSwjKo8c94LTwtd.jpg
2013,十月圍城,30596,https://image.tmdb.org/t/p/original/hEqqA5pSm62IcJ4YJAuMByme3zr.jpg
2014,1408,3021,https://image.tmdb.org/t/p/original/yE9MCW7ZNxSw5SC1TMqm51pMBIV.jpg
2015,Spaceballs,957,https://image.tmdb.org/t/p/original/o624HTt93iIJIc1Sg5hNkDTnk5l.jpg
2016,The Water Diviner,256917,https://image.tmdb.org/t/p/original/kIlVtC22BDNiiAiCvSZoOS7FhY9.jpg
2017,Ghost,251,https://image.tmdb.org/t/p/original/w9RaPHov8oM5cnzeE27isnFMsvS.jpg
2018,There's Something About Mary,544,https://image.tmdb.org/t/p/original/slJD1Dvnsf15LoeqhERsyzisAdn.jpg
2019,The Santa Clause,11395,https://image.tmdb.org/t/p/original/hvV2rI60qOYELT7tHHLpxtafnBZ.jpg
2020,The Rookie,14635,https://image.tmdb.org/t/p/original/aEmR4wVd9CMn5s6oBVEcVgVFwOE.jpg
2021,The Game Plan,13680,https://image.tmdb.org/t/p/original/fcLFvIqCUrhY96mkSmr3okxaMEw.jpg
2022,The Bridges of Madison County,688,https://image.tmdb.org/t/p/original/8TfLAfIh5Qxp2J4ZjOafHYhWtDb.jpg
2023,The Animal,11090,https://image.tmdb.org/t/p/original/oNxEXmKTZtECHs0bQbI6dQoXYMV.jpg
2024,Gandhi,783,https://image.tmdb.org/t/p/original/rOXftt7SluxskrFrvU7qFJa5zeN.jpg
2025,The Hundred-Foot Journey,228194,https://image.tmdb.org/t/p/original/1vFhSr7INoulu18smHqicft05i8.jpg
2026,The Net,1642,https://image.tmdb.org/t/p/original/dtupntUFMD5iXBo8HLfALt2ET4R.jpg
2027,I Am Sam,10950,https://image.tmdb.org/t/p/original/3MUXRSyx9gnA2lLSSTGLN8cQQ42.jpg
2028,Son of God,235260,https://image.tmdb.org/t/p/original/7xWa1p2qMn4rxGIvRDDebJrXMiI.jpg
2029,Underworld,277,https://image.tmdb.org/t/p/original/zsnQ41UZ3jo1wEeemF0eA9cAIU0.jpg
2030,Derailed,8999,https://image.tmdb.org/t/p/original/bcCoOkwEBHUS5Y7Rm1u1oTLUHdb.jpg
2031,The Informant!,11323,https://image.tmdb.org/t/p/original/wT6uYA8RQ9tYvWUT91480LR0Dnn.jpg
2032,Shadowlands,10445,https://image.tmdb.org/t/p/original/5jTWY1M2O4Zhid4rLOpftzazRGn.jpg
2033,Deuce Bigalow: European Gigolo,11453,https://image.tmdb.org/t/p/original/yXdQ4UGDFCsPrynJOdIk20AYLus.jpg
2034,Delivery Man,146239,https://image.tmdb.org/t/p/original/huXHYDclKT4RM1OvS3O7SXYRAU0.jpg
2035,Our Kind of Traitor,205588,https://image.tmdb.org/t/p/original/sYKzETDzreQKKazVj11J4Oy5Wgt.jpg
2036,Saving Silverman,10878,https://image.tmdb.org/t/p/original/w6eEJXYECpJnCNqDu4qDCLHvONe.jpg
2037,Diary of a Wimpy Kid: Dog Days,82650,https://image.tmdb.org/t/p/original/zGtie23gOL8H6dJvXRNdmCtscRq.jpg
2038,Summer of Sam,10279,https://image.tmdb.org/t/p/original/yvGGA2CbT6xyFVTZUA9f2ok0q5V.jpg
2039,Jay and Silent Bob Strike Back,2294,https://image.tmdb.org/t/p/original/aEsAdMAhwKYFgnHHxMOknktQYKK.jpg
2040,The Glass House,2176,https://image.tmdb.org/t/p/original/16obDcmphjfq17zwWKJlur53fCh.jpg
2041,"Hail, Caesar!",270487,https://image.tmdb.org/t/p/original/ozY79UvbYvJUWFg2UCM1CDQ7rBl.jpg
2042,Josie and the Pussycats,19366,https://image.tmdb.org/t/p/original/jZDTbsLCufLShWJBTScuGf8T8Rw.jpg
2043,Homefront,204082,https://image.tmdb.org/t/p/original/6pF8D9bDIAmuHgCqGKEfuNWRQam.jpg
2044,The Little Vampire,24100,https://image.tmdb.org/t/p/original/zBGfZGKX3KJnljxsX6r24lzRe0i.jpg
2045,I Heart Huckabees,1599,https://image.tmdb.org/t/p/original/h27ytqXyOrAB6KmRx2abOp8p2W.jpg
2046,RoboCop 3,5550,https://image.tmdb.org/t/p/original/ppLSSwCuC5ERRWbu9H3R8SPL9AM.jpg
2047,Megiddo: The Omega Code 2,30379,https://image.tmdb.org/t/p/original/gBFh6xxEManI9YJ5acKBfhqT9Nu.jpg
2048,Darling Lili,42586,https://image.tmdb.org/t/p/original/ugypriAtGu3LdUrp5bLkeIcg5Jf.jpg
2049,Dudley Do-Right,17709,https://image.tmdb.org/t/p/original/4LP5BieqdFNlCFjxsvaA3d6hGGd.jpg
2050,The Transporter Refueled,287948,https://image.tmdb.org/t/p/original/71kaQfdrMy0LHSeLRADsvlDGCgb.jpg
2051,The Libertine,7548,https://image.tmdb.org/t/p/original/3eiFFCwIXbWUEE4D31bDu5sz9sG.jpg
2052,Zwartboek,9075,https://image.tmdb.org/t/p/original/gAUAE1WiKjcbrPjpMc99MxBR3U2.jpg
2053,Joyeux Noël,11661,https://image.tmdb.org/t/p/original/9Ka8lKCIiWjnZiMslPQeakS5UhW.jpg
2054,Hit & Run,109513,https://image.tmdb.org/t/p/original/2n3FTpj2AmucfvgZ5tunZxZ2Jvf.jpg
2055,Mad Money,12085,https://image.tmdb.org/t/p/original/z6b6rQ1ZFEkM4tSt84yPtdAioCO.jpg
2056,Before I Go to Sleep,204922,https://image.tmdb.org/t/p/original/1sSWpTupVixOanIpZdLGzsKvcZS.jpg
2057,Sorcerer,38985,https://image.tmdb.org/t/p/original/2b7oexm173SF1FSEq0DdgxZZNRH.jpg
2058,Stone,44113,https://image.tmdb.org/t/p/original/mcdN6DntOAOtKNQKcRKnfFayFis.jpg
2059,Molière,21494,https://image.tmdb.org/t/p/original/3nfp9JCCzt1QlRhEzQfz5EkjLYn.jpg
2060,Out of the Furnace,164457,https://image.tmdb.org/t/p/original/cOuQQ4eRpSBxb0G9OXzWE1pHPeq.jpg
2061,Michael Clayton,4566,https://image.tmdb.org/t/p/original/hhkW4yVIGo8Bee3UITKvqOvhNMG.jpg
2062,My Fellow Americans,17795,https://image.tmdb.org/t/p/original/5odQxB2kTRyPOJiMjYY1SYHLVHs.jpg
2063,Arlington Road,1073,https://image.tmdb.org/t/p/original/4yYHyZuyTTQaEZuHKS7561jXjtR.jpg
2064,Metegol,153158,https://image.tmdb.org/t/p/original/tJL0oyVmrwSpULCAGaTqs9VMTdM.jpg
2065,To Rome with Love,81836,https://image.tmdb.org/t/p/original/f6yBjjTQaOIzSOLVcCqlfcWxUqW.jpg
2066,Firefox,10724,https://image.tmdb.org/t/p/original/xP6VaKdFEriMzPXe3j5YyDF3ryS.jpg
2067,"South Park: Bigger, Longer & Uncut",9473,https://image.tmdb.org/t/p/original/tS0PedvA2mFO9VCHYwQpaU1K36U.jpg
2068,Death at a Funeral,2196,https://image.tmdb.org/t/p/original/xyTxrJnjbSJQzcbKIP6S1uqLuxy.jpg
2069,Teenage Mutant Ninja Turtles III,1499,https://image.tmdb.org/t/p/original/fwX5RdPDBFsbEAXc46DrvRz5Bca.jpg
2070,Hardball,20857,https://image.tmdb.org/t/p/original/9RMcwwnK8a9WCt8dVlwmtNsFCg3.jpg
2071,Silver Linings Playbook,82693,https://image.tmdb.org/t/p/original/y7iOVneBvITlBdhy6tVqXVOa1Js.jpg
2072,Freedom Writers,1646,https://image.tmdb.org/t/p/original/81AdeUQT99N0xPg3j6RVh0YGOTk.jpg
2073,For Colored Girls,44944,https://image.tmdb.org/t/p/original/lj7SFMEUL0BRi41TDdVTVcq70Gt.jpg
2074,The Transporter,4108,https://image.tmdb.org/t/p/original/xmuCaJJjGbUns8pwMD7M0C0O1uP.jpg
2075,Never Back Down,8456,https://image.tmdb.org/t/p/original/8oRUTyP1QAtGDMvRpKZyuyFPG0U.jpg
2076,The Rage: Carrie 2,7341,https://image.tmdb.org/t/p/original/jJmIf22gwwQPAFJfZ6Tr1MwSpRg.jpg
2077,Away We Go,19255,https://image.tmdb.org/t/p/original/bcN8sdoAPZae2Et1klD0iWRdSnZ.jpg
2078,Swing Vote,10187,https://image.tmdb.org/t/p/original/aa5pWY2IVObKS7JZpfEw7Fe4FJk.jpg
2079,Moonlight Mile,31005,https://image.tmdb.org/t/p/original/2euV4acuuf7HulTNVwkMYSZ6IOp.jpg
2080,Tinker Tailor Soldier Spy,49517,https://image.tmdb.org/t/p/original/bsL9UZPCmQKgl88wXwMulKuw9Jh.jpg
2081,Molly,44857,https://image.tmdb.org/t/p/original/bKyRoZ8uutxdCMMmrVoivZJ0Mc7.jpg
2082,The Beaver,50780,https://image.tmdb.org/t/p/original/nlaWgS7iIb6MG3t0FitV1xdPqIV.jpg
2083,The Best Little Whorehouse in Texas,16363,https://image.tmdb.org/t/p/original/ypUcJRFDhwutqY70WjT1W5XlIOA.jpg
2084,eXistenZ,1946,https://image.tmdb.org/t/p/original/kETKF0JhdTPn1knci8CAdYL0d79.jpg
2085,Raiders of the Lost Ark,85,https://image.tmdb.org/t/p/original/ceG9VzoRAVGwivFU403Wc3AHRys.jpg
2086,Home Alone 2: Lost in New York,772,https://image.tmdb.org/t/p/original/uuitWHpJwxD1wruFl2nZHIb4UGN.jpg
2087,Close Encounters of the Third Kind,840,https://image.tmdb.org/t/p/original/yaPx3cK9zGFX3SbcKwxWM1QIbUh.jpg
2088,Pulse,9682,https://image.tmdb.org/t/p/original/9ePdNzKVvGHsMMphfS3HeoMvuEX.jpg
2089,Beverly Hills Cop II,96,https://image.tmdb.org/t/p/original/egDakU8O5yUwpUJP9IMAUVtIDll.jpg
2090,Bringing Down the House,10678,https://image.tmdb.org/t/p/original/jic0ULHTcqQQaCSIEw6SAhHhIPA.jpg
2091,The Silence of the Lambs,274,https://image.tmdb.org/t/p/original/uS9m8OBk1A8eM9I042bx8XXpqAq.jpg
2092,Wayne's World,8872,https://image.tmdb.org/t/p/original/j2PXBHjYxg1PLBl0YQ8Tiblnqdn.jpg
2093,Jackass 3D,16290,https://image.tmdb.org/t/p/original/xV9utiBA3tcHVO6RDIGKDsE0Kq5.jpg
2094,Jaws 2,579,https://image.tmdb.org/t/p/original/cN3ijEwsn4kBaRuHfcJpAQJbeWe.jpg
2095,Beverly Hills Chihuahua,14405,https://image.tmdb.org/t/p/original/2aRvqtLoE06hTjG93lASvO7r1as.jpg
2096,The Conjuring,138843,https://image.tmdb.org/t/p/original/wVYREutTvI2tmxr6ujrHT704wGF.jpg
2097,Are We There Yet?,11637,https://image.tmdb.org/t/p/original/guDkMD4wrZ1BGUO7DFFBVzaiGij.jpg
2098,Tammy,226486,https://image.tmdb.org/t/p/original/efsVMziwE9BNTDX5fNmYVA5oAzJ.jpg
2099,School of Rock,1584,https://image.tmdb.org/t/p/original/zXLXaepIBvFVLU25DH3wv4IPSbe.jpg
2100,Mortal Kombat,9312,https://image.tmdb.org/t/p/original/fcK7tzSSXMYiMN8E9KlZJL1BYyp.jpg
2101,White Chicks,12153,https://image.tmdb.org/t/p/original/aHTUpo45qy9QYIOnVITGGqLoVcA.jpg
2102,The Descendants,65057,https://image.tmdb.org/t/p/original/8cDq5UlOPYeKm39okALCEOsZPxk.jpg
2103,Holes,8326,https://image.tmdb.org/t/p/original/o2Dm2mcE1qW8vT0bpsJO5OMBbqa.jpg
2104,The Last Song,35690,https://image.tmdb.org/t/p/original/76twEOHXAM2oKnvZYBI5bP6GeDu.jpg
2105,12 Years a Slave,76203,https://image.tmdb.org/t/p/original/xdANQijuNrJaw1HA61rDccME4Tm.jpg
2106,Drumline,13497,https://image.tmdb.org/t/p/original/zl7gdxYqKdFCioPT3DAkZR5DDUP.jpg
2107,Why Did I Get Married Too?,35688,https://image.tmdb.org/t/p/original/gbSqG5ur1ipvs6WvGdQvc6Bt2K4.jpg
2108,Edward Scissorhands,162,https://image.tmdb.org/t/p/original/e0FqKFvGPdQNWG8tF9cZBtev9Em.jpg
2109,Me Before You,296096,https://image.tmdb.org/t/p/original/Ia3dzj5LnCj1ZBdlVeJrbKJQxG.jpg
2110,Madea's Witness Protection,103370,https://image.tmdb.org/t/p/original/4P6d7kVDB60Ydmk9WAhrPCWrARI.jpg
2111,The French Connection,1051,https://image.tmdb.org/t/p/original/5XSGvIKl2yPvOkieFjc3rzLw7x0.jpg
2112,Bad Moms,376659,https://image.tmdb.org/t/p/original/u9q10ljhkLj0tNCjlVqe3DCjoU4.jpg
2113,Date Movie,10073,https://image.tmdb.org/t/p/original/xjLK0EmD0MAM7B049SRCUQaqkdL.jpg
2114,Return to Never Land,16690,https://image.tmdb.org/t/p/original/wB3r2b8sxUZspqNyr8copMlt7se.jpg
2115,Selma,273895,https://image.tmdb.org/t/p/original/wq4lhMc4BuOyQqe1ZGzhxLyy3Uk.jpg
2116,The Jungle Book 2,14873,https://image.tmdb.org/t/p/original/21GanxizOIL1CN0HLx7j3je8k87.jpg
2117,Boogeyman,8968,https://image.tmdb.org/t/p/original/5KffN0UcuAKJdUAcOvZ21OrqXc8.jpg
2118,Premonition,9963,https://image.tmdb.org/t/p/original/vKW1XIYrIqVrbCaYj9FQDHKXR8R.jpg
2119,The Tigger Movie,15655,https://image.tmdb.org/t/p/original/9OdZKUdGfaBAUwRLbtWpFWKbILO.jpg
2120,Orphan,21208,https://image.tmdb.org/t/p/original/lCGpOgoTOGLtZnBiGY9HRg5Xnjd.jpg
2121,Max,272878,https://image.tmdb.org/t/p/original/d3ACos3t4YwXML8keTA0wKN8e36.jpg
2122,Epic Movie,9760,https://image.tmdb.org/t/p/original/l0lGJiTzU2Ce6T31DIRWv7I0kaC.jpg
2123,Spotlight,314365,https://image.tmdb.org/t/p/original/8DPGG400FgaFWaqcv11n8mRd2NG.jpg
2124,Lakeview Terrace,13279,https://image.tmdb.org/t/p/original/2ThsS74hopBz0RveLgOWiwrMfE8.jpg
2125,The Grudge 2,1975,https://image.tmdb.org/t/p/original/bar7YmgKImN0VljpdLDhvLwMZo4.jpg
2126,How Stella Got Her Groove Back,33644,https://image.tmdb.org/t/p/original/ygmuaJDLYxWJo8eNhq0A63hagrQ.jpg
2127,Bill & Ted's Bogus Journey,1649,https://image.tmdb.org/t/p/original/tldtDfLnPFOtTWp758EmIP2Hbz5.jpg
2128,Man of the Year,9895,https://image.tmdb.org/t/p/original/s1etp9ZqcRqZVfonrdFJbQ6mgk9.jpg
2129,The Black Hole,9570,https://image.tmdb.org/t/p/original/92fghstMdnJQPxoqWPGtRhbUb8G.jpg
2130,The American,27579,https://image.tmdb.org/t/p/original/5OEOsRaBsSxD0qBtAhus0iKDzr.jpg
2131,Selena,16052,https://image.tmdb.org/t/p/original/j8xX3yBAFOayfSaImgLZPnAcdWz.jpg
2132,Vampires Suck,40264,https://image.tmdb.org/t/p/original/ksPKfoXovAiFnBktkCBefsRQ8a1.jpg
2133,Babel,1164,https://image.tmdb.org/t/p/original/ocV89hUekPRPIjPxivNBZJXx7AN.jpg
2134,This Is Where I Leave You,239678,https://image.tmdb.org/t/p/original/rVUI2267FdetVWz9UBQbqTmRVhQ.jpg
2135,Doubt,14359,https://image.tmdb.org/t/p/original/9lypT2ghNuUPYVJf66oe4fKvUqI.jpg
2136,Team America: World Police,3989,https://image.tmdb.org/t/p/original/hxQ67nOctKpUxKlghbHvZqcDETJ.jpg
2137,Texas Chainsaw 3D,76617,https://image.tmdb.org/t/p/original/qaPvvHP1kKlQaUAXQZQAWitqBOT.jpg
2138,Copycat,1710,https://image.tmdb.org/t/p/original/oMgwJb016znNZcpDR20eXxZoW8A.jpg
2139,Scary Movie 5,4258,https://image.tmdb.org/t/p/original/9WNozxN2UVf7rA73FJBWdWJZhfP.jpg
2140,Paint Your Wagon,20391,https://image.tmdb.org/t/p/original/pDFQPmc8o37SaIjgoXPQSkKTttS.jpg
2141,Milk,10139,https://image.tmdb.org/t/p/original/ot4ImF4b7QbS6XsTdMH3pWxNmX2.jpg
2142,Risen,335778,https://image.tmdb.org/t/p/original/6hGh4z503k8wA8mLlmvwhTSGja.jpg
2143,Ghost Ship,9645,https://image.tmdb.org/t/p/original/kIlzZJqV4SCGHrrjoGLBhmsO7z2.jpg
2144,A Very Harold & Kumar Christmas,55465,https://image.tmdb.org/t/p/original/cncxLilRHKayn8VKhzjAMHkbN4f.jpg
2145,Wild Things,617,https://image.tmdb.org/t/p/original/wrcTDD9T7Ga5c9MW7kaOo2qwIvW.jpg
2146,The Stepfather,19904,https://image.tmdb.org/t/p/original/bTolBUgHeU4Tcq8HjBxL92f9wLm.jpg
2147,The Debt,48289,https://image.tmdb.org/t/p/original/zlavkPAIzIIQppcU9vcQrKZjfmb.jpg
2148,High Fidelity,243,https://image.tmdb.org/t/p/original/e2LZGB62GMhv3Fo8tDZjY87I81a.jpg
2149,One Missed Call,6933,https://image.tmdb.org/t/p/original/9pIvQaQV0sMHx7d3Ys9qTK9YqTZ.jpg
2150,Eye for an Eye,17182,https://image.tmdb.org/t/p/original/y2lZSdJ1o0VvLegTw3ad6KFtxra.jpg
2151,The Bank Job,8848,https://image.tmdb.org/t/p/original/bfXjFTytfFTdo9WeO7lYqzkHG7g.jpg
2152,Eternal Sunshine of the Spotless Mind,38,https://image.tmdb.org/t/p/original/5MwkWH9tYHv3mV9OdYTMR5qreIz.jpg
2153,You Again,38303,https://image.tmdb.org/t/p/original/9qI5JE6yjmtakTankuDOMZ1vgEx.jpg
2154,Street Kings,1266,https://image.tmdb.org/t/p/original/csXyZ1BsDBlH0PXkOFWxggEf9WF.jpg
2155,The World's End,107985,https://image.tmdb.org/t/p/original/kpglnOBYmKn0AkkWDzGxzKHDbds.jpg
2156,Nancy Drew,14043,https://image.tmdb.org/t/p/original/a1aAZolyLFRwKhs0IWhFyTa8Z2Z.jpg
2157,Daybreakers,19901,https://image.tmdb.org/t/p/original/75x104UiD4G6Pxa4m1A0SBBtHol.jpg
2158,She's Out of My League,34016,https://image.tmdb.org/t/p/original/mpYHjyPX0DAxbsnWKmSK5jZ1s4T.jpg
2159,Monte Carlo,59860,https://image.tmdb.org/t/p/original/dcbqyycrWA56HXq5lm41HYuED8Y.jpg
2160,Stay Alive,10069,https://image.tmdb.org/t/p/original/hsSJwroE7jugEROB8tmyxJP91Ho.jpg
2161,Quigley Down Under,9588,https://image.tmdb.org/t/p/original/93HWOYFsjLsCJC8RawGLv1ANZwS.jpg
2162,Alpha and Omega,12819,https://image.tmdb.org/t/p/original/7YVyH5sS6kLQRsSDF5dhhR0BWeh.jpg
2163,The Covenant,9954,https://image.tmdb.org/t/p/original/skHRXm3m0BDp2E2uHkAWKT6OlQH.jpg
2164,Stick It,10115,https://image.tmdb.org/t/p/original/uMcylxIC7nBpBd8Uf6Apr4MJ1pf.jpg
2165,Shorts,25132,https://image.tmdb.org/t/p/original/bKnQostymQJY6l3nrdQZ4iIhLSk.jpg
2166,To Die For,577,https://image.tmdb.org/t/p/original/whz4bwvqE1OmQHIyqHdZD8jU9CO.jpg
2167,Nerve,328387,https://image.tmdb.org/t/p/original/qmSpHC0CSNyNll9WhlwWYuwoQ28.jpg
2168,Appaloosa,12690,https://image.tmdb.org/t/p/original/dWki39BtehfD2OiwN3SzxOkLND0.jpg
2169,Vampires,9945,https://image.tmdb.org/t/p/original/4JhaFBPwyC5IM1rKaRR07Gzutse.jpg
2170,Psycho,539,https://image.tmdb.org/t/p/original/yz4QVqPx3h1hD1DfqqQkCq3rmxW.jpg
2171,My Best Friend's Girl,13596,https://image.tmdb.org/t/p/original/4Zn149rIsfIwBZZwIwuryRzVbon.jpg
2172,Endless Love,226857,https://image.tmdb.org/t/p/original/z7FZP6uivgVc4t0mnmia0B8YygW.jpg
2173,Georgia Rule,13159,https://image.tmdb.org/t/p/original/68kFdluafITRWdPQBHySrn7wPNu.jpg
2174,Under the Rainbow,47941,https://image.tmdb.org/t/p/original/mCdXzpghn4tPz6hbQcvS2UwOh1C.jpg
2175,Ladyhawke,526,https://image.tmdb.org/t/p/original/l3nRJ9Cs7C1AZ7das8S76QqwqjI.jpg
2176,Simon Birch,22796,https://image.tmdb.org/t/p/original/vRJcV9l3tLFoUWZel9RikS3nfJ6.jpg
2177,Reign Over Me,2355,https://image.tmdb.org/t/p/original/b5EtDvwj2gdG1qMBLijamlLfJLB.jpg
2178,Into the Wild,5915,https://image.tmdb.org/t/p/original/jnLnLYP5pGDfri04gxtAqAvkHMw.jpg
2179,School for Scoundrels,9842,https://image.tmdb.org/t/p/original/3ib8zYmUr8gVrjfgHP2TQ7DPqre.jpg
2180,Silent Hill: Revelation 3D,61012,https://image.tmdb.org/t/p/original/xBC7bHZ5UglTw4LMd2lTSgXvQXl.jpg
2181,From Dusk Till Dawn,755,https://image.tmdb.org/t/p/original/uBoQytp3KTQFaVqTe6d0ECGaKh9.jpg
2182,Pooh's Heffalump Movie,13682,https://image.tmdb.org/t/p/original/5kd5JqccroxOnC9sVMP5NtLrbkr.jpg
2183,Home for the Holidays,9089,https://image.tmdb.org/t/p/original/3zqlKdOttWyExzopVxglz50Vjxq.jpg
2184,功夫,9470,https://image.tmdb.org/t/p/original/exbyTbrvRUDKN2mcNEuVor4VFQW.jpg
2185,The Country Bears,18357,https://image.tmdb.org/t/p/original/h6mm3z7Wf4y1rJGHxqjVTTHl217.jpg
2186,The Kite Runner,7979,https://image.tmdb.org/t/p/original/dom2esWWW8C9jS2v7dOhW48LwHh.jpg
2187,21 Grams,470,https://image.tmdb.org/t/p/original/wZ0l6or5juuVWqDkLEgaghs4f9l.jpg
2188,Paparazzi,15644,https://image.tmdb.org/t/p/original/m9swmQKxrbRTYY3wN2bWmRiebM4.jpg
2189,A Guy Thing,9582,https://image.tmdb.org/t/p/original/lpv86hQftikE2ecb1OPYFFMr98r.jpg
2190,Loser,10642,https://image.tmdb.org/t/p/original/nOqWmYfgvpUA6gZjvdB0Cg24kA4.jpg
2191,Capitalism: A Love Story,22074,https://image.tmdb.org/t/p/original/zJBkIPakBXdu3cEgGqKCPHUNXVE.jpg
2192,The Greatest Story Ever Told,2428,https://image.tmdb.org/t/p/original/c21ON7BZn0jwdNl6ibZ1vhXJmpy.jpg
2193,Secret in Their Eyes,290751,https://image.tmdb.org/t/p/original/gJl4iTxQlazkPCplGmSLGBUwqg9.jpg
2194,Disaster Movie,13805,https://image.tmdb.org/t/p/original/3J8XKUfhJiNzwobUZVtizXYPe8b.jpg
2195,Armored,4597,https://image.tmdb.org/t/p/original/oQrAXGkBy84FyGpWrY71ptqs7zD.jpg
2196,The Man Who Knew Too Little,9414,https://image.tmdb.org/t/p/original/yVlIZa0u6CTN5LudxGX77Fk46iz.jpg
2197,What's Your Number?,63492,https://image.tmdb.org/t/p/original/eqn3UeXMY9W1Ow3jIZ6COqbjUWX.jpg
2198,Lockout,81796,https://image.tmdb.org/t/p/original/i5QfNIcg6hc327IWUerea0EczP4.jpg
2199,Envy,10710,https://image.tmdb.org/t/p/original/RMaKg5mVnGVI0z3SvIgS7hYPUt.jpg
2200,Crank: High Voltage,15092,https://image.tmdb.org/t/p/original/tzTC4EEvF0OPL63frEiogxL2T8M.jpg
2201,Bullets Over Broadway,11382,https://image.tmdb.org/t/p/original/mY9D1oCLeDKNMdUO8EV7MoCZ3up.jpg
2202,One Night with the King,15005,https://image.tmdb.org/t/p/original/9ejzABqu2bqjuqSSUk5OwPAnedZ.jpg
2203,The Quiet American,8198,https://image.tmdb.org/t/p/original/eaSU6IiBWq8mS1KZqHhRhhJ1NeN.jpg
2204,The Weather Man,6963,https://image.tmdb.org/t/p/original/oQilVzOxLPxvBn9hAuvGpKTpONM.jpg
2205,Undisputed,15070,https://image.tmdb.org/t/p/original/xgnCABtbMDaDqn9bt3ZFJTnpA3e.jpg
2206,Ghost Town,12797,https://image.tmdb.org/t/p/original/b8VS14DwpLlugTxVWSllYU0Gjn5.jpg
2207,12 Rounds,17134,https://image.tmdb.org/t/p/original/7k7qhrO57sVoBLrNo5HYoTp24sT.jpg
2208,Let Me In,41402,https://image.tmdb.org/t/p/original/3b5gD5vNmf7Vafj2MN8uMA8r0qu.jpg
2209,3 Ninjas Kick Back,18885,https://image.tmdb.org/t/p/original/kXuh3c0DyvqSGo0DBatoemBwEtz.jpg
2210,Be Kind Rewind,4953,https://image.tmdb.org/t/p/original/f0oX20YrQEiVPDH9InCQ1d3Cm66.jpg
2211,Mrs Henderson Presents,10773,https://image.tmdb.org/t/p/original/rFmx0ajncGacM8Ono9vpXiHt7Vy.jpg
2212,Triple 9,146198,https://image.tmdb.org/t/p/original/q2kIq9yzEkOVhl1aeo0alJHtdfz.jpg
2213,Deconstructing Harry,2639,https://image.tmdb.org/t/p/original/i7Z5DdznqANJUjqWISEFu9bw6J7.jpg
2214,Three to Tango,10563,https://image.tmdb.org/t/p/original/z2EhRgWvzNa2NgoX0uModV6mEb2.jpg
2215,Burnt,295964,https://image.tmdb.org/t/p/original/iptu4zfvbeULkeuoVkTl2mOqTPS.jpg
2216,We're No Angels,5971,https://image.tmdb.org/t/p/original/5XBVURkON7jyzxr0cONWeTbgAov.jpg
2217,Everyone Says I Love You,9716,https://image.tmdb.org/t/p/original/cFOZ4bNbWtnIIboc43M86yhwPBX.jpg
2218,Death Sentence,11835,https://image.tmdb.org/t/p/original/3rdEAMh4a3pc7GO6fSkJwpt7BWX.jpg
2219,Everybody's Fine,26171,https://image.tmdb.org/t/p/original/qnC4ypkpviWgp4aHsXvWym38v56.jpg
2220,Superbabies: Baby Geniuses 2,31117,https://image.tmdb.org/t/p/original/7viULokoVzqrgVj0EljfXDzEKMk.jpg
2221,The Man,9074,https://image.tmdb.org/t/p/original/bnofwLKvg2g7Ky9sSpyTHaan37n.jpg
2222,Code Name: The Cleaner,14396,https://image.tmdb.org/t/p/original/wSQkv51ygnds56lylNavYJzLmNZ.jpg
2223,Connie and Carla,15673,https://image.tmdb.org/t/p/original/mR0K8S5s2c5uxpcevnVam17HFrh.jpg
2224,Sweet Charity,42618,https://image.tmdb.org/t/p/original/uaxnWuT02yhWQCoBGFHsBKGGv64.jpg
2225,Inherent Vice,171274,https://image.tmdb.org/t/p/original/hyan5Uc0lGpPuad94DM1pLxneiP.jpg
2226,Doogal,24432,https://image.tmdb.org/t/p/original/4Z7h8xDBxQADSPFGj7vmMN76ynX.jpg
2227,Battle of the Year,109417,https://image.tmdb.org/t/p/original/dB4L9yt9eFbVhx8tSuDUHoMeN4x.jpg
2228,An American Carol,13948,https://image.tmdb.org/t/p/original/uEDdzt1ZTB1BRo95gMkBytl0NqM.jpg
2229,Machete Kills,106747,https://image.tmdb.org/t/p/original/3i4UgSZmAJXt6Euy5azvknmzsm9.jpg
2230,Willard,10929,https://image.tmdb.org/t/p/original/hRVP8Ud9ehv7tp5WWQ4CHk2XNus.jpg
2231,Strange Wilderness,14220,https://image.tmdb.org/t/p/original/6tamhOw4dSgn4lonjZyhEhIt9Wm.jpg
2232,Topsy-Turvy,46435,https://image.tmdb.org/t/p/original/mW7uANe68vhmk2j6Q74jPICmrEk.jpg
2233,Little Boy,256962,https://image.tmdb.org/t/p/original/lAU9pgq3niI6sFemcKm4FGGmrnW.jpg
2234,A Dangerous Method,48231,https://image.tmdb.org/t/p/original/7TPYtzq9ABkfED1JB0tRASamL4z.jpg
2235,A Scanner Darkly,3509,https://image.tmdb.org/t/p/original/lUKudOpHICDj6A6SO7DdaZM4W48.jpg
2236,Chasing Mavericks,82684,https://image.tmdb.org/t/p/original/7wxJmFqTMcdE05sfWedB6458US1.jpg
2237,Alone in the Dark,12142,https://image.tmdb.org/t/p/original/bSxrbVCyWW077zhtpuYlo3zgyug.jpg
2238,Bandslam,23367,https://image.tmdb.org/t/p/original/z654TmQygFasbyi52vwHv8fWxoi.jpg
2239,Birth,10740,https://image.tmdb.org/t/p/original/g4EeAqrwvi2rIC9bt9pCiiLE2Xp.jpg
2240,A Most Violent Year,241239,https://image.tmdb.org/t/p/original/j0fmC8xFw6cuiREcSajob0MTD6K.jpg
2241,Passchendaele,14582,https://image.tmdb.org/t/p/original/2FMtSxzF2fR5dx5was9Kftjag0U.jpg
2242,Flash of Genius,14914,https://image.tmdb.org/t/p/original/cGC0389cF8xbk5CYNzUqEVrw1CG.jpg
2243,I'm Not There.,3902,https://image.tmdb.org/t/p/original/bucgvB7gQqcl1m71efHkenfIMTj.jpg
2244,The Cold Light of Day,77948,https://image.tmdb.org/t/p/original/jLmKMhibZjHUYtsHQLIa5UBwqcc.jpg
2245,The Brothers Bloom,21755,https://image.tmdb.org/t/p/original/xIz8iwzyjgWGzcIwHKpqhBs77ML.jpg
2246,"Synecdoche, New York",4960,https://image.tmdb.org/t/p/original/5UwdhrjXhUgsiDhe1dpS9z4yj7q.jpg
2247,もののけ姫,128,https://image.tmdb.org/t/p/original/cMYCDADoLKLbB83g4WnJegaZimC.jpg
2248,Bon voyage,14652,https://image.tmdb.org/t/p/original/2pP1STSvXOv6jITKQnaZfI1xXB6.jpg
2249,Can't Stop the Music,40932,https://image.tmdb.org/t/p/original/j4Qu0WPS04bYOLwV3d9vSSsvYQb.jpg
2250,The Proposition,16608,https://image.tmdb.org/t/p/original/bbSHSJuO5XjrIKMh6QXXLTg3Yzr.jpg
2251,My All American,334531,https://image.tmdb.org/t/p/original/yFVCCtA5f07vyc9IYscmSJpvoPB.jpg
2252,Marci X,32316,https://image.tmdb.org/t/p/original/8gDhnXFVARqa5F2sCZdelDhiVjc.jpg
2253,Equilibrium,7299,https://image.tmdb.org/t/p/original/eW3YrxOh3rd6PnRgMSftYoflvfe.jpg
2254,黃石的孩子,13405,https://image.tmdb.org/t/p/original/qjmo26BnSimVjhCE97cH8VCtEUV.jpg
2255,The Yards,19457,https://image.tmdb.org/t/p/original/AtwXtU8CDWvVADgOwRkOSRZFPWI.jpg
2256,The Oogieloves in the Big Balloon Adventure,112937,https://image.tmdb.org/t/p/original/qb6KVMsqljMnqYNLtOUfOIJrS6A.jpg
2257,By the Sea,314385,https://image.tmdb.org/t/p/original/oEyeG4UyAQvYIJiFpUV57Q3PTDp.jpg
2258,Steamboy,8953,https://image.tmdb.org/t/p/original/5ZAq0hTiJTiQir5RtpiN8CkkzSZ.jpg
2259,The Game of Their Lives,29078,https://image.tmdb.org/t/p/original/iZkVLxvWfx9PzuixNnlVz1Y9fa6.jpg
2260,All Good Things,46503,https://image.tmdb.org/t/p/original/3RM8SyB0yHanJbYeHdgi5eLv21C.jpg
2261,Rapa Nui,10448,https://image.tmdb.org/t/p/original/7SGV2gjYWKQezXOLGdbzPuaYxo2.jpg
2262,長江七號,13688,https://image.tmdb.org/t/p/original/sRzSfpSb3wYYshbaiMRIuFCJJGU.jpg
2263,Les Visiteurs 2 : Les Couloirs du temps,10353,https://image.tmdb.org/t/p/original/c1xMb4GfTuyKSRUoeewBF27dtKa.jpg
2264,Dylan Dog: Dead of Night,43935,https://image.tmdb.org/t/p/original/nZdYn5IktnGVg7pRA2JHD1rdZDH.jpg
2265,People I Know,11458,https://image.tmdb.org/t/p/original/7FsbWJq43lQGCIPxe8z3zBwEIkh.jpg
2266,The Tempest,44638,https://image.tmdb.org/t/p/original/9xnDtCsEoaooYYwmqrB2PBFVPag.jpg
2267,Regression,241257,https://image.tmdb.org/t/p/original/luHpMTmU1ygtEgdOTSSj0i9nd8E.jpg
2268,三国之见龙卸甲,14538,https://image.tmdb.org/t/p/original/wOouWlgSMxlAQow8YdxyssywPJN.jpg
2269,Butterfly on a Wheel,13250,https://image.tmdb.org/t/p/original/qcjjYcMaaSKD2C8xn0hy6o6yj2L.jpg
2270,Zambezia,133931,https://image.tmdb.org/t/p/original/7aJl440TlbyqthklVrvCnSbjKYe.jpg
2271,ராமானுஜன்,280871,https://image.tmdb.org/t/p/original/43d0IzrPaapqrYRHkfKfnpSNEKm.jpg
2272,Dwegons,239897,https://image.tmdb.org/t/p/original/eCWjbEI7v3ThQ32gM3aiID568P4.jpg
2273,Hands of Stone,184341,https://image.tmdb.org/t/p/original/rpAYkkc7ltnxnMXOZLPuI9A6cuB.jpg
2274,Survivor,334074,https://image.tmdb.org/t/p/original/npyCpfYyYknFoY2iJPyfqp70FVX.jpg
2275,The Frozen Ground,199373,https://image.tmdb.org/t/p/original/hHDj1h3lJvYd9Cervoswz9crhWg.jpg
2276,The Painted Veil,14202,https://image.tmdb.org/t/p/original/k41IvHDLgZO2ae7RuU77wQjScIj.jpg
2277,Der Baader Meinhof Komplex,6968,https://image.tmdb.org/t/p/original/AjwdjcVorNKScu682tDATn5duoy.jpg
2278,Dances with Wolves,581,https://image.tmdb.org/t/p/original/hw0ZEHAaTqTxSXGVwUFX7uvanSA.jpg
2279,Bad Teacher,52449,https://image.tmdb.org/t/p/original/zpIY4qUSX91J9XpPgr0hFrk1eKr.jpg
2280,Sea of Love,12150,https://image.tmdb.org/t/p/original/vJ88WmJ12eAK9CRb3cggn9CJthH.jpg
2281,A Cinderella Story,11247,https://image.tmdb.org/t/p/original/ukwP7gDPWxj1R1dW5iN3mnxkL3D.jpg
2282,Scream,4232,https://image.tmdb.org/t/p/original/lr9ZIrmuwVmZhpZuTCW8D9g0ZJe.jpg
2283,Thir13en Ghosts,9378,https://image.tmdb.org/t/p/original/6yrrddjIjx0ElCRZp5pTZeqrj3k.jpg
2284,The Shining,694,https://image.tmdb.org/t/p/original/xazWoLealQwEgqZ89MLZklLZD3k.jpg
2285,Back to the Future,105,https://image.tmdb.org/t/p/original/vN5B5WgYscRGcQpVhHl6p9DDTP0.jpg
2286,House on Haunted Hill,11377,https://image.tmdb.org/t/p/original/weiGTsZqBglKxkIn5xj1nEjxn81.jpg
2287,I Can Do Bad All By Myself,26367,https://image.tmdb.org/t/p/original/kl8RNyG7jokw2pTLJNwkPhsBAL9.jpg
2288,Fight Valley,385383,https://image.tmdb.org/t/p/original/jIPWkzF9srlU8eZTldLM6JYZwkO.jpg
2289,The Switch,41210,https://image.tmdb.org/t/p/original/oJdMT6RGtbvQ26Tk7EHGfG8xZ6.jpg
2290,Just Married,12090,https://image.tmdb.org/t/p/original/FRqnYDjbstsCgLSJJ3SifOh2ca.jpg
2291,The Devil's Double,62630,https://image.tmdb.org/t/p/original/mpzo9adHhc9WPFtAnbZEHbOff8U.jpg
2292,Thomas and the Magic Railroad,16110,https://image.tmdb.org/t/p/original/A9daUmKGaZWIZrBVyZzmevWt9Lz.jpg
2293,The Crazies,29427,https://image.tmdb.org/t/p/original/ggtG9DZELyTtM2Y0DRJDOJa5iP8.jpg
2294,千と千尋の神隠し,129,https://image.tmdb.org/t/p/original/39wmItIWsg5sZMyRUHLkWBcuVCM.jpg
2295,風暴,244114,https://image.tmdb.org/t/p/original/zKdycnWFGNIALAxEZcTWRtrfWNW.jpg
2296,The Bounty,2669,https://image.tmdb.org/t/p/original/hMFgXhUv5UWqgZckOtSmv1H0diS.jpg
2297,The Book Thief,203833,https://image.tmdb.org/t/p/original/wj4U5sMLcJMa3WR9CpRR9e2sdgZ.jpg
2298,Sex Drive,13523,https://image.tmdb.org/t/p/original/aO4swvDjqW635lesjYbytrEhBsn.jpg
2299,Leap Year,25195,https://image.tmdb.org/t/p/original/i86hMi5iEF3WnYLCaGHdT5FPdYg.jpg
2300,The Fall of the Roman Empire,17277,https://image.tmdb.org/t/p/original/ggrPUKNYFZ6ogs896ZiT0lQG9Tr.jpg
2301,Take Me Home Tonight,50725,https://image.tmdb.org/t/p/original/nInduPOusI1alDIC0UttFjDIKsO.jpg
2302,Won't Back Down,82631,https://image.tmdb.org/t/p/original/7Repugxu8BQXMYSGpzqRrBjFRna.jpg
2303,The Nutcracker,73191,https://image.tmdb.org/t/p/original/mKGGzL6o27cOurOO0gCUopDCxts.jpg
2304,Kansas City,22479,https://image.tmdb.org/t/p/original/deD8SAbQYGvzcpRr50HUb9uj8xJ.jpg
2305,Indignation,340611,https://image.tmdb.org/t/p/original/2xNGhpg7BoQZIh6ufGNaRRPv706.jpg
2306,The Amityville Horror,10065,https://image.tmdb.org/t/p/original/4D246dpe7yy2GvHI2IbpeqkUXry.jpg
2307,Adaptation.,2757,https://image.tmdb.org/t/p/original/ffEmHQAiD0m5dEQ6rlsuA9vlllW.jpg
2308,Land of the Dead,11683,https://image.tmdb.org/t/p/original/q7tLETjCPu2gNO5vR9esXEd6Mil.jpg
2309,逃出生天,244339,https://image.tmdb.org/t/p/original/xiXP1HoGKxwo8gu7g2hlQPWNBkV.jpg
2310,Fear and Loathing in Las Vegas,1878,https://image.tmdb.org/t/p/original/tisNLcMkxryU2zxhi0PiyDFqhm0.jpg
2311,The Invention of Lying,23082,https://image.tmdb.org/t/p/original/clP8tDZeM9jgnqmu4VBClBDpLtS.jpg
2312,Neighbors,195589,https://image.tmdb.org/t/p/original/sN1RU08CMi8xkRIibremh3AOdgw.jpg
2313,The Mask,854,https://image.tmdb.org/t/p/original/yd3wjLLeQHJ3oRDy4wwiNNFVyLW.jpg
2314,Big,2280,https://image.tmdb.org/t/p/original/eWhCDJiwxvx3YXkAFRiHjimnF0j.jpg
2315,Borat: Cultural Learnings of America for Make Benefit Glorious Nation of Kazakhstan,496,https://image.tmdb.org/t/p/original/kfkyALfD4G1mlBJI1lOt2QCra4i.jpg
2316,Legally Blonde,8835,https://image.tmdb.org/t/p/original/9ohlMrJHQqKhfUKh7Zr3JQqHNLZ.jpg
2317,Star Trek III: The Search for Spock,157,https://image.tmdb.org/t/p/original/yqEj0oPfKBMCz7YcCARHDgH7VFm.jpg
2318,The Exorcism of Emily Rose,8643,https://image.tmdb.org/t/p/original/qMN0HIP34f736kkQcfvTfmL9TP3.jpg
2319,Deuce Bigalow: Male Gigolo,10402,https://image.tmdb.org/t/p/original/w0UKAcY4fAPuQW2GhAoIMwutIA5.jpg
2320,Left Behind,218043,https://image.tmdb.org/t/p/original/b9Q2WR62yB5Aq0hd6kyRFS9cc3Y.jpg
2321,The Family Stone,9043,https://image.tmdb.org/t/p/original/3QPSWIx14H7sfaLqY5bh1qDNQhZ.jpg
2322,Barbershop 2:  Back in Business,21301,https://image.tmdb.org/t/p/original/n4sOe401udZJWJEOvKvSs3peZcB.jpg
2323,Bad Santa,10147,https://image.tmdb.org/t/p/original/rfClLIyeHqpMofmrPY8DaLe4z9x.jpg
2324,Austin Powers: International Man of Mystery,816,https://image.tmdb.org/t/p/original/qSvfLwdDBLjZaPwA7qdn0yYePq5.jpg
2325,My Big Fat Greek Wedding 2,302688,https://image.tmdb.org/t/p/original/lfPqApnLVPsYfdbpSHNnHIxTdmd.jpg
2326,Diary of a Wimpy Kid: Rodrick Rules,60307,https://image.tmdb.org/t/p/original/k54R3ag1sLu93Wbfo4quw9sSFyj.jpg
2327,Predator,106,https://image.tmdb.org/t/p/original/k3mW4qfJo6SKqe6laRyNGnbB9n5.jpg
2328,Amadeus,279,https://image.tmdb.org/t/p/original/1n5VUlCqgmVax1adxGZm8oCFaKc.jpg
2329,Prom Night,8617,https://image.tmdb.org/t/p/original/pKSeyN02R5khphImEIpAdBjQgEP.jpg
2330,Mean Girls,10625,https://image.tmdb.org/t/p/original/alKvY5LuVcXraRBfi5UtVV8Ii6Y.jpg
2331,Under the Tuscan Sun,10934,https://image.tmdb.org/t/p/original/3vQUQwdtfPt1Sl2GZrIECWWA0dk.jpg
2332,Gosford Park,5279,https://image.tmdb.org/t/p/original/7r8DeZuaaHCiOEbkqZC6MFmwJ69.jpg
2333,Peggy Sue Got Married,10013,https://image.tmdb.org/t/p/original/iXXazXe6OtesOCDslyuccULgJlG.jpg
2334,Birdman,194662,https://image.tmdb.org/t/p/original/rHUg2AuIuLSIYMYFgavVwqt1jtc.jpg
2335,Blue Jasmine,160588,https://image.tmdb.org/t/p/original/nsj0RLRI10351uYMoAKPur6Derd.jpg
2336,United 93,9829,https://image.tmdb.org/t/p/original/r3mdSgsnpoi4UiUufdybhjha68t.jpg
2337,Honey,10028,https://image.tmdb.org/t/p/original/gnY6d7BoddAAQ8s42fxCJK8lL1A.jpg
2338,Spy Hard,10535,https://image.tmdb.org/t/p/original/yoegp9XEG4YCbJJKR0wvm0BGYpG.jpg
2339,The Fog,790,https://image.tmdb.org/t/p/original/12EeSboRofP3CI4SPmMFNNXCbtY.jpg
2340,Soul Surfer,43959,https://image.tmdb.org/t/p/original/cvgRxrEupUFeJ0xzUExJo4dMXbL.jpg
2341,Catch-22,10364,https://image.tmdb.org/t/p/original/eSB3i3vvFiRTszmZVawWqROzM6p.jpg
2342,Observe and Report,16991,https://image.tmdb.org/t/p/original/zHuouWUKlRK0SeIjzTlmtoPLrFA.jpg
2343,Conan the Destroyer,9610,https://image.tmdb.org/t/p/original/m5i7S46DT1ESy7URkh2l92awGRr.jpg
2344,Raging Bull,1578,https://image.tmdb.org/t/p/original/1WV7WlTS8LI1L5NkCgjWT9GSW3O.jpg
2345,Love Happens,25643,https://image.tmdb.org/t/p/original/ijRJlhAZ7QMkTIVAUkIY8stWfk1.jpg
2346,Young Sherlock Holmes,11904,https://image.tmdb.org/t/p/original/aOxVYvQoAfNSns4hW5Ah55GBzgq.jpg
2347,Fame,28665,https://image.tmdb.org/t/p/original/hm7f9a0BdjV9OLOJ5wFWQq55Jfd.jpg
2348,127 Hours,44115,https://image.tmdb.org/t/p/original/h0RMdn0rfl9l5hWXz3tUh6QVkhi.jpg
2349,Small Time Crooks,10569,https://image.tmdb.org/t/p/original/eIJRFZFDmh0xXPlKt3WwN5fiSLe.jpg
2350,Center Stage,10560,https://image.tmdb.org/t/p/original/95Et0t08Nv6S8FD593HpXyvcRt8.jpg
2351,Love the Coopers,333348,https://image.tmdb.org/t/p/original/fPW1BHZhUEViOmDAHFfyLezoQdI.jpg
2352,Catch That Kid,20483,https://image.tmdb.org/t/p/original/vNZTtrzrIsIAHzqH3143oWIzFjG.jpg
2353,Life as a House,11457,https://image.tmdb.org/t/p/original/qNFlcei9vWh5NCRTVrs52qDvUmq.jpg
2354,Steve Jobs,321697,https://image.tmdb.org/t/p/original/ljiRO29Y9khEERRqMluptUYunJ9.jpg
2355,"I Love You, Beth Cooper",19840,https://image.tmdb.org/t/p/original/mUi6nEbo04DR1YwflbZX1RR7UwS.jpg
2356,Youth in Revolt,22327,https://image.tmdb.org/t/p/original/3J48x7Utjx0sdYIvjsMWnlEbxpV.jpg
2357,The Legend of the Lone Ranger,38665,https://image.tmdb.org/t/p/original/6AgJFQsZm3JHry8ek13X0xKGWt6.jpg
2358,The Tailor of Panama,2575,https://image.tmdb.org/t/p/original/na80ysnoCvoxwGTMWCWYvnmaDlz.jpg
2359,Blow Out,11644,https://image.tmdb.org/t/p/original/weMW1wLzeagP3tw6BfmYf1iL7dz.jpg
2360,Getaway,146227,https://image.tmdb.org/t/p/original/z4sEWm1ykf9WX5WJU4XMD4oI5sI.jpg
2361,The Ice Storm,68924,https://image.tmdb.org/t/p/original/3a6uLta7K8Dzojps4RoJAPHD0km.jpg
2362,And So It Goes,253235,https://image.tmdb.org/t/p/original/mp6aEHJa1SUQD0BvmbytvVjHk8.jpg
2363,Troop Beverly Hills,22102,https://image.tmdb.org/t/p/original/2HOzh7t2THdZ3r9BaDucEjfzLlL.jpg
2364,Being Julia,18701,https://image.tmdb.org/t/p/original/wiJp4pN2bYgtWQqZYZhGNLeFmx8.jpg
2365,Nine 1/2 Weeks,10068,https://image.tmdb.org/t/p/original/aE1iunrgO8UHfoXKJcjCy4Ih17n.jpg
2366,Dragonslayer,848,https://image.tmdb.org/t/p/original/11f7rx5lds8U0LiCB7gDhgKrQAs.jpg
2367,The Last Station,36811,https://image.tmdb.org/t/p/original/nf9cYwKcvxTbSsCz4o6eRJ8P0IH.jpg
2368,Ed Wood,522,https://image.tmdb.org/t/p/original/2jjFN4BtTSz01J3ZD4iYjf26pWX.jpg
2369,Labor Day,130150,https://image.tmdb.org/t/p/original/iQdbCtk1Q3TdZRBKSLU1Vh870l7.jpg
2370,Монгол,12246,https://image.tmdb.org/t/p/original/wZ0yyU6BnRANXbYbDjrYI6XZFsz.jpg
2371,RockNRolla,13809,https://image.tmdb.org/t/p/original/6mLXG2f7LBRpbZZgxsOFO5scgzd.jpg
2372,Megaforce,27380,https://image.tmdb.org/t/p/original/hX5p2thHjpARwAs6MvBlrrvwutL.jpg
2373,Hamlet,10549,https://image.tmdb.org/t/p/original/ilurgUOp6SCl4cuhfjctj1qxlfZ.jpg
2374,Mao's Last Dancer,33870,https://image.tmdb.org/t/p/original/mvHW6UTlrn60RhyYsoqxXxTPIFn.jpg
2375,Midnight Special,245703,https://image.tmdb.org/t/p/original/hgDRq1l4ATxwufWjILKsYtglbI6.jpg
2376,Anything Else,10739,https://image.tmdb.org/t/p/original/bvyoWDh60R31ZE5L8TjZ8Qpv5xM.jpg
2377,The Railway Man,127560,https://image.tmdb.org/t/p/original/yuADLCxGCA5rFWk2QDXvX5plBrD.jpg
2378,Das weisse Band,37903,https://image.tmdb.org/t/p/original/54dlnGDexrwAFlDb8HWKfmmX4LB.jpg
2379,Restoration,396152,https://image.tmdb.org/t/p/original/bSFXkIFwPVanwLCI0DQfMMfVBMN.jpg
2380,The Wraith,10017,https://image.tmdb.org/t/p/original/vHrNnqqRYWzkkrJV8MtmUGgC4Kk.jpg
2381,Salton Sea,11468,https://image.tmdb.org/t/p/original/i3InMSlLUNBEdQTKazMdyVP1ryX.jpg
2382,Metallica: Through the Never,193613,https://image.tmdb.org/t/p/original/6szqjCuVRZQbL1otckVPDCfRgiI.jpg
2383,The Informers,17436,https://image.tmdb.org/t/p/original/yiXkvghbkYMQ3iMyhiI08GgtonC.jpg
2384,Carlos,43434,https://image.tmdb.org/t/p/original/ee6EiUOXdvr7DvnBBEG691TNSKh.jpg
2385,I Come with the Rain,31166,https://image.tmdb.org/t/p/original/wOJZ3XvHjcGfLBh0GLJU3HhsJKE.jpg
2386,One Man's Hero,69848,https://image.tmdb.org/t/p/original/49ZysIrg57lE0vXN5aJeHtvYA8d.jpg
2387,Day of the Dead,8408,https://image.tmdb.org/t/p/original/ya7YYnXHdvfQqqvu43phC4ujGHT.jpg
2388,I Am Wrath,332411,https://image.tmdb.org/t/p/original/6NvLA3BP5ktLaZ1qdLY0oHsaqwD.jpg
2389,Renaissance,9389,https://image.tmdb.org/t/p/original/fTdbmjAegzFQOCPTAckPcmTpJvp.jpg
2390,Red Sonja,9626,https://image.tmdb.org/t/p/original/3my9l7h3PJYQLoVo6zn2jgvgURX.jpg
2391,Red Lights,75638,https://image.tmdb.org/t/p/original/sukxYMaUTNizM7bcEJ4YeH80e8h.jpg
2392,Superbad,8363,https://image.tmdb.org/t/p/original/ek8e8txUyUwd2BNqj6lFEerJfbq.jpg
2393,Madea Goes to Jail,15670,https://image.tmdb.org/t/p/original/qiXNNmSFXsfUdKDkylBF2LfX0DR.jpg
2394,Wolves,290555,https://image.tmdb.org/t/p/original/cJw3pKFRaoO7HoWPswks1CKALIB.jpg
2395,Step Up 2: The Streets,8328,https://image.tmdb.org/t/p/original/vYdlRTvA5fneB88NchV3sirzCE1.jpg
2396,Hoodwinked!,10982,https://image.tmdb.org/t/p/original/tjuMvHg7NJmE9hqKD3p86kW2Jvk.jpg
2397,Hotel Rwanda,205,https://image.tmdb.org/t/p/original/p3pHw85UMZPegfMZBA6dZ06yarm.jpg
2398,Hitman,1620,https://image.tmdb.org/t/p/original/h69UJOOKlrHcvhl5H2LY74N61DQ.jpg
2399,Black Nativity,175541,https://image.tmdb.org/t/p/original/dIOk8uCYZMP69D6WhiRCZAGX9kE.jpg
2400,The Prince,241254,https://image.tmdb.org/t/p/original/22b2fmxhZveWSyWkgUz2y94fp3w.jpg
2401,City of Ghosts,31932,https://image.tmdb.org/t/p/original/1nZbFdgEjJELfbZeXWLjXx5evHa.jpg
2402,The Others,1933,https://image.tmdb.org/t/p/original/p8g1vlTvpM6nr2hMMiZ1fUlKF0D.jpg
2403,Aliens,679,https://image.tmdb.org/t/p/original/r1x5JGpyqZU8PYhbs4UcrO1Xb6x.jpg
2404,My Fair Lady,11113,https://image.tmdb.org/t/p/original/bTXVc29lGSNclf94VIZ49W4gGKl.jpg
2405,I Know What You Did Last Summer,3597,https://image.tmdb.org/t/p/original/nBXwFJOp3Qlmk6ZDKl1PLCDh0FC.jpg
2406,Let's Be Cops,193893,https://image.tmdb.org/t/p/original/pf4FoUr2phn5WyZjU7rLXSiW1Ve.jpg
2407,Sideways,9675,https://image.tmdb.org/t/p/original/zOsaxYLgvZVU7cJBpPn8CuE0MrP.jpg
2408,Beerfest,9988,https://image.tmdb.org/t/p/original/5srGbSv3zhEUjXFOZR9qHkgJO6l.jpg
2409,Halloween,948,https://image.tmdb.org/t/p/original/wijlZ3HaYMvlDTPqJoTCWKFkCPU.jpg
2410,Good Boy!,21765,https://image.tmdb.org/t/p/original/kZDXSPfeKNtai6l8yE4J5LwVQMY.jpg
2411,The Best Man Holiday,146304,https://image.tmdb.org/t/p/original/i4ecMHJQpclIEr4mh5uzjWr38GC.jpg
2412,Smokin' Aces,7516,https://image.tmdb.org/t/p/original/nrdnN8WqvyOt8Bnl3hgWcZD6ZyM.jpg
2413,Saw 3D,41439,https://image.tmdb.org/t/p/original/qHCZ6LjtmqWDfXXN28TlIC9OppK.jpg
2414,40 Days and 40 Nights,2752,https://image.tmdb.org/t/p/original/5a60NuJToRAc0gijjI5IRSVGKL3.jpg
2415,A Night at the Roxbury,9429,https://image.tmdb.org/t/p/original/7oZ5xE4AL4D5EbeQUaoRxahgzJX.jpg
2416,Beastly,38117,https://image.tmdb.org/t/p/original/uSAXWZsSD0pE4HYVUiDgusnEyyl.jpg
2417,The Hills Have Eyes,9792,https://image.tmdb.org/t/p/original/2eJL1Ccr1FN3dm9OSDwyd8uaX1b.jpg
2418,Dickie Roberts: Former Child Star,13778,https://image.tmdb.org/t/p/original/iOp2EavuxouJFo8xgcPfBKPxjUQ.jpg
2419,"McFarland, USA",228203,https://image.tmdb.org/t/p/original/yyhniD8A7Mv6SOn8oo1Ba2K0mKc.jpg
2420,Lottery Ticket,41382,https://image.tmdb.org/t/p/original/6Eg93S0cMHLMFkeunqpmMkzs10A.jpg
2421,ATL,13960,https://image.tmdb.org/t/p/original/wi9VRukGburXfDwDKqcQQdgFK5S.jpg
2422,Pitch Perfect,114150,https://image.tmdb.org/t/p/original/gsFoJk9g8W3zgaipRrrURk7LbiF.jpg
2423,Summer Catch,26602,https://image.tmdb.org/t/p/original/hMp5Iev56BUu3xJGpAeCCPC1ZwY.jpg
2424,A Simple Plan,10223,https://image.tmdb.org/t/p/original/iJYGDwZmVEYRkSPbWQdxzvBLTcK.jpg
2425,They,16028,https://image.tmdb.org/t/p/original/nHG0VOW6o99tP5EACtKTMADqxJQ.jpg
2426,Larry the Cable Guy: Health Inspector,15639,https://image.tmdb.org/t/p/original/vlPadYpBkSvgTbGFhYTDgacAOEM.jpg
2427,The Adventures of Elmo in Grouchland,16112,https://image.tmdb.org/t/p/original/u9i4frT1XPaTqJxRYLJ8j2r8LYO.jpg
2428,Brooklyn's Finest,26390,https://image.tmdb.org/t/p/original/9ZyJJpMsc3bF8gduDaxo0zo1gwK.jpg
2429,55 Days at Peking,27759,https://image.tmdb.org/t/p/original/uR0xaqmqlbhatf9014mHuwV1Uly.jpg
2430,Evil Dead,109428,https://image.tmdb.org/t/p/original/1gDV0Lm9y8ufIKzyf0h0GBgb9Zj.jpg
2431,My Life in Ruins,23049,https://image.tmdb.org/t/p/original/f695mVyU0LyBb99rx7zkrtFcpxR.jpg
2432,American Dreamz,9310,https://image.tmdb.org/t/p/original/qwRbRvfJR7jjsaGfS741Tl3DRr7.jpg
2433,Superman IV: The Quest for Peace,11411,https://image.tmdb.org/t/p/original/vhs3P0JwqzlgfBqhjnCWDEOtDmS.jpg
2434,How She Move,16988,https://image.tmdb.org/t/p/original/xbQnpPZZXfuYcYs4n1AgH0Tjgi6.jpg
2435,Running Scared,7304,https://image.tmdb.org/t/p/original/wVlwZbwJlI5C33STslTyVNRGjg6.jpg
2436,Bobby Jones: Stroke of Genius,24747,https://image.tmdb.org/t/p/original/wzbV4jsCWZqOEAmyjjGemLNZbK7.jpg
2437,Shanghai Surprise,58048,https://image.tmdb.org/t/p/original/8zsU3Vq9FG9Q0kTEYrl0CWDlvX2.jpg
2438,The Illusionist,1491,https://image.tmdb.org/t/p/original/1O9jUvqkHaGBMVRyOJz1AlkmALW.jpg
2439,Roar,2989,https://image.tmdb.org/t/p/original/oN7FZe6qNAAb46MpgbIyua8fJy7.jpg
2440,Veronica Guerin,10629,https://image.tmdb.org/t/p/original/14RnhkH9ArHZ8viDAej4TnVl4Jg.jpg
2441,Escobar: Paradise Lost,255343,https://image.tmdb.org/t/p/original/4HngNLzCmUYCPB8FbxSZWN0eDKM.jpg
2442,Southland Tales,4723,https://image.tmdb.org/t/p/original/thGIvfayC2aIS6V8je6w0DmJn4z.jpg
2443,Chasseurs de dragons,10800,https://image.tmdb.org/t/p/original/bhHhTCh43aT3kAeknSd5T5BcZcJ.jpg
2444,Damnation Alley,25763,https://image.tmdb.org/t/p/original/8jSwmklwjSYrxFhLmp1YzYf7hHa.jpg
2445,The Apparition,79694,https://image.tmdb.org/t/p/original/jO45nIEQMWHE0I68aGls3mRJR8M.jpg
2446,My Girl,4032,https://image.tmdb.org/t/p/original/qyJJNHteA7BUwQSey05t7qP4vRV.jpg
2447,Fur: An Imaginary Portrait of Diane Arbus,18615,https://image.tmdb.org/t/p/original/gSd9TtEPrdz39N7WO4Mrfg6eT1z.jpg
2448,Wall Street,10673,https://image.tmdb.org/t/p/original/2tQYq9ntzn2dEwDIGLBSipYPenv.jpg
2449,Sense and Sensibility,4584,https://image.tmdb.org/t/p/original/cBK2yL3HqhFvIVd7lLtazWlRZPR.jpg
2450,Becoming Jane,2977,https://image.tmdb.org/t/p/original/yHA6JEn57MBGp2yGFgYyopJvk2O.jpg
2451,Sydney White,10760,https://image.tmdb.org/t/p/original/ce3NNmhVZY5NkUe5Y8Je8CciKqf.jpg
2452,House of Sand and Fog,11093,https://image.tmdb.org/t/p/original/hLxSOukLfC4j5pNbdE7lqaw8KgL.jpg
2453,Dead Poets Society,207,https://image.tmdb.org/t/p/original/erzbMlcNHOdx24AXOcn2ZKA7R1q.jpg
2454,Dumb and Dumber,8467,https://image.tmdb.org/t/p/original/4LdpBXiCyGKkR8FGHgjKlphrfUc.jpg
2455,When Harry Met Sally...,639,https://image.tmdb.org/t/p/original/rFOiFUhTMtDetqCGClC9PIgnC1P.jpg
2456,The Verdict,24226,https://image.tmdb.org/t/p/original/bAe0telFqAzdV8a7aUiIBMEy9d8.jpg
2457,Road Trip,9285,https://image.tmdb.org/t/p/original/jee4eY5tZprI0V18S6PXUloBzSk.jpg
2458,Varsity Blues,14709,https://image.tmdb.org/t/p/original/g2jX2Xmx7drbc6J9MLJEBghR7Mg.jpg
2459,The Artist,74643,https://image.tmdb.org/t/p/original/z68py0ZqPgeacGPG54AGVRbNBS7.jpg
2460,The Unborn,13788,https://image.tmdb.org/t/p/original/42H2aaD5UubsHyWt6zfrFMRP8y1.jpg
2461,Moonrise Kingdom,83666,https://image.tmdb.org/t/p/original/y4SXcbNl6CEF2t36icuzuBioj7K.jpg
2462,The Texas Chainsaw Massacre: The Beginning,10781,https://image.tmdb.org/t/p/original/2S0XKVZGZUnsF4DjLOyZ0C63bWO.jpg
2463,The Young Messiah,318850,https://image.tmdb.org/t/p/original/ubehK1ZnM0NQphchuaMeE4A1BZk.jpg
2464,The Master of Disguise,13908,https://image.tmdb.org/t/p/original/JFKuKJeHHFFVb0ubpkPIXmkIOg.jpg
2465,El laberinto del fauno,1417,https://image.tmdb.org/t/p/original/s8C4whhKtDaJvMDcyiMvx3BIF5F.jpg
2466,See Spot Run,39180,https://image.tmdb.org/t/p/original/29iKqRGRcNqhrT710ohxVq5WwcE.jpg
2467,Baby Boy,16161,https://image.tmdb.org/t/p/original/d9b5sDAY2q2u2fWFYZPmt0Cl2p7.jpg
2468,The Roommate,49950,https://image.tmdb.org/t/p/original/eRYEyNvh9UXwXbJVGxArfUKltim.jpg
2469,Joe Dirt,10956,https://image.tmdb.org/t/p/original/yykDEtHk6DMtZK8EaxW88YyQ054.jpg
2470,Double Impact,9594,https://image.tmdb.org/t/p/original/tmzwvSqoMC37Tgqwj4mA2dHNSmw.jpg
2471,Hot Fuzz,4638,https://image.tmdb.org/t/p/original/zPib4ukTSdXvHP9pxGkFCe34f3y.jpg
2472,The Women,13972,https://image.tmdb.org/t/p/original/iFQrK0NHA4OMAvzyJVW4DA0kAFz.jpg
2473,Vicky Cristina Barcelona,5038,https://image.tmdb.org/t/p/original/ekAIg0GSbbHTH7y1GPgWj0brLTW.jpg
2474,Arn: Tempelriddaren,13491,https://image.tmdb.org/t/p/original/kN8C9K9bSQ01lItuEqYzROYErAX.jpg
2475,Boys and Girls,10571,https://image.tmdb.org/t/p/original/zhmnHC76Dw1hje1ITtmEzsfkOYW.jpg
2476,White Oleander,10994,https://image.tmdb.org/t/p/original/pOdmhUaqvg4twAHqrhL5Onjgalb.jpg
2477,Jennifer's Body,19994,https://image.tmdb.org/t/p/original/wrkjsGcFJxcQqR56kJUYAEKKg2T.jpg
2478,Drowning Mona,25166,https://image.tmdb.org/t/p/original/iuN2SXCGPIlC7pAPCOzqAdeaDji.jpg
2479,Radio Days,30890,https://image.tmdb.org/t/p/original/ljZ3yyYznAiq1vF6nHITdJn6qXB.jpg
2480,Remember Me,23169,https://image.tmdb.org/t/p/original/j7umuMiLCHvWT7wYhFKJOTFSokF.jpg
2481,How to Deal,17403,https://image.tmdb.org/t/p/original/pD87iTm4MP7JNcxIUssAbpri8nF.jpg
2482,My Stepmother is an Alien,12120,https://image.tmdb.org/t/p/original/o9feh3DGHvNZ835cm2ajYHwZwiN.jpg
2483,Philadelphia,9800,https://image.tmdb.org/t/p/original/tFe5Yoo5zT495okA49bq1vPPkiV.jpg
2484,The Thirteenth Floor,1090,https://image.tmdb.org/t/p/original/7oaie3ZBc9UuWZLF24crro1pone.jpg
2485,The Cookout,18475,https://image.tmdb.org/t/p/original/zXOv514vAw57gquad1aP99CHOZ2.jpg
2486,Meteor,40160,https://image.tmdb.org/t/p/original/xMUuS1KFHRTFSf3PAY2tsbBdqkL.jpg
2487,Duets,18074,https://image.tmdb.org/t/p/original/7NJAHYSeLr16cngz8f0BADQ3yIe.jpg
2488,Hollywood Ending,9689,https://image.tmdb.org/t/p/original/aDRbdtNoTRoYnIpH3g1icGeHGBh.jpg
2489,Detroit Rock City,9781,https://image.tmdb.org/t/p/original/jedOctnsD20K4IvOeh5jG811B8L.jpg
2490,Highlander,8009,https://image.tmdb.org/t/p/original/8Z8dptJEypuLoOQro1WugD855YE.jpg
2491,Things We Lost in the Fire,3877,https://image.tmdb.org/t/p/original/fyMziX8tPzPSguUgOpKWkKK322S.jpg
2492,Steel,8854,https://image.tmdb.org/t/p/original/5EhdUgiHpDcSk5Ted2gB4VgMwBL.jpg
2493,The Immigrant,152599,https://image.tmdb.org/t/p/original/ArWRRQYeXL3nG4jYpMOPoBvgmy9.jpg
2494,The White Countess,18840,https://image.tmdb.org/t/p/original/65AKidOOKrfyQkiVYtkgDJVM4CA.jpg
2495,Trance,68727,https://image.tmdb.org/t/p/original/3MVYuyVknNA9yC0Gy6z3zDAiWfX.jpg
2496,Soul Plane,12657,https://image.tmdb.org/t/p/original/b5Rzb5JUwPinllWGYUYER3OV14F.jpg
2497,Bienvenue chez les ch'tis,8265,https://image.tmdb.org/t/p/original/dfht1lGq2ALbrRkMj35dUrj5kHG.jpg
2498,Good,12410,https://image.tmdb.org/t/p/original/AgNssumEnPaT6kzzJyj4oLypOOG.jpg
2499,Enter the Void,34647,https://image.tmdb.org/t/p/original/li3Jrxo6s1gXX0zRhvgtbLfAwIl.jpg
2500,Vamps,73935,https://image.tmdb.org/t/p/original/sW4MFTfW88Ii8TyZVD7oprzzhOU.jpg
2501,Hachi: A Dog's Tale,28178,https://image.tmdb.org/t/p/original/lsy3aEsEfYIHdLRk4dontZ4s85h.jpg
2502,Zulu,185567,https://image.tmdb.org/t/p/original/h5OZD7pVkIKR5jf4lGFzQQrLmLc.jpg
2503,The Homesman,264656,https://image.tmdb.org/t/p/original/eGpuOhkm1wG2AxEJShazH5NVGAO.jpg
2504,Juwanna Mann,35696,https://image.tmdb.org/t/p/original/1m5sbTbifesBhCrkE0gJncwMGXw.jpg
2505,Ararat,16351,https://image.tmdb.org/t/p/original/kQkn715VQYLIs2nddAUf19Bz5Wj.jpg
2506,Madison,38717,https://image.tmdb.org/t/p/original/hlZUHqnwcOv5yPXW7BmguKedNP.jpg
2507,Slow Burn,18777,https://image.tmdb.org/t/p/original/ho43ENDjPpkuMZvBsGTV1STFFik.jpg
2508,Wasabi,2110,https://image.tmdb.org/t/p/original/uo3MBDwn3o32GJzFyClm7r1ierb.jpg
2509,Slither,9035,https://image.tmdb.org/t/p/original/zNlJvCY3Pz7SE09Lf4G7uPs5XFZ.jpg
2510,Beverly Hills Cop,90,https://image.tmdb.org/t/p/original/eBJEvKkhQ0tUt1dBAcTEYW6kCle.jpg
2511,Home Alone,771,https://image.tmdb.org/t/p/original/i5We88HdO9Nsrv8xLyo4toNsLUM.jpg
2512,Three Men and a Baby,12154,https://image.tmdb.org/t/p/original/oYetboAljWR2N5A7MU3i63DvUtd.jpg
2513,Tootsie,9576,https://image.tmdb.org/t/p/original/ngyCzZwb9y5sMUCig5JQT4Y33Q.jpg
2514,Top Gun,744,https://image.tmdb.org/t/p/original/xUuHj3CgmZQ9P2cMaqQs4J0d4Zc.jpg
2515,卧虎藏龙,146,https://image.tmdb.org/t/p/original/iNDVBFNz4XyYzM9Lwip6atSTFqf.jpg
2516,American Beauty,14,https://image.tmdb.org/t/p/original/wby9315QzVKdW9BonAefg8jGTTb.jpg
2517,The King's Speech,45269,https://image.tmdb.org/t/p/original/pVNKXVQFukBaCz6ML7GH3kiPlQP.jpg
2518,Twins,9493,https://image.tmdb.org/t/p/original/stJx9BQZbXrZnTGf9Erc7d2UMVc.jpg
2519,The Yellow Handkerchief,22556,https://image.tmdb.org/t/p/original/nYX4UmT6sIQFjPReliYFZ2IuGCj.jpg
2520,The Color Purple,873,https://image.tmdb.org/t/p/original/6bvxkcTAXyqxGRwo38mxw92D6Xr.jpg
2521,해운대,33196,https://image.tmdb.org/t/p/original/1mE5jde5SJqUnZ58MAweW9GuhzK.jpg
2522,The Imitation Game,205596,https://image.tmdb.org/t/p/original/zSqJ1qFq8NXFfi7JeIYMlzyR0dx.jpg
2523,Private Benjamin,10765,https://image.tmdb.org/t/p/original/maIiPNXddZXKHQCi0HyULd5kces.jpg
2524,Coal Miner's Daughter,16769,https://image.tmdb.org/t/p/original/rHQZ71PutwD1WUXOZBlcXhV4KPD.jpg
2525,Diary of a Wimpy Kid,33217,https://image.tmdb.org/t/p/original/iLAGiPnSuODt9cn332bkFElrRig.jpg
2526,Mama,132232,https://image.tmdb.org/t/p/original/eo8BhR8Q5STmWE9sMLsEPagxmy6.jpg
2527,National Lampoon's Vacation,11153,https://image.tmdb.org/t/p/original/q3DvoqY06yZnRp9faH6uge7n7VP.jpg
2528,Jackass Presents: Bad Grandpa,208134,https://image.tmdb.org/t/p/original/dDSMzBEaM0LYSy9Muo0zsCo77Vh.jpg
2529,The Queen,1165,https://image.tmdb.org/t/p/original/v08RH5Cx9EFAQMBWQuE5jHAgHYs.jpg
2530,Beetlejuice,4011,https://image.tmdb.org/t/p/original/nnl6OWkyPpuMm595hmAxNW3rZFn.jpg
2531,Why Did I Get Married?,17202,https://image.tmdb.org/t/p/original/9kmqgVuELTEoMt0dqRt3H48VcOM.jpg
2532,Little Women,9587,https://image.tmdb.org/t/p/original/1ZzH1XMcKAe5NdrKL5MfcqZHHsZ.jpg
2533,The Woman in Black,65086,https://image.tmdb.org/t/p/original/nghQnDZE4EsQJ4J4zxR3UqItTpO.jpg
2534,When a Stranger Calls,10053,https://image.tmdb.org/t/p/original/r5FAdQAtgRpHuSI4x5ydvcVHuFz.jpg
2535,Big Fat Liar,11870,https://image.tmdb.org/t/p/original/3EjpQeyOpH8VIaWqIq6SpCQrCks.jpg
2536,The Deer Hunter,11778,https://image.tmdb.org/t/p/original/bbGtogDZOg09bm42KIpCXUXICkh.jpg
2537,Wag the Dog,586,https://image.tmdb.org/t/p/original/rYoEQzMBlB40ZlwVoe6y5s8B58z.jpg
2538,The Lizzie McGuire Movie,18736,https://image.tmdb.org/t/p/original/jGN9PS4JKmxp7oyMqmW8G6HKcG6.jpg
2539,Snitch,134411,https://image.tmdb.org/t/p/original/1suKSCm8gVUIIOh4MgtWAtzkMe4.jpg
2540,Krampus,287903,https://image.tmdb.org/t/p/original/mzPCU6xQ2XQmD76cDVZPm5PZAaS.jpg
2541,The Faculty,9276,https://image.tmdb.org/t/p/original/5XetJwmAiDC0EtH23NIXaqFn3Wl.jpg
2542,What's Love Got to Do with It,15765,https://image.tmdb.org/t/p/original/vNAYuA26Wtf7VfzZEaxZQmJTE4Z.jpg
2543,Cop Land,2142,https://image.tmdb.org/t/p/original/bUXaWZPj7qzXjKc2s3Pwdkhxh2o.jpg
2544,Not Another Teen Movie,11397,https://image.tmdb.org/t/p/original/9ZaGxvj1mqdKVLpSloq4mzS7SK6.jpg
2545,End of Watch,77016,https://image.tmdb.org/t/p/original/pDeVKQICkcdwwjHxGj0MeS14YJ6.jpg
2546,The Skulls,11478,https://image.tmdb.org/t/p/original/pYuggibfzm8LWgjnUKMMtii2430.jpg
2547,The Theory of Everything,266856,https://image.tmdb.org/t/p/original/kJuL37NTE51zVP3eG5aGMyKAIlh.jpg
2548,Malibu's Most Wanted,13411,https://image.tmdb.org/t/p/original/bjYuoz2S8S1AED5QIMvmAi21drc.jpg
2549,Where the Heart Is,10564,https://image.tmdb.org/t/p/original/h8PBkTn6kDK9ZMCLj6jP6JnIBhY.jpg
2550,Lawrence of Arabia,947,https://image.tmdb.org/t/p/original/AiAm0EtDvyGqNpVoieRw4u65vD1.jpg
2551,Halloween II,24150,https://image.tmdb.org/t/p/original/vSHPM4LQDpWdQrD5KZWK6wNqSOD.jpg
2552,Wild,228970,https://image.tmdb.org/t/p/original/ohhWI4Xwf4m4HjbQiIkyAhLekUy.jpg
2553,The Last House on the Left,18405,https://image.tmdb.org/t/p/original/2Y35XCUS8U8vC8vs0HDEVkPu1BM.jpg
2554,The Wedding Date,6961,https://image.tmdb.org/t/p/original/t0AEzycJ6V8dLVlSudCUAA9mzgn.jpg
2555,Halloween: Resurrection,11442,https://image.tmdb.org/t/p/original/1mlKwbNzJCGzqe4i0ZEJtUUL290.jpg
2556,The Princess Bride,2493,https://image.tmdb.org/t/p/original/dvjqlp2sAhUeFjUOfQDgqwpphHj.jpg
2557,The Great Debaters,14047,https://image.tmdb.org/t/p/original/szx0sWq0pgvgfRX7g72cWBYoOjf.jpg
2558,Drive,64690,https://image.tmdb.org/t/p/original/602vevIURmpDfzbnv5Ubi6wIkQm.jpg
2559,Confessions of a Teenage Drama Queen,11132,https://image.tmdb.org/t/p/original/3LUWyY3WXNDaezwbz69uB9qtVpk.jpg
2560,The Object of My Affection,17127,https://image.tmdb.org/t/p/original/2mA6QEdzhsftNIFV11SGsQLJvJR.jpg
2561,28 Weeks Later,1562,https://image.tmdb.org/t/p/original/oix0aNv1lvW3nUGspUyvSIBlpbs.jpg
2562,When the Game Stands Tall,232679,https://image.tmdb.org/t/p/original/ffVhh4sBLpJCu875v6hwLJN5VNR.jpg
2563,Because of Winn-Dixie,17880,https://image.tmdb.org/t/p/original/k2zDrIqMFi8944h3BbBAQfsBn9h.jpg
2564,Love & Basketball,14736,https://image.tmdb.org/t/p/original/zNZWNX19FZ5QyedprVM0ldsXFiP.jpg
2565,Grosse Pointe Blank,9434,https://image.tmdb.org/t/p/original/7lQ0MSNQqBTYpXTTZL82u1n95Z3.jpg
2566,All About Steve,23706,https://image.tmdb.org/t/p/original/k7lmf0OeOpQLUoTRLG7e5JZ7H4B.jpg
2567,Book of Shadows: Blair Witch 2,11531,https://image.tmdb.org/t/p/original/l1jF93S9FYbzp3Byh5VUA1KApSJ.jpg
2568,The Craft,9100,https://image.tmdb.org/t/p/original/8bW2RdRkloYtEPhbQZN4wcdmJP4.jpg
2569,Match Point,116,https://image.tmdb.org/t/p/original/vHjEVTD8ucuwKSFOZJeyAnTZYli.jpg
2570,Ramona and Beezus,38843,https://image.tmdb.org/t/p/original/bW1YWFyocIY8DDgwOUroZG2FYNe.jpg
2571,The Remains of the Day,1245,https://image.tmdb.org/t/p/original/uDGDtqSvuch324WnM7Ukdp1bCAQ.jpg
2572,Boogie Nights,4995,https://image.tmdb.org/t/p/original/6fzz3HkAGJxhGcwRZwpbEZxgZMu.jpg
2573,Nowhere to Run,10413,https://image.tmdb.org/t/p/original/a2FGbyzk2dTAlu37iGeQBbUjLLE.jpg
2574,Flicka,14012,https://image.tmdb.org/t/p/original/nhJlXSmiHnlVxea5J5l3wfuATwY.jpg
2575,The Hills Have Eyes II,9793,https://image.tmdb.org/t/p/original/3SX2UGSmAjIZsVACpshPpKtjbDr.jpg
2576,Urban Legends: Final Cut,12212,https://image.tmdb.org/t/p/original/9kjGrnhMz37RYEd5BFcrU1qkPkl.jpg
2577,Tuck Everlasting,13768,https://image.tmdb.org/t/p/original/7gruGKQTfGWlsxdzocysET6eKT7.jpg
2578,The Marine,8975,https://image.tmdb.org/t/p/original/pONyvBJwHNg5CWu7mtsv4qaq75C.jpg
2579,Keanu,342521,https://image.tmdb.org/t/p/original/dPWlBmCixh9k3Jjb7c7jkIaxBbL.jpg
2580,Country Strong,45272,https://image.tmdb.org/t/p/original/6C95tD92E9xm5poyyzs37bYemM0.jpg
2581,Disturbing Behavior,9424,https://image.tmdb.org/t/p/original/uAhvaueOUUQ6ORCRdsJr1WXz1w0.jpg
2582,The Place Beyond the Pines,97367,https://image.tmdb.org/t/p/original/vY5j2xQzMGWmxBuhQo0HfA4Lxqb.jpg
2583,The November Man,254904,https://image.tmdb.org/t/p/original/4ejNFbCgLMDAuy7jFQmc7cr6UAW.jpg
2584,Eye of the Beholder,18681,https://image.tmdb.org/t/p/original/4eB1Gw5r3Etbe4su6PhOo6OAN9E.jpg
2585,The Hurt Locker,12162,https://image.tmdb.org/t/p/original/m2duGsKjBOl3BB8uFOTnRUzdEhg.jpg
2586,Firestarter,11495,https://image.tmdb.org/t/p/original/2ux5lqNuibd8eOkwwUhzfzAJBqD.jpg
2587,Killing Them Softly,64689,https://image.tmdb.org/t/p/original/heaz45kpFa4Oa7iLis0OBas68ls.jpg
2588,A Most Wanted Man,157849,https://image.tmdb.org/t/p/original/6B76Z5Ct758RfKFoFg37skVRiMp.jpg
2589,Freddy Got Fingered,13166,https://image.tmdb.org/t/p/original/gVmSZgxiT7ynyRLsEgg8Xs8ZVWX.jpg
2590,VeggieTales: The Pirates Who Don't Do Anything,15511,https://image.tmdb.org/t/p/original/hwawxSwOkjeld4eQLSkIyyYNnqO.jpg
2591,U2 3D,37003,https://image.tmdb.org/t/p/original/b7JCA7lpJ8Wm257e2KpUie4DJnw.jpg
2592,Highlander: Endgame,12211,https://image.tmdb.org/t/p/original/pFgdn4kwtgLjd73lXFtif7G2GWs.jpg
2593,Idlewild,13816,https://image.tmdb.org/t/p/original/d1KW3hrGAJCsvs2GC2MCkYebD2u.jpg
2594,One Day,51828,https://image.tmdb.org/t/p/original/iWPwEkIDAihT5EDPZxFmhtyVrtj.jpg
2595,Whip It,22798,https://image.tmdb.org/t/p/original/nwPvNuxIhVNhBFdzMsMPu2Va608.jpg
2596,Knockaround Guys,7501,https://image.tmdb.org/t/p/original/oYqsIxxIfJMRHiNEMLzgG81brkY.jpg
2597,Confidence,10743,https://image.tmdb.org/t/p/original/yJzmAtY9DmhhjJwFnW0Zjlvz6yg.jpg
2598,The Muse,37718,https://image.tmdb.org/t/p/original/hmtvDW52V3EuFmbhTOLjaGMYCDx.jpg
2599,De-Lovely,15237,https://image.tmdb.org/t/p/original/QBqiBQW7MGqlDSyvid4fKzS0Xz.jpg
2600,New York Stories,9686,https://image.tmdb.org/t/p/original/mViGEH5dfsAnUgJmce1RJkFycAi.jpg
2601,Barney's Great Adventure,17644,https://image.tmdb.org/t/p/original/tSadXiI88soRyS4mcSr7PsKWaqN.jpg
2602,The Man with the Iron Fists,97430,https://image.tmdb.org/t/p/original/nHgkRj6Igx3QsHmTyF4oAfBjAE7.jpg
2603,Home Fries,12257,https://image.tmdb.org/t/p/original/rXEpaJIPlBqKq7QepB8uowmeAT2.jpg
2604,Here On Earth,13539,https://image.tmdb.org/t/p/original/shvubL3pIrCyEK22ZHrx00oNtCY.jpg
2605,Brazil,68,https://image.tmdb.org/t/p/original/aewan59WcFThBimkTVVoNf2o5Vb.jpg
2606,Raise Your Voice,14024,https://image.tmdb.org/t/p/original/3waZREH25DZ8XqZSndCxZ7IiVzR.jpg
2607,The Big Lebowski,115,https://image.tmdb.org/t/p/original/9mprbw31MGdd66LR0AQKoDMoFRv.jpg
2608,Black Snake Moan,7874,https://image.tmdb.org/t/p/original/8Yv7kxsqXSe4ZHl8uJEhmsPjhAP.jpg
2609,Dark Blue,4911,https://image.tmdb.org/t/p/original/ekW39lKhQ3L3rdOgzyF3d0CoPLV.jpg
2610,A Mighty Heart,1988,https://image.tmdb.org/t/p/original/xOq5LrqMvq2dL7mPs6wuRMBRmGk.jpg
2611,Whatever It Takes,16222,https://image.tmdb.org/t/p/original/u9UtZNMj2m7dtOP6RcMAeRfqmnF.jpg
2612,Boat Trip,9557,https://image.tmdb.org/t/p/original/xHFJt9nEfVIUItBfKZr7qhbgveL.jpg
2613,The Importance of Being Earnest,9026,https://image.tmdb.org/t/p/original/87r4e4pL4STfpdjtqNZxlyjvcMd.jpg
2614,The Love Letter,57943,https://image.tmdb.org/t/p/original/q7DKV2pIP6u5WvXIdUl2VA5hz3l.jpg
2615,Hoot,18276,https://image.tmdb.org/t/p/original/l3gbiQkSLXPRkJnH7QInA5zrk6n.jpg
2616,In Bruges,8321,https://image.tmdb.org/t/p/original/jMiBBqk72VRo1Y39x2ZbbenEU3a.jpg
2617,Peeples,72359,https://image.tmdb.org/t/p/original/6ZBSsBfxKK5GdTzz1BOKGl4BnzJ.jpg
2618,The Rocker,10186,https://image.tmdb.org/t/p/original/wzgFC7jOEMtf9D6CSdI7ckUMtwU.jpg
2619,Post Grad,25704,https://image.tmdb.org/t/p/original/yM1QcAtEGkzAM3HFznXj8kvjyDk.jpg
2620,Promised Land,133694,https://image.tmdb.org/t/p/original/ziVOzoGfmHD5F90LyeCkBnwuTkP.jpg
2621,Whatever Works,19265,https://image.tmdb.org/t/p/original/upIYOZbiutCBnvejGYaZlJxxKcs.jpg
2622,The In Crowd,36047,https://image.tmdb.org/t/p/original/j77l405846qiLb8RGb1egu7ON3r.jpg
2623,The Three Burials of Melquiades Estrada,8053,https://image.tmdb.org/t/p/original/uHOEb6mo45qMSJaZqbkVa7oW1Y7.jpg
2624,Jakob the Liar,2290,https://image.tmdb.org/t/p/original/vvwsvPyQFuQbKKfzNgoRhAcL5ml.jpg
2625,Kiss Kiss Bang Bang,5236,https://image.tmdb.org/t/p/original/aWfjIkpENFX6Uw82pET7EQ6jnrd.jpg
2626,Idle Hands,6552,https://image.tmdb.org/t/p/original/mCO4gU1lkViGXTkoRBEYrvjDIJu.jpg
2627,Mulholland Drive,1018,https://image.tmdb.org/t/p/original/x7A59t6ySylr1L7aubOQEA480vM.jpg
2628,Blood and Chocolate,10075,https://image.tmdb.org/t/p/original/mzNe2RAZi19Uk1eqj8fE9oPkP1d.jpg
2629,You Will Meet a Tall Dark Stranger,38031,https://image.tmdb.org/t/p/original/acmhdlwtMLea04rvptvTR0WiK19.jpg
2630,Never Let Me Go,42188,https://image.tmdb.org/t/p/original/8F0r5ng9Fp60OhzQfR5v33fppq.jpg
2631,The Company,112430,https://image.tmdb.org/t/p/original/3a6uLta7K8Dzojps4RoJAPHD0km.jpg
2632,Transsiberian,6687,https://image.tmdb.org/t/p/original/mp6aEHJa1SUQD0BvmbytvVjHk8.jpg
2633,The Clan of the Cave Bear,13853,https://image.tmdb.org/t/p/original/2HOzh7t2THdZ3r9BaDucEjfzLlL.jpg
2634,Crazy in Alabama,31306,https://image.tmdb.org/t/p/original/wiJp4pN2bYgtWQqZYZhGNLeFmx8.jpg
2635,Funny Games,8461,https://image.tmdb.org/t/p/original/aE1iunrgO8UHfoXKJcjCy4Ih17n.jpg
2636,Listening,331592,https://image.tmdb.org/t/p/original/11f7rx5lds8U0LiCB7gDhgKrQAs.jpg
2637,Felicia's Journey,47692,https://image.tmdb.org/t/p/original/nf9cYwKcvxTbSsCz4o6eRJ8P0IH.jpg
2638,Metropolis,19,https://image.tmdb.org/t/p/original/2jjFN4BtTSz01J3ZD4iYjf26pWX.jpg
2639,Banlieue 13,10045,https://image.tmdb.org/t/p/original/iQdbCtk1Q3TdZRBKSLU1Vh870l7.jpg
2640,Things to Do in Denver When You're Dead,400,https://image.tmdb.org/t/p/original/wZ0yyU6BnRANXbYbDjrYI6XZFsz.jpg
2641,刺客聶隱娘,253450,https://image.tmdb.org/t/p/original/6mLXG2f7LBRpbZZgxsOFO5scgzd.jpg
2642,Buffalo Soldiers,9104,https://image.tmdb.org/t/p/original/hX5p2thHjpARwAs6MvBlrrvwutL.jpg
2643,Возвращение,11190,https://image.tmdb.org/t/p/original/ilurgUOp6SCl4cuhfjctj1qxlfZ.jpg
2644,Ong Bak 2,16353,https://image.tmdb.org/t/p/original/mvHW6UTlrn60RhyYsoqxXxTPIFn.jpg
2645,Centurion,23759,https://image.tmdb.org/t/p/original/hgDRq1l4ATxwufWjILKsYtglbI6.jpg
2646,Silent Trigger,24206,https://image.tmdb.org/t/p/original/bvyoWDh60R31ZE5L8TjZ8Qpv5xM.jpg
2647,The Midnight Meat Train,10185,https://image.tmdb.org/t/p/original/yuADLCxGCA5rFWk2QDXvX5plBrD.jpg
2648,Winnie Mandela,75033,https://image.tmdb.org/t/p/original/54dlnGDexrwAFlDb8HWKfmmX4LB.jpg
2649,The Son of No One,74536,https://image.tmdb.org/t/p/original/bSFXkIFwPVanwLCI0DQfMMfVBMN.jpg
2650,All The Queen's Men,31668,https://image.tmdb.org/t/p/original/vHrNnqqRYWzkkrJV8MtmUGgC4Kk.jpg
2651,The Good Night,13501,https://image.tmdb.org/t/p/original/i3InMSlLUNBEdQTKazMdyVP1ryX.jpg
2652,Bathory,15208,https://image.tmdb.org/t/p/original/6szqjCuVRZQbL1otckVPDCfRgiI.jpg
2653,Khumba,172391,https://image.tmdb.org/t/p/original/yiXkvghbkYMQ3iMyhiI08GgtonC.jpg
2654,Autómata,262543,https://image.tmdb.org/t/p/original/ee6EiUOXdvr7DvnBBEG691TNSKh.jpg
2655,Dungeons & Dragons: Wrath of the Dragon God,9288,https://image.tmdb.org/t/p/original/wOJZ3XvHjcGfLBh0GLJU3HhsJKE.jpg
2656,新宿事件,20083,https://image.tmdb.org/t/p/original/49ZysIrg57lE0vXN5aJeHtvYA8d.jpg
2657,Pandaemonium,40880,https://image.tmdb.org/t/p/original/ya7YYnXHdvfQqqvu43phC4ujGHT.jpg
2658,Groundhog Day,137,https://image.tmdb.org/t/p/original/6NvLA3BP5ktLaZ1qdLY0oHsaqwD.jpg
2659,Magic Mike XXL,264999,https://image.tmdb.org/t/p/original/fTdbmjAegzFQOCPTAckPcmTpJvp.jpg
2660,Romeo + Juliet,454,https://image.tmdb.org/t/p/original/3my9l7h3PJYQLoVo6zn2jgvgURX.jpg
2661,Elle s'appelait Sarah,53457,https://image.tmdb.org/t/p/original/sukxYMaUTNizM7bcEJ4YeH80e8h.jpg
2662,Freedom,288980,https://image.tmdb.org/t/p/original/ek8e8txUyUwd2BNqj6lFEerJfbq.jpg
2663,Unforgiven,33,https://image.tmdb.org/t/p/original/qiXNNmSFXsfUdKDkylBF2LfX0DR.jpg
2664,Manderlay,1951,https://image.tmdb.org/t/p/original/cJw3pKFRaoO7HoWPswks1CKALIB.jpg
2665,Slumdog Millionaire,12405,https://image.tmdb.org/t/p/original/vYdlRTvA5fneB88NchV3sirzCE1.jpg
2666,Fatal Attraction,10998,https://image.tmdb.org/t/p/original/tjuMvHg7NJmE9hqKD3p86kW2Jvk.jpg
2667,Pretty Woman,114,https://image.tmdb.org/t/p/original/p3pHw85UMZPegfMZBA6dZ06yarm.jpg
2668,Crocodile Dundee II,9396,https://image.tmdb.org/t/p/original/h69UJOOKlrHcvhl5H2LY74N61DQ.jpg
2669,Broken Horses,319910,https://image.tmdb.org/t/p/original/dIOk8uCYZMP69D6WhiRCZAGX9kE.jpg
2670,Born on the Fourth of July,2604,https://image.tmdb.org/t/p/original/22b2fmxhZveWSyWkgUz2y94fp3w.jpg
2671,Cool Runnings,864,https://image.tmdb.org/t/p/original/1nZbFdgEjJELfbZeXWLjXx5evHa.jpg
2672,My Bloody Valentine,14435,https://image.tmdb.org/t/p/original/p8g1vlTvpM6nr2hMMiZ1fUlKF0D.jpg
2673,Stomp the Yard,1931,https://image.tmdb.org/t/p/original/r1x5JGpyqZU8PYhbs4UcrO1Xb6x.jpg
2674,The Spy Who Loved Me,691,https://image.tmdb.org/t/p/original/bTXVc29lGSNclf94VIZ49W4gGKl.jpg
2675,Urban Legend,9877,https://image.tmdb.org/t/p/original/nBXwFJOp3Qlmk6ZDKl1PLCDh0FC.jpg
2676,Good Deeds,62008,https://image.tmdb.org/t/p/original/pf4FoUr2phn5WyZjU7rLXSiW1Ve.jpg
2677,White Fang,12227,https://image.tmdb.org/t/p/original/zOsaxYLgvZVU7cJBpPn8CuE0MrP.jpg
2678,Superstar,13824,https://image.tmdb.org/t/p/original/5srGbSv3zhEUjXFOZR9qHkgJO6l.jpg
2679,The Iron Lady,71688,https://image.tmdb.org/t/p/original/wijlZ3HaYMvlDTPqJoTCWKFkCPU.jpg
2680,Jonah: A VeggieTales Movie,15173,https://image.tmdb.org/t/p/original/kZDXSPfeKNtai6l8yE4J5LwVQMY.jpg
2681,Poetic Justice,8291,https://image.tmdb.org/t/p/original/i4ecMHJQpclIEr4mh5uzjWr38GC.jpg
2682,All About the Benjamins,13950,https://image.tmdb.org/t/p/original/nrdnN8WqvyOt8Bnl3hgWcZD6ZyM.jpg
2683,Vampire in Brooklyn,12158,https://image.tmdb.org/t/p/original/qHCZ6LjtmqWDfXXN28TlIC9OppK.jpg
2684,Exorcist II: The Heretic,11586,https://image.tmdb.org/t/p/original/5a60NuJToRAc0gijjI5IRSVGKL3.jpg
2685,An American Haunting,10008,https://image.tmdb.org/t/p/original/7oZ5xE4AL4D5EbeQUaoRxahgzJX.jpg
2686,My Boss's Daughter,2830,https://image.tmdb.org/t/p/original/uSAXWZsSD0pE4HYVUiDgusnEyyl.jpg
2687,A Perfect Getaway,12403,https://image.tmdb.org/t/p/original/2eJL1Ccr1FN3dm9OSDwyd8uaX1b.jpg
2688,Our Family Wedding,34563,https://image.tmdb.org/t/p/original/iOp2EavuxouJFo8xgcPfBKPxjUQ.jpg
2689,Dead Man on Campus,14557,https://image.tmdb.org/t/p/original/yyhniD8A7Mv6SOn8oo1Ba2K0mKc.jpg
2690,Tea with Mussolini,10368,https://image.tmdb.org/t/p/original/6Eg93S0cMHLMFkeunqpmMkzs10A.jpg
2691,Thinner,10280,https://image.tmdb.org/t/p/original/wi9VRukGburXfDwDKqcQQdgFK5S.jpg
2692,"New York, New York",12637,https://image.tmdb.org/t/p/original/gsFoJk9g8W3zgaipRrrURk7LbiF.jpg
2693,Crooklyn,34152,https://image.tmdb.org/t/p/original/hMp5Iev56BUu3xJGpAeCCPC1ZwY.jpg
2694,I Think I Love My Wife,14434,https://image.tmdb.org/t/p/original/iJYGDwZmVEYRkSPbWQdxzvBLTcK.jpg
2695,Jason X,11470,https://image.tmdb.org/t/p/original/nHG0VOW6o99tP5EACtKTMADqxJQ.jpg
2696,Bobby,10741,https://image.tmdb.org/t/p/original/vlPadYpBkSvgTbGFhYTDgacAOEM.jpg
2697,Head Over Heels,24940,https://image.tmdb.org/t/p/original/u9i4frT1XPaTqJxRYLJ8j2r8LYO.jpg
2698,Fun Size,82679,https://image.tmdb.org/t/p/original/9ZyJJpMsc3bF8gduDaxo0zo1gwK.jpg
2699,Le scaphandre et le papillon,2013,https://image.tmdb.org/t/p/original/uR0xaqmqlbhatf9014mHuwV1Uly.jpg
2700,Little Children,1440,https://image.tmdb.org/t/p/original/1gDV0Lm9y8ufIKzyf0h0GBgb9Zj.jpg
2701,Gossip,18041,https://image.tmdb.org/t/p/original/f695mVyU0LyBb99rx7zkrtFcpxR.jpg
2702,A Walk on the Moon,28029,https://image.tmdb.org/t/p/original/qwRbRvfJR7jjsaGfS741Tl3DRr7.jpg
2703,Catch a Fire,1123,https://image.tmdb.org/t/p/original/vhs3P0JwqzlgfBqhjnCWDEOtDmS.jpg
2704,Soul Survivors,14033,https://image.tmdb.org/t/p/original/xbQnpPZZXfuYcYs4n1AgH0Tjgi6.jpg
2705,Jefferson in Paris,87729,https://image.tmdb.org/t/p/original/wVlwZbwJlI5C33STslTyVNRGjg6.jpg
2706,Easy Virtue,16899,https://image.tmdb.org/t/p/original/wzbV4jsCWZqOEAmyjjGemLNZbK7.jpg
2707,Caravans,41317,https://image.tmdb.org/t/p/original/8zsU3Vq9FG9Q0kTEYrl0CWDlvX2.jpg
2708,Mr. Turner,245700,https://image.tmdb.org/t/p/original/1O9jUvqkHaGBMVRyOJz1AlkmALW.jpg
2709,Les herbes folles,37842,https://image.tmdb.org/t/p/original/oN7FZe6qNAAb46MpgbIyua8fJy7.jpg
2710,Amen.,9045,https://image.tmdb.org/t/p/original/14RnhkH9ArHZ8viDAej4TnVl4Jg.jpg
2711,剑雨,44092,https://image.tmdb.org/t/p/original/4HngNLzCmUYCPB8FbxSZWN0eDKM.jpg
2712,The Lucky Ones,16005,https://image.tmdb.org/t/p/original/thGIvfayC2aIS6V8je6w0DmJn4z.jpg
2713,Margaret,44754,https://image.tmdb.org/t/p/original/bhHhTCh43aT3kAeknSd5T5BcZcJ.jpg
2714,Stan Helsing,23988,https://image.tmdb.org/t/p/original/8jSwmklwjSYrxFhLmp1YzYf7hHa.jpg
2715,Flipped,43949,https://image.tmdb.org/t/p/original/jO45nIEQMWHE0I68aGls3mRJR8M.jpg
2716,Brokeback Mountain,142,https://image.tmdb.org/t/p/original/qyJJNHteA7BUwQSey05t7qP4vRV.jpg
2717,Clueless,9603,https://image.tmdb.org/t/p/original/gSd9TtEPrdz39N7WO4Mrfg6eT1z.jpg
2718,Far from Heaven,10712,https://image.tmdb.org/t/p/original/2tQYq9ntzn2dEwDIGLBSipYPenv.jpg
2719,Hot Tub Time Machine 2,243938,https://image.tmdb.org/t/p/original/cBK2yL3HqhFvIVd7lLtazWlRZPR.jpg
2720,Quills,10876,https://image.tmdb.org/t/p/original/yHA6JEn57MBGp2yGFgYyopJvk2O.jpg
2721,Seven Psychopaths,86838,https://image.tmdb.org/t/p/original/ce3NNmhVZY5NkUe5Y8Je8CciKqf.jpg
2722,The Caveman's Valentine,25208,https://image.tmdb.org/t/p/original/hLxSOukLfC4j5pNbdE7lqaw8KgL.jpg
2723,Der Untergang,613,https://image.tmdb.org/t/p/original/erzbMlcNHOdx24AXOcn2ZKA7R1q.jpg
2724,Mar adentro,1913,https://image.tmdb.org/t/p/original/4LdpBXiCyGKkR8FGHgjKlphrfUc.jpg
2725,Under the Skin,97370,https://image.tmdb.org/t/p/original/rFOiFUhTMtDetqCGClC9PIgnC1P.jpg
2726,"Good Morning, Vietnam",801,https://image.tmdb.org/t/p/original/bAe0telFqAzdV8a7aUiIBMEy9d8.jpg
2727,The Last Godfather,70829,https://image.tmdb.org/t/p/original/jee4eY5tZprI0V18S6PXUloBzSk.jpg
2728,Justin Bieber: Never Say Never,54518,https://image.tmdb.org/t/p/original/g2jX2Xmx7drbc6J9MLJEBghR7Mg.jpg
2729,Black Swan,44214,https://image.tmdb.org/t/p/original/z68py0ZqPgeacGPG54AGVRbNBS7.jpg
2730,The Godfather: Part II,240,https://image.tmdb.org/t/p/original/42H2aaD5UubsHyWt6zfrFMRP8y1.jpg
2731,Save the Last Dance,9816,https://image.tmdb.org/t/p/original/y4SXcbNl6CEF2t36icuzuBioj7K.jpg
2732,A Nightmare on Elm Street 4: The Dream Master,10131,https://image.tmdb.org/t/p/original/2S0XKVZGZUnsF4DjLOyZ0C63bWO.jpg
2733,Miracles from Heaven,339984,https://image.tmdb.org/t/p/original/ubehK1ZnM0NQphchuaMeE4A1BZk.jpg
2734,"Dude, Where’s My Car?",8859,https://image.tmdb.org/t/p/original/JFKuKJeHHFFVb0ubpkPIXmkIOg.jpg
2735,Young Guns,11967,https://image.tmdb.org/t/p/original/s8C4whhKtDaJvMDcyiMvx3BIF5F.jpg
2736,St. Vincent,239563,https://image.tmdb.org/t/p/original/29iKqRGRcNqhrT710ohxVq5WwcE.jpg
2737,About Last Night,222899,https://image.tmdb.org/t/p/original/d9b5sDAY2q2u2fWFYZPmt0Cl2p7.jpg
2738,10 Things I Hate About You,4951,https://image.tmdb.org/t/p/original/eRYEyNvh9UXwXbJVGxArfUKltim.jpg
2739,The New Guy,10985,https://image.tmdb.org/t/p/original/yykDEtHk6DMtZK8EaxW88YyQ054.jpg
2740,National Lampoon's Loaded Weapon 1,9644,https://image.tmdb.org/t/p/original/tmzwvSqoMC37Tgqwj4mA2dHNSmw.jpg
2741,The Shallows,332567,https://image.tmdb.org/t/p/original/zPib4ukTSdXvHP9pxGkFCe34f3y.jpg
2742,The Butterfly Effect,1954,https://image.tmdb.org/t/p/original/iFQrK0NHA4OMAvzyJVW4DA0kAFz.jpg
2743,Snow Day,15489,https://image.tmdb.org/t/p/original/ekAIg0GSbbHTH7y1GPgWj0brLTW.jpg
2744,This Christmas,15250,https://image.tmdb.org/t/p/original/kN8C9K9bSQ01lItuEqYzROYErAX.jpg
2745,Baby Geniuses,22345,https://image.tmdb.org/t/p/original/zhmnHC76Dw1hje1ITtmEzsfkOYW.jpg
2746,The Big Hit,9448,https://image.tmdb.org/t/p/original/pOdmhUaqvg4twAHqrhL5Onjgalb.jpg
2747,Harriet the Spy,38223,https://image.tmdb.org/t/p/original/wrkjsGcFJxcQqR56kJUYAEKKg2T.jpg
2748,Child's Play 2,11186,https://image.tmdb.org/t/p/original/iuN2SXCGPIlC7pAPCOzqAdeaDji.jpg
2749,No Good Deed,136835,https://image.tmdb.org/t/p/original/ljZ3yyYznAiq1vF6nHITdJn6qXB.jpg
2750,The Mist,5876,https://image.tmdb.org/t/p/original/j7umuMiLCHvWT7wYhFKJOTFSokF.jpg
2751,Ex Machina,264660,https://image.tmdb.org/t/p/original/pD87iTm4MP7JNcxIUssAbpri8nF.jpg
2752,Being John Malkovich,492,https://image.tmdb.org/t/p/original/o9feh3DGHvNZ835cm2ajYHwZwiN.jpg
2753,Two Can Play That Game,25462,https://image.tmdb.org/t/p/original/tFe5Yoo5zT495okA49bq1vPPkiV.jpg
2754,Earth to Echo,238603,https://image.tmdb.org/t/p/original/7oaie3ZBc9UuWZLF24crro1pone.jpg
2755,Crazy/Beautiful,10691,https://image.tmdb.org/t/p/original/zXOv514vAw57gquad1aP99CHOZ2.jpg
2756,Letters from Iwo Jima,1251,https://image.tmdb.org/t/p/original/xMUuS1KFHRTFSf3PAY2tsbBdqkL.jpg
2757,The Astronaut Farmer,5172,https://image.tmdb.org/t/p/original/7NJAHYSeLr16cngz8f0BADQ3yIe.jpg
2758,Woo,58680,https://image.tmdb.org/t/p/original/aDRbdtNoTRoYnIpH3g1icGeHGBh.jpg
2759,Room,264644,https://image.tmdb.org/t/p/original/jedOctnsD20K4IvOeh5jG811B8L.jpg
2760,Dirty Work,14577,https://image.tmdb.org/t/p/original/8Z8dptJEypuLoOQro1WugD855YE.jpg
2761,Serial Mom,11592,https://image.tmdb.org/t/p/original/fyMziX8tPzPSguUgOpKWkKK322S.jpg
2762,Dick,16406,https://image.tmdb.org/t/p/original/5EhdUgiHpDcSk5Ted2gB4VgMwBL.jpg
2763,Light It Up,19052,https://image.tmdb.org/t/p/original/ArWRRQYeXL3nG4jYpMOPoBvgmy9.jpg
2764,54,3682,https://image.tmdb.org/t/p/original/65AKidOOKrfyQkiVYtkgDJVM4CA.jpg
2765,Bubble Boy,9683,https://image.tmdb.org/t/p/original/3MVYuyVknNA9yC0Gy6z3zDAiWfX.jpg
2766,Birthday Girl,2084,https://image.tmdb.org/t/p/original/b5Rzb5JUwPinllWGYUYER3OV14F.jpg
2767,21 & Over,107811,https://image.tmdb.org/t/p/original/dfht1lGq2ALbrRkMj35dUrj5kHG.jpg
2768,"Paris, je t'aime",2266,https://image.tmdb.org/t/p/original/AgNssumEnPaT6kzzJyj4oLypOOG.jpg
2769,Resurrecting the Champ,13074,https://image.tmdb.org/t/p/original/li3Jrxo6s1gXX0zRhvgtbLfAwIl.jpg
2770,Admission,144340,https://image.tmdb.org/t/p/original/sW4MFTfW88Ii8TyZVD7oprzzhOU.jpg
2771,La veuve de Saint-Pierre,48217,https://image.tmdb.org/t/p/original/lsy3aEsEfYIHdLRk4dontZ4s85h.jpg
2772,Chloe,28211,https://image.tmdb.org/t/p/original/h5OZD7pVkIKR5jf4lGFzQQrLmLc.jpg
2773,Faithful,47502,https://image.tmdb.org/t/p/original/eGpuOhkm1wG2AxEJShazH5NVGAO.jpg
2774,Find Me Guilty,9950,https://image.tmdb.org/t/p/original/1m5sbTbifesBhCrkE0gJncwMGXw.jpg
2775,The Perks of Being a Wallflower,84892,https://image.tmdb.org/t/p/original/kQkn715VQYLIs2nddAUf19Bz5Wj.jpg
2776,Excessive Force,24227,https://image.tmdb.org/t/p/original/hlZUHqnwcOv5yPXW7BmguKedNP.jpg
2777,Infamous,9672,https://image.tmdb.org/t/p/original/ho43ENDjPpkuMZvBsGTV1STFFik.jpg
2778,The Claim,44853,https://image.tmdb.org/t/p/original/uo3MBDwn3o32GJzFyClm7r1ierb.jpg
2779,The Vatican Tapes,157544,https://image.tmdb.org/t/p/original/zNlJvCY3Pz7SE09Lf4G7uPs5XFZ.jpg
2780,Attack the Block,59678,https://image.tmdb.org/t/p/original/eBJEvKkhQ0tUt1dBAcTEYW6kCle.jpg
2781,In the Land of Blood and Honey,79777,https://image.tmdb.org/t/p/original/i5We88HdO9Nsrv8xLyo4toNsLUM.jpg
2782,The Call,158011,https://image.tmdb.org/t/p/original/oYetboAljWR2N5A7MU3i63DvUtd.jpg
2783,인천상륙작전,407887,https://image.tmdb.org/t/p/original/ngyCzZwb9y5sMUCig5JQT4Y33Q.jpg
2784,The Crocodile Hunter: Collision Course,17043,https://image.tmdb.org/t/p/original/xUuHj3CgmZQ9P2cMaqQs4J0d4Zc.jpg
2785,I Love You Phillip Morris,8952,https://image.tmdb.org/t/p/original/iNDVBFNz4XyYzM9Lwip6atSTFqf.jpg
2786,La Guerre du feu,62204,https://image.tmdb.org/t/p/original/wby9315QzVKdW9BonAefg8jGTTb.jpg
2787,Antwone Fisher,13435,https://image.tmdb.org/t/p/original/pVNKXVQFukBaCz6ML7GH3kiPlQP.jpg
2788,The Emperor's Club,17187,https://image.tmdb.org/t/p/original/stJx9BQZbXrZnTGf9Erc7d2UMVc.jpg
2789,True Romance,319,https://image.tmdb.org/t/p/original/nYX4UmT6sIQFjPReliYFZ2IuGCj.jpg
2790,Womb,59457,https://image.tmdb.org/t/p/original/6bvxkcTAXyqxGRwo38mxw92D6Xr.jpg
2791,Glengarry Glen Ross,9504,https://image.tmdb.org/t/p/original/1mE5jde5SJqUnZ58MAweW9GuhzK.jpg
2792,The Killer Inside Me,37414,https://image.tmdb.org/t/p/original/zSqJ1qFq8NXFfi7JeIYMlzyR0dx.jpg
2793,Cat People,6217,https://image.tmdb.org/t/p/original/maIiPNXddZXKHQCi0HyULd5kces.jpg
2794,Sorority Row,26688,https://image.tmdb.org/t/p/original/rHQZ71PutwD1WUXOZBlcXhV4KPD.jpg
2795,The Prisoner of Zenda,43867,https://image.tmdb.org/t/p/original/iLAGiPnSuODt9cn332bkFElrRig.jpg
2796,Lars and the Real Girl,6615,https://image.tmdb.org/t/p/original/eo8BhR8Q5STmWE9sMLsEPagxmy6.jpg
2797,The Boy in the Striped Pyjamas,14574,https://image.tmdb.org/t/p/original/q3DvoqY06yZnRp9faH6uge7n7VP.jpg
2798,Dancer in the Dark,16,https://image.tmdb.org/t/p/original/dDSMzBEaM0LYSy9Muo0zsCo77Vh.jpg
2799,Oscar and Lucinda,39780,https://image.tmdb.org/t/p/original/v08RH5Cx9EFAQMBWQuE5jHAgHYs.jpg
2800,The Funeral,21612,https://image.tmdb.org/t/p/original/nnl6OWkyPpuMm595hmAxNW3rZFn.jpg
2801,Solitary Man,36691,https://image.tmdb.org/t/p/original/9kmqgVuELTEoMt0dqRt3H48VcOM.jpg
2802,Machete,23631,https://image.tmdb.org/t/p/original/1ZzH1XMcKAe5NdrKL5MfcqZHHsZ.jpg
2803,Casino Jack,45324,https://image.tmdb.org/t/p/original/nghQnDZE4EsQJ4J4zxR3UqItTpO.jpg
2804,The Land Before Time,12144,https://image.tmdb.org/t/p/original/r5FAdQAtgRpHuSI4x5ydvcVHuFz.jpg
2805,태극기 휘날리며,11658,https://image.tmdb.org/t/p/original/3EjpQeyOpH8VIaWqIq6SpCQrCks.jpg
2806,The Perfect Game,56601,https://image.tmdb.org/t/p/original/bbGtogDZOg09bm42KIpCXUXICkh.jpg
2807,The Exorcist,9552,https://image.tmdb.org/t/p/original/rYoEQzMBlB40ZlwVoe6y5s8B58z.jpg
2808,Jaws,578,https://image.tmdb.org/t/p/original/jGN9PS4JKmxp7oyMqmW8G6HKcG6.jpg
2809,American Pie,2105,https://image.tmdb.org/t/p/original/1suKSCm8gVUIIOh4MgtWAtzkMe4.jpg
2810,Ernest et Célestine,126319,https://image.tmdb.org/t/p/original/mzPCU6xQ2XQmD76cDVZPm5PZAaS.jpg
2811,The Golden Child,10136,https://image.tmdb.org/t/p/original/5XetJwmAiDC0EtH23NIXaqFn3Wl.jpg
2812,Think Like a Man,67660,https://image.tmdb.org/t/p/original/vNAYuA26Wtf7VfzZEaxZQmJTE4Z.jpg
2813,Barbershop,10611,https://image.tmdb.org/t/p/original/bUXaWZPj7qzXjKc2s3Pwdkhxh2o.jpg
2814,Star Trek II: The Wrath of Khan,154,https://image.tmdb.org/t/p/original/9ZaGxvj1mqdKVLpSloq4mzS7SK6.jpg
2815,Ace Ventura: Pet Detective,3049,https://image.tmdb.org/t/p/original/pDeVKQICkcdwwjHxGj0MeS14YJ6.jpg
2816,WarGames,860,https://image.tmdb.org/t/p/original/pYuggibfzm8LWgjnUKMMtii2430.jpg
2817,Witness,9281,https://image.tmdb.org/t/p/original/kJuL37NTE51zVP3eG5aGMyKAIlh.jpg
2818,Act of Valor,75674,https://image.tmdb.org/t/p/original/bjYuoz2S8S1AED5QIMvmAi21drc.jpg
2819,Step Up,9762,https://image.tmdb.org/t/p/original/h8PBkTn6kDK9ZMCLj6jP6JnIBhY.jpg
2820,Beavis and Butt-Head Do America,3179,https://image.tmdb.org/t/p/original/AiAm0EtDvyGqNpVoieRw4u65vD1.jpg
2821,Jackie Brown,184,https://image.tmdb.org/t/p/original/vSHPM4LQDpWdQrD5KZWK6wNqSOD.jpg
2822,Harold & Kumar Escape from Guantanamo Bay,13335,https://image.tmdb.org/t/p/original/ohhWI4Xwf4m4HjbQiIkyAhLekUy.jpg
2823,Chronicle,76726,https://image.tmdb.org/t/p/original/2Y35XCUS8U8vC8vs0HDEVkPu1BM.jpg
2824,Yentl,10269,https://image.tmdb.org/t/p/original/t0AEzycJ6V8dLVlSudCUAA9mzgn.jpg
2825,Time Bandits,36819,https://image.tmdb.org/t/p/original/1mlKwbNzJCGzqe4i0ZEJtUUL290.jpg
2826,Crossroads,17130,https://image.tmdb.org/t/p/original/dvjqlp2sAhUeFjUOfQDgqwpphHj.jpg
2827,Project X,57214,https://image.tmdb.org/t/p/original/szx0sWq0pgvgfRX7g72cWBYoOjf.jpg
2828,Patton,11202,https://image.tmdb.org/t/p/original/602vevIURmpDfzbnv5Ubi6wIkQm.jpg
2829,One Hour Photo,9357,https://image.tmdb.org/t/p/original/3LUWyY3WXNDaezwbz69uB9qtVpk.jpg
2830,Quarantine,13812,https://image.tmdb.org/t/p/original/2mA6QEdzhsftNIFV11SGsQLJvJR.jpg
2831,The Eye,9030,https://image.tmdb.org/t/p/original/oix0aNv1lvW3nUGspUyvSIBlpbs.jpg
2832,Johnson Family Vacation,19084,https://image.tmdb.org/t/p/original/ffVhh4sBLpJCu875v6hwLJN5VNR.jpg
2833,How High,8386,https://image.tmdb.org/t/p/original/k2zDrIqMFi8944h3BbBAQfsBn9h.jpg
2834,The Muppet Christmas Carol,10437,https://image.tmdb.org/t/p/original/zNZWNX19FZ5QyedprVM0ldsXFiP.jpg
2835,Frida,1360,https://image.tmdb.org/t/p/original/7lQ0MSNQqBTYpXTTZL82u1n95Z3.jpg
2836,Katy Perry: Part of Me,101267,https://image.tmdb.org/t/p/original/k7lmf0OeOpQLUoTRLG7e5JZ7H4B.jpg
2837,The Fault in Our Stars,222935,https://image.tmdb.org/t/p/original/l1jF93S9FYbzp3Byh5VUA1KApSJ.jpg
2838,Rounders,10220,https://image.tmdb.org/t/p/original/8bW2RdRkloYtEPhbQZN4wcdmJP4.jpg
2839,Top Five,284296,https://image.tmdb.org/t/p/original/vHjEVTD8ucuwKSFOZJeyAnTZYli.jpg
2840,Prophecy,31915,https://image.tmdb.org/t/p/original/bW1YWFyocIY8DDgwOUroZG2FYNe.jpg
2841,Stir of Echoes,11601,https://image.tmdb.org/t/p/original/uDGDtqSvuch324WnM7Ukdp1bCAQ.jpg
2842,Philomena,205220,https://image.tmdb.org/t/p/original/6fzz3HkAGJxhGcwRZwpbEZxgZMu.jpg
2843,The Upside of Anger,11354,https://image.tmdb.org/t/p/original/a2FGbyzk2dTAlu37iGeQBbUjLLE.jpg
2844,The Boys from Brazil,16241,https://image.tmdb.org/t/p/original/nhJlXSmiHnlVxea5J5l3wfuATwY.jpg
2845,Aquamarine,14191,https://image.tmdb.org/t/p/original/3SX2UGSmAjIZsVACpshPpKtjbDr.jpg
2846,Paper Towns,286565,https://image.tmdb.org/t/p/original/9kjGrnhMz37RYEd5BFcrU1qkPkl.jpg
2847,My Baby's Daddy,26710,https://image.tmdb.org/t/p/original/7gruGKQTfGWlsxdzocysET6eKT7.jpg
2848,Nebraska,129670,https://image.tmdb.org/t/p/original/pONyvBJwHNg5CWu7mtsv4qaq75C.jpg
2849,Tales from the Crypt: Demon Knight,9059,https://image.tmdb.org/t/p/original/dPWlBmCixh9k3Jjb7c7jkIaxBbL.jpg
2850,Max Keeble's Big Move,34549,https://image.tmdb.org/t/p/original/6C95tD92E9xm5poyyzs37bYemM0.jpg
2851,Young Adult,57157,https://image.tmdb.org/t/p/original/uAhvaueOUUQ6ORCRdsJr1WXz1w0.jpg
2852,Crank,1948,https://image.tmdb.org/t/p/original/vY5j2xQzMGWmxBuhQo0HfA4Lxqb.jpg
2853,How to Be a Player,28353,https://image.tmdb.org/t/p/original/4ejNFbCgLMDAuy7jFQmc7cr6UAW.jpg
2854,Living Out Loud,46889,https://image.tmdb.org/t/p/original/4eB1Gw5r3Etbe4su6PhOo6OAN9E.jpg
2855,Just Wright,38093,https://image.tmdb.org/t/p/original/m2duGsKjBOl3BB8uFOTnRUzdEhg.jpg
2856,Rachel Getting Married,14976,https://image.tmdb.org/t/p/original/2ux5lqNuibd8eOkwwUhzfzAJBqD.jpg
2857,The Postman Always Rings Twice,11027,https://image.tmdb.org/t/p/original/heaz45kpFa4Oa7iLis0OBas68ls.jpg
2858,Girl with a Pearl Earring,3635,https://image.tmdb.org/t/p/original/6B76Z5Ct758RfKFoFg37skVRiMp.jpg
2859,Das Boot,387,https://image.tmdb.org/t/p/original/gVmSZgxiT7ynyRLsEgg8Xs8ZVWX.jpg
2860,Sorority Boys,6020,https://image.tmdb.org/t/p/original/hwawxSwOkjeld4eQLSkIyyYNnqO.jpg
2861,About Time,122906,https://image.tmdb.org/t/p/original/b7JCA7lpJ8Wm257e2KpUie4DJnw.jpg
2862,十面埋伏,9550,https://image.tmdb.org/t/p/original/pFgdn4kwtgLjd73lXFtif7G2GWs.jpg
2863,Arbitrage,60599,https://image.tmdb.org/t/p/original/d1KW3hrGAJCsvs2GC2MCkYebD2u.jpg
2864,Project Almanac,227719,https://image.tmdb.org/t/p/original/iWPwEkIDAihT5EDPZxFmhtyVrtj.jpg
2865,Cadillac Records,14299,https://image.tmdb.org/t/p/original/nwPvNuxIhVNhBFdzMsMPu2Va608.jpg
2866,Screwed,19419,https://image.tmdb.org/t/p/original/oYqsIxxIfJMRHiNEMLzgG81brkY.jpg
2867,Fortress,12088,https://image.tmdb.org/t/p/original/yJzmAtY9DmhhjJwFnW0Zjlvz6yg.jpg
2868,For Your Consideration,14799,https://image.tmdb.org/t/p/original/hmtvDW52V3EuFmbhTOLjaGMYCDx.jpg
2869,Celebrity,9466,https://image.tmdb.org/t/p/original/QBqiBQW7MGqlDSyvid4fKzS0Xz.jpg
2870,Running with Scissors,7510,https://image.tmdb.org/t/p/original/mViGEH5dfsAnUgJmce1RJkFycAi.jpg
2871,From Justin to Kelly,31246,https://image.tmdb.org/t/p/original/tSadXiI88soRyS4mcSr7PsKWaqN.jpg
2872,Girl 6,61752,https://image.tmdb.org/t/p/original/nHgkRj6Igx3QsHmTyF4oAfBjAE7.jpg
2873,In the Cut,10944,https://image.tmdb.org/t/p/original/rXEpaJIPlBqKq7QepB8uowmeAT2.jpg
2874,Two Lovers,10362,https://image.tmdb.org/t/p/original/shvubL3pIrCyEK22ZHrx00oNtCY.jpg
2875,Last Orders,14778,https://image.tmdb.org/t/p/original/aewan59WcFThBimkTVVoNf2o5Vb.jpg
2876,괴물,1255,https://image.tmdb.org/t/p/original/3waZREH25DZ8XqZSndCxZ7IiVzR.jpg
2877,The Pursuit of D.B. Cooper,45226,https://image.tmdb.org/t/p/original/9mprbw31MGdd66LR0AQKoDMoFRv.jpg
2878,Ravenous,10212,https://image.tmdb.org/t/p/original/8Yv7kxsqXSe4ZHl8uJEhmsPjhAP.jpg
2879,Charlie Bartlett,8669,https://image.tmdb.org/t/p/original/ekW39lKhQ3L3rdOgzyF3d0CoPLV.jpg
2880,La grande bellezza,179144,https://image.tmdb.org/t/p/original/xOq5LrqMvq2dL7mPs6wuRMBRmGk.jpg
2881,The Dangerous Lives of Altar Boys,16857,https://image.tmdb.org/t/p/original/u9UtZNMj2m7dtOP6RcMAeRfqmnF.jpg
2882,Stoker,86825,https://image.tmdb.org/t/p/original/xHFJt9nEfVIUItBfKZr7qhbgveL.jpg
2883,2046,844,https://image.tmdb.org/t/p/original/87r4e4pL4STfpdjtqNZxlyjvcMd.jpg
2884,Married Life,8060,https://image.tmdb.org/t/p/original/q7DKV2pIP6u5WvXIdUl2VA5hz3l.jpg
2885,Duma,15907,https://image.tmdb.org/t/p/original/l3gbiQkSLXPRkJnH7QInA5zrk6n.jpg
2886,Ondine,38448,https://image.tmdb.org/t/p/original/jMiBBqk72VRo1Y39x2ZbbenEU3a.jpg
2887,Brother,327,https://image.tmdb.org/t/p/original/6ZBSsBfxKK5GdTzz1BOKGl4BnzJ.jpg
2888,Welcome to Collinwood,9260,https://image.tmdb.org/t/p/original/wzgFC7jOEMtf9D6CSdI7ckUMtwU.jpg
2889,Critical Care,61337,https://image.tmdb.org/t/p/original/yM1QcAtEGkzAM3HFznXj8kvjyDk.jpg
2890,The Life Before Her Eyes,13079,https://image.tmdb.org/t/p/original/ziVOzoGfmHD5F90LyeCkBnwuTkP.jpg
2891,Darling Companion,89325,https://image.tmdb.org/t/p/original/upIYOZbiutCBnvejGYaZlJxxKcs.jpg
2892,Trade,4170,https://image.tmdb.org/t/p/original/j77l405846qiLb8RGb1egu7ON3r.jpg
2893,Sorstalanság,41508,https://image.tmdb.org/t/p/original/uHOEb6mo45qMSJaZqbkVa7oW1Y7.jpg
2894,Breakfast of Champions,12479,https://image.tmdb.org/t/p/original/vvwsvPyQFuQbKKfzNgoRhAcL5ml.jpg
2895,三枪拍案惊奇,44555,https://image.tmdb.org/t/p/original/aWfjIkpENFX6Uw82pET7EQ6jnrd.jpg
2896,Cypher,10133,https://image.tmdb.org/t/p/original/mCO4gU1lkViGXTkoRBEYrvjDIJu.jpg
2897,南京!南京!,21345,https://image.tmdb.org/t/p/original/x7A59t6ySylr1L7aubOQEA480vM.jpg
2898,兔侠传奇,173931,https://image.tmdb.org/t/p/original/mzNe2RAZi19Uk1eqj8fE9oPkP1d.jpg
2899,Space Battleship Yamato,61984,https://image.tmdb.org/t/p/original/acmhdlwtMLea04rvptvTR0WiK19.jpg
2900,5 Days of War,50601,https://image.tmdb.org/t/p/original/8F0r5ng9Fp60OhzQfR5v33fppq.jpg
2901,Triangle,26466,https://image.tmdb.org/t/p/original/qdqAewwUsKO1x2p9rAkAOBlXeiF.jpg
2902,10 Days in a Madhouse,345003,https://image.tmdb.org/t/p/original/iTvJ5tc6Os90JXza9XfDktYlAOj.jpg
2903,Heaven is for Real,236751,https://image.tmdb.org/t/p/original/w4k7KCwLPDixM13J2JYcqt9kHZ7.jpg
2904,Snatch,107,https://image.tmdb.org/t/p/original/8KSDI7ijEv7QVZdIyrLw5Gnhhr8.jpg
2905,Dancin' It's On,357837,https://image.tmdb.org/t/p/original/vSJ7W4RVTjN5QePdfFqnZuoTeaB.jpg
2906,Pet Sematary,8913,https://image.tmdb.org/t/p/original/a1gIACZb04bL8EvLqMpofW2Eqeo.jpg
2907,まあだだよ,13889,https://image.tmdb.org/t/p/original/sxNSAUj0UyIFDccmysWfGOFCv3x.jpg
2908,The Cry of the Owl,18530,https://image.tmdb.org/t/p/original/h9VizOOadBJixcbpswSqM0bb30c.jpg
2909,三城记,358451,https://image.tmdb.org/t/p/original/fRnFmQ8kkTLptnm8cDUXQ1ZYP9o.jpg
2910,Gremlins,927,https://image.tmdb.org/t/p/original/6m0F7fsXjQvUbCZrPWcJNrjvIui.jpg
2911,Star Wars,11,https://image.tmdb.org/t/p/original/6FfCtAuVAW8XJjZ7eWeLibRLWTw.jpg
2912,Dirty Grandpa,291870,https://image.tmdb.org/t/p/original/k0Lz1TfSlbcQthQKYGwE7blDfwN.jpg
2913,Doctor Zhivago,907,https://image.tmdb.org/t/p/original/r0Iv2BiCFYDnzc6uU1q3AJ56igT.jpg
2914,Trash,206563,https://image.tmdb.org/t/p/original/kd4v23x0lalIRdwgLRkHgBhYBUQ.jpg
2915,High School Musical 3: Senior Year,11887,https://image.tmdb.org/t/p/original/aq2o1wT0crBOTxof36O6KTyjpgE.jpg
2916,The Fighter,45317,https://image.tmdb.org/t/p/original/xfsFerGhO1h6rLk8vwLgMyQ8WVJ.jpg
2917,Jackass Number Two,12094,https://image.tmdb.org/t/p/original/u73V8dMqUwjtPL6gWesCE7ji9GU.jpg
2918,My Cousin Vinny,10377,https://image.tmdb.org/t/p/original/iwSURa8nS2ujwrU3s1lfxxX7voH.jpg
2919,If I Stay,249164,https://image.tmdb.org/t/p/original/7Twh8h3Wh7GC9npTAEUThgkxkWL.jpg
2920,Drive Hard,256092,https://image.tmdb.org/t/p/original/wSujXhZJPvwKtMhIAuIuXZ93gYO.jpg
2921,Major League,9942,https://image.tmdb.org/t/p/original/z5udcocU8TQWh3M8bbw4C2KEM3E.jpg
2922,St. Trinian's,10748,https://image.tmdb.org/t/p/original/aOVxLigLjkix69vq6iiu0XXPnai.jpg
2923,Phone Booth,1817,https://image.tmdb.org/t/p/original/r6lIwPKVDa6Q76qH2TbIBqPhXL3.jpg
2924,A Walk to Remember,10229,https://image.tmdb.org/t/p/original/8lUYMvWdHA0Q0k5F76RQCeCBUkA.jpg
2925,Dead Man Walking,687,https://image.tmdb.org/t/p/original/eShxyjhWoFl3BwsuEmVsr4nLaMZ.jpg
2926,Cruel Intentions,796,https://image.tmdb.org/t/p/original/76cCsRtQ5MJBAqoigojXsLXLJwh.jpg
2927,Saw VI,22804,https://image.tmdb.org/t/p/original/cT7ufx1x6OKoi3bpUCWf2eV446G.jpg
2928,History of the World: Part I,10156,https://image.tmdb.org/t/p/original/6iAl78qZHT65erPXr2YW6Y54wlY.jpg
2929,The Secret Life of Bees,12837,https://image.tmdb.org/t/p/original/m1LGEeoYfc6crbfG8WmTKg9SVqL.jpg
2930,Corky Romano,17708,https://image.tmdb.org/t/p/original/aLgzSIgHTyWggrP7ieDVYE3PB8g.jpg
2931,Raising Cain,13937,https://image.tmdb.org/t/p/original/5vRn138vnZeUNFe32qTuPGKkVLR.jpg
2932,F.I.S.T.,28932,https://image.tmdb.org/t/p/original/yiqQHB0vZg9O6z7VvAefV3fSPqX.jpg
2933,Invaders from Mars,31909,https://image.tmdb.org/t/p/original/rs3cOVZtrXD27XQQdut1FWFYrUG.jpg
2934,Brooklyn,167073,https://image.tmdb.org/t/p/original/cs7W8j5lI7qzRW6tKSj9p1Q0Ze7.jpg
2935,Barry Lyndon,3175,https://image.tmdb.org/t/p/original/x2JQCgLjieWOwvImeGtLmuNgsrq.jpg
2936,Out Cold,14369,https://image.tmdb.org/t/p/original/2aBepBnMXRs3hmde9Je3rn5bseJ.jpg
2937,The Ladies Man,16888,https://image.tmdb.org/t/p/original/kKMhGSwydCVjrOWwggDlSvcgzCl.jpg
2938,Quartet,121826,https://image.tmdb.org/t/p/original/lDg2DfB5MuEoUeRFQqzBFVoWGep.jpg
2939,Tomcats,10646,https://image.tmdb.org/t/p/original/pAHD3TfoDJX6jCPVhICBNLBxnBH.jpg
2940,Frailty,12149,https://image.tmdb.org/t/p/original/jid7dyfHa6ApZSTweC3T3nllWjh.jpg
2941,Woman in Gold,304357,https://image.tmdb.org/t/p/original/6eoj6bozvgwNuDV3vOrqlvrCrX.jpg
2942,Kinsey,11184,https://image.tmdb.org/t/p/original/cODCjWNRcZkwe4ONQs1GzRqYtRb.jpg
2943,Army of Darkness,766,https://image.tmdb.org/t/p/original/xsgTuAtR2zSH8Umg3jWZcZjlDpe.jpg
2944,Slackers,20009,https://image.tmdb.org/t/p/original/g3xn7tRnGxVwwKc2tge7nPssywQ.jpg
2945,What's Eating Gilbert Grape,1587,https://image.tmdb.org/t/p/original/8r9yts6XHbB1xNLaPC6ExNAK1Qu.jpg
2946,The Visual Bible: The Gospel of John,30973,https://image.tmdb.org/t/p/original/rKbmbnYfFhgTjGoDU9F4pIhVvKh.jpg
2947,Vera Drake,11109,https://image.tmdb.org/t/p/original/556fElboCLlEmP8UULaYosU45Bc.jpg
2948,The Guru,9027,https://image.tmdb.org/t/p/original/1GQ4nYfRU4rANvCFq4y2o1GExgQ.jpg
2949,The Perez Family,63020,https://image.tmdb.org/t/p/original/jxi3UDHf86kDk5hqJxnpEMzVch2.jpg
2950,Inside Llewyn Davis,86829,https://image.tmdb.org/t/p/original/nNxK3pC3DMpPpWKMvo2p3liREVT.jpg
2951,O,11065,https://image.tmdb.org/t/p/original/bES1RgFIsRRHepugcIdPSDxcrwa.jpg
2952,Return to the Blue Lagoon,13888,https://image.tmdb.org/t/p/original/jhUTLuPgc3Qcvr5xtji8oiWSfYy.jpg
2953,The Molly Maguires,42345,https://image.tmdb.org/t/p/original/3ywN7tPWiOkbalS2gAEPzNk4Nq9.jpg
2954,Romance & Cigarettes,13994,https://image.tmdb.org/t/p/original/phSntD46jD5IfYAa2lSoU6xJDJ6.jpg
2955,Copying Beethoven,1590,https://image.tmdb.org/t/p/original/xplAbPXhZF9B3H4OnhjQsEKUESe.jpg
2956,Brighton Rock,62728,https://image.tmdb.org/t/p/original/7uq3onOHexPe4Xcj5bdRL7NKkIi.jpg
2957,Saw V,11917,https://image.tmdb.org/t/p/original/rKl79KqLXg60KFyKsLe4wSSjQ08.jpg
2958,Gli intoccabili,45138,https://image.tmdb.org/t/p/original/nlCoQTTfVVuzpEbNe2H0ovjnsA.jpg
2959,LOL,80271,https://image.tmdb.org/t/p/original/AlnBUoKzzPnczrzzxuh0SYwDa3Z.jpg
2960,Jindabyne,4657,https://image.tmdb.org/t/p/original/zozfpvbl8OezjqBsgFByTGkbnw8.jpg
2961,कभी अलविदा ना कहना,14395,https://image.tmdb.org/t/p/original/dkYQgRPuik4FGIUdGGVYGQJWrHa.jpg
2962,An Ideal Husband,24137,https://image.tmdb.org/t/p/original/Aac3Kw7qAszSotkTNle4bvu3uuH.jpg
2963,The Last Days on Mars,190847,https://image.tmdb.org/t/p/original/3AoI1jrCO6j90N0w3gF67vWTntE.jpg
2964,Darkness,11056,https://image.tmdb.org/t/p/original/exr5xYRHbj200Y3SxMDGfcT6zla.jpg
2965,2001: A Space Odyssey,62,https://image.tmdb.org/t/p/original/ve72VxNqjGM69Uky4WTo2bK6rfq.jpg
2966,E.T. the Extra-Terrestrial,601,https://image.tmdb.org/t/p/original/an0nD6uq6byfxXCfk6lQBzdL2J1.jpg
2967,In the Land of Women,13067,https://image.tmdb.org/t/p/original/qbfVeY8sE3luiRXYZTPT9rjV6p1.jpg
2968,The Blue Butterfly,25379,https://image.tmdb.org/t/p/original/wuKQhiIrPPhY6DDOdYYrsWoVcK9.jpg
2969,There Goes My Baby,88641,https://image.tmdb.org/t/p/original/lxvY6as28ykgbPEuvZ5T29am99L.jpg
2970,Housefull,58051,https://image.tmdb.org/t/p/original/koPiIQ7evC5rer6modUDxoZjYV.jpg
2971,September Dawn,14877,https://image.tmdb.org/t/p/original/f0M3LHi73NpjJXmQvwYx9fv24fF.jpg
2972,For Greater Glory - The True Story of Cristiada,96399,https://image.tmdb.org/t/p/original/7jgh0ej04j98q2NFpSZLlpDazUo.jpg
2973,La Famille Bélier,304410,https://image.tmdb.org/t/p/original/kAQeZUZ1pMTSjSF3d6eBZClFGgN.jpg
2974,Good Will Hunting,489,https://image.tmdb.org/t/p/original/z2FnLKpFi1HPO7BEJxdkv6hpJSU.jpg
2975,Misconduct,373314,https://image.tmdb.org/t/p/original/A82Kf9AoMaesgxntOCOyVfRgdYH.jpg
2976,Saw III,214,https://image.tmdb.org/t/p/original/4iO9n24Rb10peXV0JH2EldIOrAp.jpg
2977,Stripes,10890,https://image.tmdb.org/t/p/original/wLhRlpMAFG1Gzuf7oBk240M4W4V.jpg
2978,Bring It On,1588,https://image.tmdb.org/t/p/original/9SkQeC55tUwtQU0rSplXBBbVfty.jpg
2979,The Purge: Election Year,316727,https://image.tmdb.org/t/p/original/gg7tlp45xqGWMra0sqQVPvybje2.jpg
2980,She's All That,10314,https://image.tmdb.org/t/p/original/a0pepZNFCjggc7Na9gEwbTI1f46.jpg
2981,Saw IV,663,https://image.tmdb.org/t/p/original/ku1QdCXOU4ckz3zxLLlis8MIJVm.jpg
2982,White Noise,11804,https://image.tmdb.org/t/p/original/ncB9SvOclmXYALlcAsF1jRIuISl.jpg
2983,Madea's Family Reunion,16781,https://image.tmdb.org/t/p/original/lAzrDS5bJJSSdPAUxuctCoomXUc.jpg
2984,The Color of Money,11873,https://image.tmdb.org/t/p/original/dVdnHmdQu3JtLAAksjTmTEF76gD.jpg
2985,The Longest Day,9289,https://image.tmdb.org/t/p/original/5zmvEofdIlgXrQl9A7e5IOzlnFU.jpg
2986,The Mighty Ducks,10414,https://image.tmdb.org/t/p/original/zxaCHxKDFNi6frh1Q0dj19L216o.jpg
2987,The Grudge,1970,https://image.tmdb.org/t/p/original/5AGB8FVELnhMMw3nO372sw1xp58.jpg
2988,Happy Gilmore,9614,https://image.tmdb.org/t/p/original/4RnCeRzvI1xk5tuNWjpDKzSnJDk.jpg
2989,Jeepers Creepers,8922,https://image.tmdb.org/t/p/original/g410Y1U1ELbmJG14Zru3UAimm1G.jpg
2990,Bill & Ted's Excellent Adventure,1648,https://image.tmdb.org/t/p/original/tV25lGWGWGEqUe3U0xjQTBgilSx.jpg
2991,Oliver!,17917,https://image.tmdb.org/t/p/original/1XJgoaOWKrqxkKeBKWLKSigqG8c.jpg
2992,The Best Exotic Marigold Hotel,74534,https://image.tmdb.org/t/p/original/gNWiOKTWDvPTpr7QfPWk18gLftz.jpg
2993,Recess: School's Out,19405,https://image.tmdb.org/t/p/original/yLdsXdgB2VJ2uBQvYaEB5xPELlq.jpg
2994,Mad Max Beyond Thunderdome,9355,https://image.tmdb.org/t/p/original/jJlxcEVVUHnrUeEkQ0077VeHQpb.jpg
2995,Commando,10999,https://image.tmdb.org/t/p/original/ollPAAAgZ7euU8VisfqU3cuXhZ6.jpg
2996,The Boy,321258,https://image.tmdb.org/t/p/original/kW2vgzhyWXQu5UxNzebPokipBqH.jpg
2997,Devil,44040,https://image.tmdb.org/t/p/original/aivXPSi53H95BoUa5njEYso389s.jpg
2998,Friday After Next,10426,https://image.tmdb.org/t/p/original/sxHFGPKLWj9e3aaA6wGVxghoiPE.jpg
2999,Insidious: Chapter 3,280092,https://image.tmdb.org/t/p/original/iDdGfdNvY1EX0uDdA4Ru77fwMfc.jpg
3000,The Last Dragon,13938,https://image.tmdb.org/t/p/original/r5QnLY30gXlZ8luiJE3quDs1WNF.jpg
3001,The Lawnmower Man,10163,https://image.tmdb.org/t/p/original/aDACpFww9vkeyYOj5xrfJuxoQdK.jpg
3002,Nick and Norah's Infinite Playlist,12182,https://image.tmdb.org/t/p/original/cndxWgZEHnSUtytrMjal97ye34E.jpg
3003,Dogma,1832,https://image.tmdb.org/t/p/original/xI5beD8Td79E2uZNAxgd1gWWOEd.jpg
3004,The Banger Sisters,9034,https://image.tmdb.org/t/p/original/bfXXqz4yvsHnQwwOSa23ASUaGXA.jpg
3005,Twilight Zone: The Movie,15301,https://image.tmdb.org/t/p/original/9dKBVzAQQ2Utht2DPdWA654QPFm.jpg
3006,Road House,10135,https://image.tmdb.org/t/p/original/r2hGyhvNneAifk7UpwAYxrkeFO4.jpg
3007,A Low Down Dirty Shame,26352,https://image.tmdb.org/t/p/original/v5XUfLrdoGfatObGXhqckYTNqFT.jpg
3008,Swimfan,20616,https://image.tmdb.org/t/p/original/sHSRRxzBeUtxMosSqpCcBiGnPYI.jpg
3009,Employee of the Month,9794,https://image.tmdb.org/t/p/original/vfALEF9wz4CEep071iOwM5Qqd17.jpg
3010,Can't Hardly Wait,15037,https://image.tmdb.org/t/p/original/r3a5gGWfS0SDS9nriNrJzSSrErf.jpg
3011,The Outsiders,227,https://image.tmdb.org/t/p/original/iwbbE0xiOuflxE99gESWC2b5Ohc.jpg
3012,Pete's Dragon,294272,https://image.tmdb.org/t/p/original/A9x4Ogk8KUXTfU649NS6lS9TCmu.jpg
3013,The Dead Zone,11336,https://image.tmdb.org/t/p/original/9yTVaeS8eIkOpbwIycVFm7EQrgF.jpg
3014,Sinister 2,283445,https://image.tmdb.org/t/p/original/hF6ORyihtAWHqKkIQI8BSpLQyON.jpg
3015,Sparkle,88036,https://image.tmdb.org/t/p/original/6LqVIhz0xxoFjiGjftDW69DbvNi.jpg
3016,Valentine,10984,https://image.tmdb.org/t/p/original/jMtWV4FixMGTgUjbr9NFVEANGYQ.jpg
3017,The Fourth Kind,22824,https://image.tmdb.org/t/p/original/vfnsGUwurUQqlpvArBvUVc9rYXa.jpg
3018,A Prairie Home Companion,9526,https://image.tmdb.org/t/p/original/7AxXWJYzrFx7LIFP3OvCPecwXGE.jpg
3019,Sugar Hill,39349,https://image.tmdb.org/t/p/original/6bnYhhJS7vuDMRPVSplWaXdK49g.jpg
3020,Invasion U.S.A.,15983,https://image.tmdb.org/t/p/original/mE5dSRTKW1dzV7D0pgP8sMxyIa9.jpg
3021,Roll Bounce,14544,https://image.tmdb.org/t/p/original/lStFr3EHTNbnyOdOk2QDCqYGnlR.jpg
3022,Rushmore,11545,https://image.tmdb.org/t/p/original/hSJ6swahAuZ8wM96lHDTwQPXUvZ.jpg
3023,Skyline,42684,https://image.tmdb.org/t/p/original/ehythjMSfqrJSWeCSSTw4WQe6b5.jpg
3024,The Second Best Exotic Marigold Hotel,268238,https://image.tmdb.org/t/p/original/j4PARl3gDpv2K45YAv0tgocLW5K.jpg
3025,Kit Kittredge: An American Girl,8359,https://image.tmdb.org/t/p/original/niHi0hJSryO5DpSVNCMASc3EELc.jpg
3026,The Perfect Man,15648,https://image.tmdb.org/t/p/original/s1zaWMtjzw1hm5tPXm2GLFJaCfY.jpg
3027,Mo' Better Blues,41823,https://image.tmdb.org/t/p/original/223W6PWAiYb3BX2rbFvzjbDDIvz.jpg
3028,Kung Pow: Enter the Fist,11891,https://image.tmdb.org/t/p/original/gVsZ1hsJ9g11oCCav4N8ccp9bRw.jpg
3029,Tremors,9362,https://image.tmdb.org/t/p/original/cA4ggkZ3r1d5r9hOAUWC8x5ul2i.jpg
3030,Wrong Turn,9902,https://image.tmdb.org/t/p/original/7lyxwOg7SdGff79yKCQmJ3AKWSf.jpg
3031,The Long Riders,14729,https://image.tmdb.org/t/p/original/1Dk9dieSkZeiEVarZFsPJdF9Qel.jpg
3032,The Corruptor,9455,https://image.tmdb.org/t/p/original/ejbmUNVtqZIkZf2cE5Ws5c9FiWA.jpg
3033,Mud,103731,https://image.tmdb.org/t/p/original/o2jT5jQdKh1HAF0fMKuGwBOwOYB.jpg
3034,Reno 911!: Miami,10090,https://image.tmdb.org/t/p/original/l9v3nqTU4Gj2zuASGDLJX4YD8ma.jpg
3035,One Direction: This Is Us,164558,https://image.tmdb.org/t/p/original/b720e7DW3nqRJaUH9xpTtvYhnUj.jpg
3036,"The Goods: Live Hard, Sell Hard",19905,https://image.tmdb.org/t/p/original/1nEd4aLuRlAPFqUdcCYekAAjWsn.jpg
3037,Hey Arnold! The Movie,17710,https://image.tmdb.org/t/p/original/etxcq4qiFNi5p0q71APw8MNzPPT.jpg
3038,My Week with Marilyn,75900,https://image.tmdb.org/t/p/original/5naqXRY1Zug5cyJJbO9H4DOg28q.jpg
3039,The Matador,9515,https://image.tmdb.org/t/p/original/oJnlAGmrhsg4QrlVKGgP91J6WPu.jpg
3040,Love Jones,27322,https://image.tmdb.org/t/p/original/7LdKsfON12uEyDEKY9mZASlx8Nf.jpg
3041,The Gift,328425,https://image.tmdb.org/t/p/original/kH3qLP8pn68Xq5XwvmPkCyaAU7W.jpg
3042,End of the Spear,14120,https://image.tmdb.org/t/p/original/2jMM1cuF1FcxdPPdEJy8gquDmES.jpg
3043,Get Over It,10050,https://image.tmdb.org/t/p/original/hS1jjzTe4P8GMWGnvca7HIndPEX.jpg
3044,Office Space,1542,https://image.tmdb.org/t/p/original/v7fBXxHZ5WQn2PGgpXhTqHgtcJk.jpg
3045,Drop Dead Gorgeous,10490,https://image.tmdb.org/t/p/original/s4nHRCB5GqWyWiqweVf6UUv8GWt.jpg
3046,Big Eyes,87093,https://image.tmdb.org/t/p/original/203HAjJcLMl7xThcTqZx4zmEGcV.jpg
3047,Very Bad Things,10029,https://image.tmdb.org/t/p/original/rYmyRxF5e9fBdgcQScKu0CUtMy5.jpg
3048,Sleepover,9893,https://image.tmdb.org/t/p/original/p9CyHjVFCQfjhLfn9Xo0WPpYHQr.jpg
3049,Body Double,11507,https://image.tmdb.org/t/p/original/lRFm5P2AdOGpELwm3HHhmUz6k5I.jpg
3050,MacGruber,37931,https://image.tmdb.org/t/p/original/4WrSz0dRfq6XwJUQlYvzuhJq8hR.jpg
3051,Dirty Pretty Things,3472,https://image.tmdb.org/t/p/original/nWpXOqB1STDq8ji3rQawcg1fGS9.jpg
3052,Movie 43,87818,https://image.tmdb.org/t/p/original/uYa06GxHsCsELx9vOQ11vsT0Aa6.jpg
3053,Over Her Dead Body,13160,https://image.tmdb.org/t/p/original/85moNqAncGlJXEwt4Ja3DfNbiQY.jpg
3054,Seeking a Friend for the End of the World,88005,https://image.tmdb.org/t/p/original/rBbCwFLyt7Q25yaw2bEOQh7RMG1.jpg
3055,Cedar Rapids,52067,https://image.tmdb.org/t/p/original/udHprtPPfDHdcR1ijoY24mt9OB1.jpg
3056,American History X,73,https://image.tmdb.org/t/p/original/x2drgoXYZ8484lqyDj7L1CEVR4T.jpg
3057,The Collection,134597,https://image.tmdb.org/t/p/original/wxUasHKoR8dtInQiXNUknOqi6Ao.jpg
3058,Teacher's Pet,24034,https://image.tmdb.org/t/p/original/l6huoaxSDFuyzgmLjxboh5iRiaL.jpg
3059,The Red Violin,14283,https://image.tmdb.org/t/p/original/uPjq8PaNDhFQTzOu4Ce91f6BFgZ.jpg
3060,The Straight Story,404,https://image.tmdb.org/t/p/original/tT9cMiVDdtlcdZxOoFy3VRmEoKk.jpg
3061,Deuces Wild,13201,https://image.tmdb.org/t/p/original/nyr9WT4mLYZHFRINuyWCQExV9ku.jpg
3062,Bad Words,209403,https://image.tmdb.org/t/p/original/9ZOz1GTFsrfGZNziZHupOvqUdub.jpg
3063,Run Fatboy Run,7942,https://image.tmdb.org/t/p/original/2MZNPXJquIG8OcwajiR8YkCr7ak.jpg
3064,Heartbeeps,73247,https://image.tmdb.org/t/p/original/zxK1jyN8apEUyYerMLStaHIM2z8.jpg
3065,Black or White,253331,https://image.tmdb.org/t/p/original/hOxxudUwgh5KGC7LtxDCkkwn1YP.jpg
3066,On the Line,34043,https://image.tmdb.org/t/p/original/jZXRl4XpxhUnemrmpWAgq2HlpS4.jpg
3067,Rescue Dawn,9952,https://image.tmdb.org/t/p/original/ymPlV2ymUBSctfRzpehFOxFmJiS.jpg
3068,Danny Collins,256924,https://image.tmdb.org/t/p/original/sf9ndc9l6alP9DhJF1ZpKz1PaXK.jpg
3069,"Jeff, Who Lives at Home",82532,https://image.tmdb.org/t/p/original/eh8KzVUzOeZES67FPjO8NktLtY7.jpg
3070,Io sono l'amore,41110,https://image.tmdb.org/t/p/original/ss57QaZX5OE3YxoTZeKW5Y6U83S.jpg
3071,Atlas Shrugged Part II,134371,https://image.tmdb.org/t/p/original/9iwPz9zy1uCP73QMxhNs6gaTTom.jpg
3072,Romeo Is Bleeding,2088,https://image.tmdb.org/t/p/original/ojXNRpHMXU99UFmF9MKKiJCymKr.jpg
3073,The Limey,10388,https://image.tmdb.org/t/p/original/efAnFInZYrenNvBlLIXN2oLYyNc.jpg
3074,Crash,1640,https://image.tmdb.org/t/p/original/86BdPC6RDX88NC880pLidKn2LCj.jpg
3075,The House of Mirth,25520,https://image.tmdb.org/t/p/original/gCEboOrNXFmqE5pKUn42fTHZx8R.jpg
3076,Malone,27342,https://image.tmdb.org/t/p/original/uA32G48OnKutmWdifMSi9hp2jed.jpg
3077,Peaceful Warrior,13689,https://image.tmdb.org/t/p/original/r4VQCZe3aSo7TmmsxcyLqaoMR1l.jpg
3078,Bucky Larson: Born to Be a Star,67911,https://image.tmdb.org/t/p/original/avCsg52549PHT5nVXIW7c3BEZ7b.jpg
3079,Bamboozled,24664,https://image.tmdb.org/t/p/original/oAg1mUUxdWJNLa6t1gctbQhXHVN.jpg
3080,The Forest,329440,https://image.tmdb.org/t/p/original/1TohqCqMbaiuRLJPrPW0vnQP3lE.jpg
3081,Sphinx,47890,https://image.tmdb.org/t/p/original/kqAEPlF6TzBHZJK5RKusam0Y79Y.jpg
3082,While We're Young,252512,https://image.tmdb.org/t/p/original/rdYXGeK3OZjBrd2R8A1sSS0Kxcq.jpg
3083,A Better Life,55720,https://image.tmdb.org/t/p/original/eY9wOw5PjrRXUTLgNmqWb60it10.jpg
3084,Spider,9613,https://image.tmdb.org/t/p/original/zvm4WuYxTiGkRagRqHUey0meRQL.jpg
3085,Gun Shy,29076,https://image.tmdb.org/t/p/original/iMCuGjQu5LsS6hyr5KmRDNqcomy.jpg
3086,Nicholas Nickleby,29339,https://image.tmdb.org/t/p/original/uLilCY2We3Ore9Ke7CdafntHvmT.jpg
3087,The Iceman,68812,https://image.tmdb.org/t/p/original/56KPE9tPYh2WBdnUMq9EIOwEXGQ.jpg
3088,कृष,32740,https://image.tmdb.org/t/p/original/Apd4UKesyTmpDutEjNVHP45kvBi.jpg
3089,Cecil B. Demented,14195,https://image.tmdb.org/t/p/original/gCXUA9BUOSDmOFVfkVBF4v15Td6.jpg
3090,Killer Joe,73567,https://image.tmdb.org/t/p/original/6Tt1TQeOI4TpXu1cBUgNGNGeznW.jpg
3091,The Joneses,41479,https://image.tmdb.org/t/p/original/5YINGouZK9pmPdMPAHv158eQf3o.jpg
3092,Owning Mahowny,15394,https://image.tmdb.org/t/p/original/xQYKqpN6fD7Dc7Vu8xnShHPKDwe.jpg
3093,The Brothers Solomon,10071,https://image.tmdb.org/t/p/original/aAxlGB9hglPm9jFVfOPj1TWVnIK.jpg
3094,My Blueberry Nights,1989,https://image.tmdb.org/t/p/original/w9w3m2IB9QRZXxi6R51ZamKv3HS.jpg
3095,Illuminata,91076,https://image.tmdb.org/t/p/original/vovb7pbU3CkKjfcmOxwz7AMbpCX.jpg
3096,Swept Away,12779,https://image.tmdb.org/t/p/original/rAa3nTeDpwgLX6XxnT3wR86C5WE.jpg
3097,"War, Inc.",13191,https://image.tmdb.org/t/p/original/nlGsWWYC9n4lkbIoTXmI42dkJqb.jpg
3098,少林足球,11770,https://image.tmdb.org/t/p/original/vD5wG0AmbdlL8iVPSCL9NyojOFP.jpg
3099,The Brown Bunny,12703,https://image.tmdb.org/t/p/original/bGzU4TgdqmMjIfPIgf2MjDW6H7c.jpg
3100,Rien ne va plus,64559,https://image.tmdb.org/t/p/original/tDnQHpXrQsl6NH1Gn7bLHLAiw5H.jpg
3101,Rosewater,222649,https://image.tmdb.org/t/p/original/iTzGgTjaB16vVDfBOp6jBvVbwzr.jpg
3102,La femme de chambre du Titanic,115872,https://image.tmdb.org/t/p/original/p4frEECepz84DjgB7clmwBOXldE.jpg
3103,Coriolanus,101173,https://image.tmdb.org/t/p/original/6W6In8IUJMkxB8aBipulho6QLDd.jpg
3104,Imaginary Heroes,25350,https://image.tmdb.org/t/p/original/tHMgJGkovOFpHi2lnQ9xTrIaR7N.jpg
3105,High Heels and Low Lifes,10034,https://image.tmdb.org/t/p/original/jyC13aGpVP4ogf8jSVfWLdk02h1.jpg
3106,World's Greatest Dad,20178,https://image.tmdb.org/t/p/original/1ESsZLvZPIvbCPCh7CPCSnF4EeH.jpg
3107,Severance,5072,https://image.tmdb.org/t/p/original/yg1XRTyH5knwh3Tnij2sUV0ZZ5w.jpg
3108,Edmond,18191,https://image.tmdb.org/t/p/original/2VFdGJDrl5n9WoC7d4I07hN3v5c.jpg
3109,Welcome to the Rileys,31007,https://image.tmdb.org/t/p/original/tt9pBPoXjFu36rPqObwrgkYCY3t.jpg
3110,Police Academy: Mission to Moscow,11546,https://image.tmdb.org/t/p/original/3517XQ9LpoEykyYq2TuDNS45MPP.jpg
3111,Blood Done Sign My Name,41894,https://image.tmdb.org/t/p/original/6aoc3MexldhKq65EmlosHMkUxgz.jpg
3112,Cinco de Mayo: La Batalla,184374,https://image.tmdb.org/t/p/original/7MAtraeiaKnTrbtzUBbc9SHkdct.jpg
3113,Elsa & Fred,268171,https://image.tmdb.org/t/p/original/yNzVwtlqOmPLVKD5zZIzAME9vYc.jpg
3114,"An Alan Smithee Film: Burn, Hollywood, Burn",78149,https://image.tmdb.org/t/p/original/KSGv5uV6SJS7mUMlttvLfWA6Lv.jpg
3115,The Open Road,24663,https://image.tmdb.org/t/p/original/rfsgpwFCt43EDOXQP0gQECq8vrE.jpg
3116,The Good Guy,39037,https://image.tmdb.org/t/p/original/xwSQ62M3B1LTpHhau4MaREIwfSy.jpg
3117,Motherhood,22805,https://image.tmdb.org/t/p/original/bzQCsmvPJU0L4tnPtQHlVliw2zn.jpg
3118,Free Style,39055,https://image.tmdb.org/t/p/original/h74c8DziH9VAcVbr4aKGlrIawvw.jpg
3119,Strangerland,245846,https://image.tmdb.org/t/p/original/Aqx7cDELYw5ZEZkS4EhyjnXXBV0.jpg
3120,Janky Promoters,25186,https://image.tmdb.org/t/p/original/sQTn0iUDsfwSLOznzOzfDhC3J8I.jpg
3121,Blonde Ambition,15017,https://image.tmdb.org/t/p/original/t3H5WVxxkNyFoaXfwKKkvKq7G0y.jpg
3122,The Oxford Murders,12245,https://image.tmdb.org/t/p/original/aPGyZg44eCxccfoaNNbJwTJj66J.jpg
3123,The Reef,49787,https://image.tmdb.org/t/p/original/s5JGAqmdv1cHlDjMqsmQUkVo2lW.jpg
3124,Eulogy,16358,https://image.tmdb.org/t/p/original/u56l2hEhbiVHT4wcjBapcVtAtY6.jpg
3125,White Noise 2: The Light,7006,https://image.tmdb.org/t/p/original/7rp6W0Rj7BoopylLnIRsIScDu9W.jpg
3126,Beat the World,66767,https://image.tmdb.org/t/p/original/nZCPl2Du2PRkky4Mzb4YiXk9C1Q.jpg
3127,Fifty Dead Men Walking,17622,https://image.tmdb.org/t/p/original/ahHguslRzE5Qgx8KTJvlDeSEJE2.jpg
3128,Jungle Shuffle,283671,https://image.tmdb.org/t/p/original/crcj3IEAUtzIySVjw3HN2tS910S.jpg
3129,Adam Resurrected,18516,https://image.tmdb.org/t/p/original/k0Di5lSe0oIzpJle2O9T5di4w3M.jpg
3130,Hross í oss,217708,https://image.tmdb.org/t/p/original/6eYTn4BrD8ycb3rqlXzd6oPEME4.jpg
3131,Hai Marjawaan!,42057,https://image.tmdb.org/t/p/original/uHXO6Fu4rWKmD2LLudXOeURWKDe.jpg
3132,The Devil's Tomb,17577,https://image.tmdb.org/t/p/original/ex0dNOuABfkWVrNFfhsC0qTviA2.jpg
3133,Partition,14608,https://image.tmdb.org/t/p/original/qCq3QZbrf2ENAEyPJVaCGbWOQ1N.jpg
3134,Good Intentions,34417,https://image.tmdb.org/t/p/original/xBv29yp2y7jYnRJTyNio9MYKCZs.jpg
3135,"좋은 놈, 나쁜 놈, 이상한 놈",15067,https://image.tmdb.org/t/p/original/4CK4J61vzEteEAueNm40CEZQPGN.jpg
3136,Nurse 3-D,78383,https://image.tmdb.org/t/p/original/3OvX96gN6oTFmxRq2vrddZJubl5.jpg
3137,Gunless,43090,https://image.tmdb.org/t/p/original/5Uda0Hizcl0aDLRP54GYu2soI86.jpg
3138,Adventureland,16614,https://image.tmdb.org/t/p/original/eeSJNAR1aWcgANq26KWIHm3cbyB.jpg
3139,The Lost City,9700,https://image.tmdb.org/t/p/original/v19DsrJb0TJxTCdgaUzzuvOjfeD.jpg
3140,Next Friday,10471,https://image.tmdb.org/t/p/original/dP4fYCGQZzg17ta7FvLwJVCwwt9.jpg
3141,American Heist,250066,https://image.tmdb.org/t/p/original/526uxanwv4mMK0YTxjVrsmMXXo2.jpg
3142,You Only Live Twice,667,https://image.tmdb.org/t/p/original/fdRbvRcEXcf2rC4ghLFZzCWPSmB.jpg
3143,Plastic,208869,https://image.tmdb.org/t/p/original/1jva5sTJnlz9g11Xm0GTxl6WAIk.jpg
3144,Amour,86837,https://image.tmdb.org/t/p/original/19hyCudualHxCD0GrEngqsi0wBF.jpg
3145,Poltergeist III,10306,https://image.tmdb.org/t/p/original/pLewUibOJLGISvMqB94mAMdjz2q.jpg
3146,Re-Kill,106845,https://image.tmdb.org/t/p/original/wpofLYUv0aJmDNxyUZux0wTFXJH.jpg
3147,"It's a Mad, Mad, Mad, Mad World",11576,https://image.tmdb.org/t/p/original/j4mWzOisSHFkaqIkq34l2mm8a5K.jpg
3148,Volver,219,https://image.tmdb.org/t/p/original/m1ZUDGTFtVGE3zjTvF8OiQ9um5e.jpg
3149,Heavy Metal,11827,https://image.tmdb.org/t/p/original/h7j6uKamzHH9p7muvIYnln621IE.jpg
3150,Gentlemen Broncos,22820,https://image.tmdb.org/t/p/original/eRnUC60trqoRZuAtM8M3gOFT6ED.jpg
3151,Richard III,31174,https://image.tmdb.org/t/p/original/aN2BcIH6rvGbYiRQCS8lxOdeeVQ.jpg
3152,Into the Grizzly Maze,244316,https://image.tmdb.org/t/p/original/i5GbFCeZ0fG5xb2ta6B3yNgzIM7.jpg
3153,Kites,37737,https://image.tmdb.org/t/p/original/lYJhUIsKtlke4gNNHkYZNppYlTZ.jpg
3154,Melancholia,62215,https://image.tmdb.org/t/p/original/fMneszMiQuTKY8JUXrGGB5vwqJf.jpg
3155,Red Dog,66125,https://image.tmdb.org/t/p/original/cbLh0tVqjqcDnob7w79XkIQ7gGI.jpg
3156,Jab Tak Hai Jaan,132316,https://image.tmdb.org/t/p/original/1TlzJZrzUlaC95Noqt3oMoxQxCu.jpg
3157,Alien,348,https://image.tmdb.org/t/p/original/vfrQk5IPloGg1v9Rzbh2Eg3VGyM.jpg
3158,The Texas Chain Saw Massacre,30497,https://image.tmdb.org/t/p/original/mpgkRPH1GNkMCgdPk2OMyHzAks7.jpg
3159,The Runaways,27586,https://image.tmdb.org/t/p/original/4OTUuDIrnf3Tl53oqQ3cHGctsov.jpg
3160,Fiddler on the Roof,14811,https://image.tmdb.org/t/p/original/v65PHx7Q6Jx0anyNeUOX07SJic9.jpg
3161,Thunderball,660,https://image.tmdb.org/t/p/original/wCc4qllaTDsQN8zgGkAgQrKO6N9.jpg
3162,Detention,68684,https://image.tmdb.org/t/p/original/wLuMoe16Z27DH96B2vg4FQNiAjj.jpg
3163,Mine vaganti,40794,https://image.tmdb.org/t/p/original/gYSXvD0sB2MRXF5YreSWtdcW4Jv.jpg
3164,Set It Off,9400,https://image.tmdb.org/t/p/original/wpiARyUqTfabzakAXHMIUY6Tl1A.jpg
3165,The Best Man,16162,https://image.tmdb.org/t/p/original/ub2Njdn4kq49ndyg7QglnE8PUqT.jpg
3166,Child's Play,10585,https://image.tmdb.org/t/p/original/wvpgvcWNkF2HLuTEMIM7K83MvZ.jpg
3167,Sicko,2359,https://image.tmdb.org/t/p/original/8PxUhW78Oy4DWZNRyUkKYmhGUaH.jpg
3168,The Purge: Anarchy,238636,https://image.tmdb.org/t/p/original/qwqHHZLZSUvMkAMQ47ymtfjEifY.jpg
3169,Down to You,10472,https://image.tmdb.org/t/p/original/pqEEtX4S8j2XqZ9JAD97fz2DPkV.jpg
3170,Harold & Kumar Go to White Castle,11282,https://image.tmdb.org/t/p/original/5vO7R4xYlDipTp8gzfRbWegO8eb.jpg
3171,The Contender,6521,https://image.tmdb.org/t/p/original/rpjiNEwl8FoCsygYmxrJkohBzWL.jpg
3172,Boiler Room,14181,https://image.tmdb.org/t/p/original/jFB5uvCZ3HXF00liAEAuOruCPs6.jpg
3173,Trading Places,1621,https://image.tmdb.org/t/p/original/8mBuLCOcpWnmYtZc4aqtvDXslv6.jpg
3174,Black Christmas,9656,https://image.tmdb.org/t/p/original/ggxi18MGqi0lucWvfsdYkzSdGUJ.jpg
3175,Breakin' All the Rules,16428,https://image.tmdb.org/t/p/original/uogLE9FwA15mSAz0Q4B0rGUw8i5.jpg
3176,Henry V,10705,https://image.tmdb.org/t/p/original/w9R2HsYNnfF3m9uEo2UAmPNJr8a.jpg
3177,The Savages,8272,https://image.tmdb.org/t/p/original/nY54gSmTOmSXlQpWDB7DWp4u8a7.jpg
3178,Chasing Papi,24621,https://image.tmdb.org/t/p/original/mdn6NwGZChgaSuWHQzYKYO1KBL6.jpg
3179,The Way of the Gun,1619,https://image.tmdb.org/t/p/original/wrjMMdgn1a4ChlaBmlzKnb78nr6.jpg
3180,Igby Goes Down,9685,https://image.tmdb.org/t/p/original/f53JBgzYESamcYT3LkUeeoSXPgi.jpg
3181,PCU,14425,https://image.tmdb.org/t/p/original/xTToUzy9Im9nu2W8fz7TPWoDWN5.jpg
3182,The Ultimate Gift,14624,https://image.tmdb.org/t/p/original/8BdVk1u110lwHFELTEO9HrPrIDa.jpg
3183,The Ice Pirates,10179,https://image.tmdb.org/t/p/original/tv2iZbQYWwKcWOUWVFxOhcchKZT.jpg
3184,Gracie,15568,https://image.tmdb.org/t/p/original/gPmRGO7iwVRWNd0n5ePWLfSHeuH.jpg
3185,Trust the Man,14057,https://image.tmdb.org/t/p/original/njvBxeC3mj5XKjT9a2OdDglq9Yj.jpg
3186,Hamlet 2,12621,https://image.tmdb.org/t/p/original/ljdmxGNwhuWZBsCgANlZrruFkJj.jpg
3187,Velvet Goldmine,1808,https://image.tmdb.org/t/p/original/bsuSac0PldPFcOtR1Vioe7VBF4l.jpg
3188,곡성,293670,https://image.tmdb.org/t/p/original/aXlL7yYwpXInhltamtzKQFBG08G.jpg
3189,Glee: The Concert Movie,67675,https://image.tmdb.org/t/p/original/y5NCu183zREb4XmHSB6QP3K7TH2.jpg
3190,สุริโยไท,27329,https://image.tmdb.org/t/p/original/t7dh4Ex3xBJ1nwiPpRGxgCTUa3Y.jpg
3191,Due occhi diabolici,29514,https://image.tmdb.org/t/p/original/zVWaQfaSZ7AWE0XqbMT57szVmXo.jpg
3192,Barbecue,250349,https://image.tmdb.org/t/p/original/f6qSHIFvo2NhvlbAi8WBehd4Xne.jpg
3193,All or Nothing,12454,https://image.tmdb.org/t/p/original/5VRYeJ8DI3GkVzO7MUlug8v2BZO.jpg
3194,Princess Kaiulani,39806,https://image.tmdb.org/t/p/original/6dsQxILe0AHmQoxhK8O9dXpLTYd.jpg
3195,Opal Dream,15699,https://image.tmdb.org/t/p/original/xlwt6qcETBcMy6319C4RGOiKTqt.jpg
3196,Flammen & Citronen,8883,https://image.tmdb.org/t/p/original/32CKp29QyqimkjtdJRBzSRHPx4j.jpg
3197,Undiscovered,17926,https://image.tmdb.org/t/p/original/7G9HOjUBcq1NDwff7Mc5GFhINSB.jpg
3198,Red Riding: In the Year of Our Lord 1974,291081,https://image.tmdb.org/t/p/original/1MGUwUFkcAKawdsT2q88Sdo2vv6.jpg
3199,La Fille du RER,41248,https://image.tmdb.org/t/p/original/nche2N7Iu9hGJJcAKLpmeW4bEcM.jpg
3200,Veronika Decides to Die,25968,https://image.tmdb.org/t/p/original/oUo9CNSKz4ELnxAh4l3BPcXcxKq.jpg
3201,Crocodile Dundee,9671,https://image.tmdb.org/t/p/original/pduPduL1ub5kok3lPYT15ryC9L6.jpg
3202,"Ultramarines: A Warhammer 40,000 Movie",52010,https://image.tmdb.org/t/p/original/eFfkF9uVqOhAxIKEyNCHfRRdGgj.jpg
3203,The I Inside,11588,https://image.tmdb.org/t/p/original/vGPMhj7Pp2bxubm7JsCyTB3Tg6Z.jpg
3204,Beneath Hill 60,43418,https://image.tmdb.org/t/p/original/5eHtQC77fmILNRd7FG70SOdChs8.jpg
3205,Polisse,71157,https://image.tmdb.org/t/p/original/cKs3XSFVbFeZcH3g9geAvr6ApOl.jpg
3206,Awake,13483,https://image.tmdb.org/t/p/original/jIPIxaBcppLLkygko7tV5yuTIs1.jpg
3207,Star Wars: Clone Wars (Volume 1),333355,https://image.tmdb.org/t/p/original/dfXB4ZKQRINdrY3xXMyLUJrXQai.jpg
3208,Skin Trade,327833,https://image.tmdb.org/t/p/original/zwao2YMsqf27IzNEtDNWSe0W9jH.jpg
3209,The Lost Boys,1547,https://encrypted-tbn0.gstatic.com/images?q=tbn:ANd9GcRoWcWg0E8pSjBNi0TtiZsqu8uD2PAr_K11DA&s
3210,Crazy Heart,25196,https://image.tmdb.org/t/p/original/nH1lvyQvfbL5GKScTtT6zkIvDEn.jpg
3211,The Rose,16323,https://image.tmdb.org/t/p/original/a2alQCtAZwM4pN0LP8nw9mBT4hH.jpg
3212,Baggage Claim,175528,https://image.tmdb.org/t/p/original/qSKvf23QuEJGt8MMrKvoFk85TZo.jpg
3213,Barbarella,8069,https://image.tmdb.org/t/p/original/dIAhaCiP7CiyVqZdIkc5UiFEjzX.jpg
3214,Håkon Håkonsen,71805,https://image.tmdb.org/t/p/original/b1taxayvlKB6Qiera4O6gM8SocT.jpg
3215,Election,9451,https://image.tmdb.org/t/p/original/5gPOFU6IPvDrx50XaPCK4twNw79.jpg
3216,The Namesake,16727,https://image.tmdb.org/t/p/original/hxrf7HDwh0nIX4xXE06BdpEKW1V.jpg
3217,The DUFF,272693,https://image.tmdb.org/t/p/original/aHzdMSKwq9ucnP2yXl5zYIfKgGl.jpg
3218,Glitter,10696,https://image.tmdb.org/t/p/original/388ru0R7fnBFPaVuJe4caRGGh54.jpg
3219,The Haunting in Connecticut 2: Ghosts of Georgia,150202,https://image.tmdb.org/t/p/original/fBuk4jsOUjjjxCqS6rPgMKi1RB0.jpg
3220,실미도,19644,https://image.tmdb.org/t/p/original/jwE6cVIoJ4JP397yMGfBBpHMJmF.jpg
3221,Bright Star,29963,https://image.tmdb.org/t/p/original/csN6y4nq2kaBiegHaGw0DGp4plf.jpg
3222,My Name Is Khan,26022,https://image.tmdb.org/t/p/original/5Y36lCiNyyV71mjq6LavgiggbhT.jpg
3223,All Is Lost,152747,https://image.tmdb.org/t/p/original/9cVA4oX2xHgiglv6hemxwAaofsq.jpg
3224,Limbo,62676,https://image.tmdb.org/t/p/original/1ytI3G3dT6j888ySOwYhpJHz8ED.jpg
3225,Namastey London,20360,https://image.tmdb.org/t/p/original/dO0F66lM1jehIH5bsooKSbdz7xG.jpg
3226,The Wind That Shakes the Barley,1116,https://image.tmdb.org/t/p/original/9XquDdOGrlC0EAbPoOXALqS2dDh.jpg
3227,Yeh Jawaani Hai Deewani,185008,https://image.tmdb.org/t/p/original/em39H81XLCDgXsI7V4IcBZseEO6.jpg
3228,Quo Vadis,11620,https://image.tmdb.org/t/p/original/dqF1dattMNiwGjPSphu2VSi558Q.jpg
3229,Repo! The Genetic Opera,14353,https://image.tmdb.org/t/p/original/2G5LczM1clXu3byEudWk9w0KDYD.jpg
3230,Kurtlar vadisi - Irak,11818,https://image.tmdb.org/t/p/original/s7NOQ6u6elKB7KiZVd3uUY3igW0.jpg
3231,Pulp Fiction,680,https://image.tmdb.org/t/p/original/vQWk5YBFWF4bZaofAbv0tShwBvQ.jpg
3232,The Muppet Movie,11176,https://image.tmdb.org/t/p/original/8LUjnIW5ph6pHoXDE3Zg4iVi6BV.jpg
3233,Nightcrawler,242582,https://image.tmdb.org/t/p/original/j9HrX8f7GbZQm1BrBiR40uFQZSb.jpg
3234,Club Dread,11217,https://image.tmdb.org/t/p/original/9slWyVotwxZNthMcKoeFaK3tgNz.jpg
3235,The Sound of Music,15121,https://image.tmdb.org/t/p/original/c6CrUZypAsBCaRWX0M3RVRDbhNS.jpg
3236,Splash,2619,https://image.tmdb.org/t/p/original/7FutTsMWBwVhjk1Ujf1wtndUVZh.jpg
3237,Little Miss Sunshine,773,https://image.tmdb.org/t/p/original/wKn7AJw730emlmzLSmJtzquwaeW.jpg
3238,Stand by Me,235,https://image.tmdb.org/t/p/original/vz0w9BSehcqjDcJOjRaCk7fgJe7.jpg
3239,28 Days Later,170,https://image.tmdb.org/t/p/original/sQckQRt17VaWbo39GIu0TMOiszq.jpg
3240,You Got Served,14114,https://image.tmdb.org/t/p/original/nFwT3QisWFQa3Wlfnw1gC458xJn.jpg
3241,Escape from Alcatraz,10734,https://image.tmdb.org/t/p/original/uORr2GXQnyqgBOg6tVsRCJD2qxc.jpg
3242,Brown Sugar,37964,https://image.tmdb.org/t/p/original/hKltNdfxKg28mOgFwizNyhIFkJ2.jpg
3243,A Thin Line Between Love and Hate,28121,https://image.tmdb.org/t/p/original/wo9AGi5LlFXZUj8MDPq3eKCUMpd.jpg
3244,50/50,40807,https://image.tmdb.org/t/p/original/8f9tM9JVB4ETBhxlQcXIjLckArl.jpg
3245,Shutter,10885,https://image.tmdb.org/t/p/original/bft6OyITsxSZuTxu2oJipApLran.jpg
3246,That Awkward Moment,225565,https://image.tmdb.org/t/p/original/tjDAdesZNYFyRNnZvLT0osc7S2t.jpg
3247,Modern Problems,16471,https://image.tmdb.org/t/p/original/aH21h3sMMN3r6d9I8VSBw28fW7V.jpg
3248,Kicks,385736,https://image.tmdb.org/t/p/original/5lW7mFOQW5wPlCIT0gUuYbhNtVP.jpg
3249,Much Ado About Nothing,11971,https://image.tmdb.org/t/p/original/tvltGP6vYOkHdURag0jPSjhPUAV.jpg
3250,On Her Majesty's Secret Service,668,https://image.tmdb.org/t/p/original/tXlAyD3gduY9SJVIFnLAVCrXuAP.jpg
3251,New Nightmare,11596,https://image.tmdb.org/t/p/original/eN3UZUYapJ2CJCD9dN0LUZLouKa.jpg
3252,Drive Me Crazy,14429,https://image.tmdb.org/t/p/original/qq2jbAOw5yWTaSPJIRHxvTf0bND.jpg
3253,Akeelah and the Bee,13751,https://image.tmdb.org/t/p/original/tLejxaLJu8Qh5F2VKacWniMSZ3v.jpg
3254,Half Baked,9490,https://image.tmdb.org/t/p/original/14TmEac4bquNaEld9t0uIliYoKE.jpg
3255,New in Town,14536,https://image.tmdb.org/t/p/original/OMCGtMmmBE9NwmawLGZlaErdLk.jpg
3256,American Psycho,1359,https://image.tmdb.org/t/p/original/9uGHEgsiUXjCNq8wdq4r49YL8A1.jpg
3257,The Good Girl,9962,https://image.tmdb.org/t/p/original/jpRumFobwgPzxj5YH33Wswnxdam.jpg
3258,Bon Cop Bad Cop,15049,https://image.tmdb.org/t/p/original/kidOf2K4pEM0Llsm8aIRcANTcSF.jpg
3259,The Boondock Saints II: All Saints Day,22821,https://image.tmdb.org/t/p/original/jFHtFInp3tYIBxkwWMfNJf1RBZW.jpg
3260,The City of Your Final Destination,42819,https://image.tmdb.org/t/p/original/cZnLXkvocKkB2FVBNycouH5AopG.jpg
3261,Enough Said,209263,https://image.tmdb.org/t/p/original/p5naJg0K8xF0h0HWEfiz6rc9lC4.jpg
3262,Easy A,37735,https://image.tmdb.org/t/p/original/v5f1qO6NJnxWgONgkYg21TW39DT.jpg
3263,The Inkwell,59930,https://image.tmdb.org/t/p/original/b5qUq9l6ci9KzzAqYhpdxzjY7qi.jpg
3264,Shadow of the Vampire,10873,https://image.tmdb.org/t/p/original/nWm7DWi8X4D87XkM5qr9BhTJHq6.jpg
3265,Prom,51588,https://image.tmdb.org/t/p/original/pOYSCjYylOsEPkql3m9gcV1jycR.jpg
3266,The Pallbearer,23570,https://image.tmdb.org/t/p/original/zwHI9B3kcj3WqZoE2LaLDi6ZeAO.jpg
3267,Held Up,19489,https://image.tmdb.org/t/p/original/95AseMukZsjgDXC9NtgVQESAVgY.jpg
3268,Woman on Top,14629,https://image.tmdb.org/t/p/original/7SGpW51PI09uG8WxKQn8K5PEJDn.jpg
3269,Howards End,8293,https://image.tmdb.org/t/p/original/1009nhfj28VhhQnVadtjkOacduX.jpg
3270,Anomalisa,291270,https://image.tmdb.org/t/p/original/4DJ1zNr4Y6q7zQ27goEYla46VdO.jpg
3271,Another Year,44009,https://image.tmdb.org/t/p/original/zrkQcAatfBox5x9KZjaYGnKoqu6.jpg
3272,8 femmes,1958,https://image.tmdb.org/t/p/original/bJu4Gm7NQb2woPiIovrPD5jNWzf.jpg
3273,Showdown in Little Tokyo,13154,https://image.tmdb.org/t/p/original/phwuQrs557cJkRhoS1TVWsslnJK.jpg
3274,Clay Pigeons,26618,https://image.tmdb.org/t/p/original/A6ebyxABDaLvOBaS6Q6MWCdOsY5.jpg
3275,It's Kind of a Funny Story,43923,https://image.tmdb.org/t/p/original/hQE4q8Szeaae4davgB7o8MTLmwr.jpg
3276,Made in Dagenham,46138,https://image.tmdb.org/t/p/original/vzLlaNmzzhYFLAOn6ELiCUKubl9.jpg
3277,And When Did You Last See Your Father?,45791,https://image.tmdb.org/t/p/original/fWzhqUMGva7sKENr4L6M1RC7BlA.jpg
3278,Prefontaine,26306,https://image.tmdb.org/t/p/original/3jtG9mgfiZRTRQf19BiUAY6QPN3.jpg
3279,The Wicked Lady,110683,https://image.tmdb.org/t/p/original/wpePR1PBAT3gQDsmDZQtB3q6ZLi.jpg
3280,The Secret of Kells,26963,https://image.tmdb.org/t/p/original/vBymyj7QsXiW4TICD2JC5pAuBHO.jpg
3281,Begin Again,198277,https://image.tmdb.org/t/p/original/qx4HXHXt528hS4rwePZbZo20xqZ.jpg
3282,Down in the Valley,7870,https://image.tmdb.org/t/p/original/pyA58Uz007w2uYkeIqcR96oiGzl.jpg
3283,Brooklyn Rules,13072,https://image.tmdb.org/t/p/original/jTmCII6EnK1h0nLPusWvQnp9QTa.jpg
3284,Restless,153397,https://encrypted-tbn0.gstatic.com/images?q=tbn:ANd9GcRoWcWg0E8pSjBNi0TtiZsqu8uD2PAr_K11DA&s
3285,The Singing Detective,30141,https://image.tmdb.org/t/p/original/bjkLSHpV294HIllRpHKWkNICs3N.jpg
3286,The Land Girls,17044,https://image.tmdb.org/t/p/original/tfdj6Wx8vCDNZbzmIRR2hDn5mAr.jpg
3287,Fido,10288,https://image.tmdb.org/t/p/original/hKUUn6f4Hxj5iqQKMlQzRqbg2yT.jpg
3288,The Wendell Baker Story,12183,https://image.tmdb.org/t/p/original/sdBiC4J0QMDOoPzX4eudGnTM0MJ.jpg
3289,Wild Target,44147,https://image.tmdb.org/t/p/original/ejKD5DQ7jouzEkz1fx5Fr8li2ZA.jpg
3290,Pathology,12192,https://image.tmdb.org/t/p/original/tK9DvIwAuX5AExgEZqLCnf7qy5k.jpg
3291,Wuthering Heights,36597,https://encrypted-tbn0.gstatic.com/images?q=tbn:ANd9GcRoWcWg0E8pSjBNi0TtiZsqu8uD2PAr_K11DA&s
3292,10th & Wolf,13197,https://image.tmdb.org/t/p/original/2OBZth9rnSyMzZR8M0WwGj8ivDG.jpg
3293,Dear Wendy,10913,https://image.tmdb.org/t/p/original/2IF19Tcx5D9d8iUWa0PxFhO6MYZ.jpg
3294,Aloft,251321,https://image.tmdb.org/t/p/original/fxwJywCV6XLAFi0FcqVyduw0Fu.jpg
3295,アキラ,149,https://image.tmdb.org/t/p/original/neZ0ykEsPqxamsX6o5QNUFILQrz.jpg
3296,The Death and Life of Bobby Z,10425,https://image.tmdb.org/t/p/original/sgIthxRLUBTbaetVXvXwQEmbfn2.jpg
3297,Maurice Richard,49081,https://image.tmdb.org/t/p/original/uH55rXL4ad8TEm0vtlsFtXhZwKv.jpg
3298,Swelter,256687,https://image.tmdb.org/t/p/original/3DJ8KOT2t8y8FiLn3hrMyPT9MyS.jpg
3299,非常幸运,220488,https://image.tmdb.org/t/p/original/szLwgjHmmrDdFfDVnFnboNoex8v.jpg
3300,Imagine Me & You,1544,https://image.tmdb.org/t/p/original/oF0wgVKumU52W7nBR6oHJb5FqSa.jpg
3301,Mr. Church,374461,https://image.tmdb.org/t/p/original/lZSsoVeBi9wTI8fyWz1DRkxoWl1.jpg
3302,Swimming Pool,302,https://image.tmdb.org/t/p/original/bwBAUlEXhUKmegdguoFj9grF9t3.jpg
3303,Green Street Hooligans: Underground,182873,https://image.tmdb.org/t/p/original/jtlDK3r8G282Vi0cGMxLVJJkhke.jpg
3304,The Blood of Heroes,21512,https://image.tmdb.org/t/p/original/hWIDNOsF1yeGTR7jG42VzS1AHmI.jpg
3305,Code of Honor,389425,https://image.tmdb.org/t/p/original/zoNvd5DNrQwGjc9lVit7rJMYFQY.jpg
3306,Driving Miss Daisy,403,https://image.tmdb.org/t/p/original/iaCzvcY42HihFxQBTZCTKMpsI0P.jpg
3307,Soul Food,29461,https://image.tmdb.org/t/p/original/97t6YjxjTpwQ439MJcPiPDrMAg0.jpg
3308,紅番區,33542,https://image.tmdb.org/t/p/original/1nAfchiXHQB3iyhK8fCJJEnNs5A.jpg
3309,Loin des hommes,283708,https://image.tmdb.org/t/p/original/wREvEplB0wUf9eGLVTWpCR4Dz8o.jpg
3310,Thank You for Smoking,9388,https://image.tmdb.org/t/p/original/cJpeM7U36diFinieBWNLVi0FlQz.jpg
3311,Hostel: Part II,1691,https://image.tmdb.org/t/p/original/qB20aiY8Ah3pQikkBxm3j7jQVc8.jpg
3312,An Education,24684,https://image.tmdb.org/t/p/original/29kSosB0jW2ThaJmX6ZY1UQ1pHA.jpg
3313,Shopgirl,2610,https://image.tmdb.org/t/p/original/mEpnYHytC1MuLECf4N0g4Xql2t8.jpg
3314,The Hotel New Hampshire,11308,https://image.tmdb.org/t/p/original/v7TqQFCErYzTpIAvmx3m1VOdumv.jpg
3315,Narc,11022,https://image.tmdb.org/t/p/original/uGHFyVdMQKvIXlsLAoXa5nOUGF.jpg
3316,Men with Brooms,34341,https://image.tmdb.org/t/p/original/qWWvljKlmYwf1XtlJ0vu0u66xpi.jpg
3317,Witless Protection,15365,https://image.tmdb.org/t/p/original/10orBrLq40Tsk8eFlpea5gK78t3.jpg
3318,The Work and the Glory,36046,https://image.tmdb.org/t/p/original/b5Y3hNp7jY2rVea9EP0iCToNMlO.jpg
3319,Extract,12569,https://image.tmdb.org/t/p/original/cjen0vxjybwItQPH3NNCJuME2MY.jpg
3320,Masked and Anonymous,24356,https://image.tmdb.org/t/p/original/zKxB2Ivm1717Hbnuvvy2lONC4R1.jpg
3321,Betty Fisher et autres histoires,55903,https://image.tmdb.org/t/p/original/ebo9Tgo8IYMmV7evHKEPXeKa7PQ.jpg
3322,Code 46,2577,https://image.tmdb.org/t/p/original/ijayvLrCAwOVizi9OY8LZWq5SRW.jpg
3323,Outside Bet,103903,https://image.tmdb.org/t/p/original/3VROYF5j0AjqI8hAtcBAYcQzHA6.jpg
3324,Albert Nobbs,73873,https://image.tmdb.org/t/p/original/68fdlvmqTWGC2y5nGXQE5RfgNB5.jpg
3325,Black November,312113,https://image.tmdb.org/t/p/original/onBy6iJt3BX8MSc7GjzIRgE07oV.jpg
3326,Ta Ra Rum Pum,14165,https://image.tmdb.org/t/p/original/2KfeenEAF4rgGW6wX9o6ejzL53G.jpg
3327,Persepolis,2011,https://image.tmdb.org/t/p/original/aU8i2QAdTyRR1nYb36Gq51xXP8p.jpg
3328,The Hole,45650,https://image.tmdb.org/t/p/original/tQMxsrsVtpB2D2n01nUqgOMmSWD.jpg
3329,Die Welle,7735,https://image.tmdb.org/t/p/original/vtJ4u0fpTZhibxAJHzXtcdCxhsL.jpg
3330,The Neon Demon,301365,https://image.tmdb.org/t/p/original/d93h9dHIez9zRg4ooG6o1ZiQ776.jpg
3331,Harry Brown,25941,https://image.tmdb.org/t/p/original/lk9qVzvPHuL2vX9ixNut9n0KfYD.jpg
3332,The Omega Code,29064,https://image.tmdb.org/t/p/original/hIQyTUQ2b7U8YufIrDPtZpVwg9S.jpg
3333,Juno,7326,https://image.tmdb.org/t/p/original/jNIn2tVhpvFD6P9IojldI3mNYcn.jpg
3334,Pound of Flesh,326284,https://image.tmdb.org/t/p/original/lLxgyIuENnjPLeNIoqwIg3XBwJ1.jpg
3335,Diamonds Are Forever,681,https://image.tmdb.org/t/p/original/uajiHcFX5sOhYB2tBuWkmizbtuU.jpg
3336,The Godfather,238,https://image.tmdb.org/t/p/original/3bhkrj58Vtu7enYsRolD1fZdja1.jpg
3337,Flashdance,535,https://image.tmdb.org/t/p/original/ziiy6ORt8BlxWFXskBChBMInvDA.jpg
3338,(500) Days of Summer,19913,https://image.tmdb.org/t/p/original/qXAuQ9hF30sQRsXf40OfRVl0MJZ.jpg
3339,The Piano,713,https://image.tmdb.org/t/p/original/rx8RKXn8OtuS6lqloYsjyrGOUp4.jpg
3340,Magic Mike,77930,https://image.tmdb.org/t/p/original/cfRv1INLSSumjvxAqEGOP6b0Aw1.jpg
3341,Darkness Falls,10727,https://image.tmdb.org/t/p/original/qoceKsM15yL5Tmyuhkdl7vM5Vi4.jpg
3342,Live and Let Die,253,https://image.tmdb.org/t/p/original/39qkrjqMZs6utwNmihVImC3ghas.jpg
3343,My Dog Skip,17908,https://image.tmdb.org/t/p/original/1tX25tDnhgrgUhAoJ4RzGpOoYXh.jpg
3344,"Definitely, Maybe",8390,https://image.tmdb.org/t/p/original/4FuN9nBJ7ttO4BUopJCpT6B0yhH.jpg
3345,Jumping the Broom,57119,https://image.tmdb.org/t/p/original/60OXQUsWfAdSimqwAAJ5EvBxTre.jpg
3346,"Good Night, and Good Luck.",3291,https://image.tmdb.org/t/p/original/w4QSEno2xxHqMtSr3mPUhJpO3F2.jpg
3347,Capote,398,https://image.tmdb.org/t/p/original/tzsxkZMnJvozpHQEl1KzO8KwWu.jpg
3348,Desperado,8068,https://image.tmdb.org/t/p/original/e3gwpBeXpvGZsxUya9zNym5QXrw.jpg
3349,Logan's Run,10803,https://image.tmdb.org/t/p/original/v3ILN8ROPcrNRJ8S7GH24JyihH8.jpg
3350,The Man with the Golden Gun,682,https://image.tmdb.org/t/p/original/xVkbKwGnBVNQ122GN5bCTMyPbWz.jpg
3351,Action Jackson,10117,https://image.tmdb.org/t/p/original/vWBGkHT91My4T2iV3xgynpBTKtQ.jpg
3352,The Descent,9392,https://image.tmdb.org/t/p/original/mxFPI4KYBk5ri9cPteIS8jiDFgj.jpg
3353,Michael Jordan to the Max,24977,https://image.tmdb.org/t/p/original/z20ChkIl7zq7yOAIIJkDuUBV3x0.jpg
3354,Devil's Due,79316,https://image.tmdb.org/t/p/original/56zW5kl6b10UNIXpQZTUXV2iygC.jpg
3355,Flirting with Disaster,2074,https://image.tmdb.org/t/p/original/yfuYLKrOcSlzydbtwdHeAWddKO7.jpg
3356,The Devil's Rejects,1696,https://image.tmdb.org/t/p/original/dULfaZD8KPKUkjhgEScUGAW8WCJ.jpg
3357,Dope,308639,https://image.tmdb.org/t/p/original/n6u00imN7AX2NiyWUc5kTgHXmEf.jpg
3358,In Too Deep,22314,https://image.tmdb.org/t/p/original/mYteXffai9mmShyGCa4nPhfGCLQ.jpg
3359,House of 1000 Corpses,2662,https://image.tmdb.org/t/p/original/29c2qgXmSREosLBevOILEuMWzQC.jpg
3360,Alien Zone,77156,https://image.tmdb.org/t/p/original/77aIcIiYidhg4YFlNEXChaBk9R6.jpg
3361,A Serious Man,12573,https://image.tmdb.org/t/p/original/8Zjk3cvjkDa643NHXtdPu30gnyY.jpg
3362,Get Low,44718,https://image.tmdb.org/t/p/original/6uUaQ5zn9neK1VLqO2sGClbJrb9.jpg
3363,Warlock,11342,https://image.tmdb.org/t/p/original/1QHjr4lBd3vBN4kEqdDFlnJbsa7.jpg
3364,Beyond the Lights,241771,https://image.tmdb.org/t/p/original/5Di9UXTa2bDec68WOFcZzgB1ot3.jpg
3365,A Single Man,34653,https://image.tmdb.org/t/p/original/AvqTb66bS1i1NjlPC76zvxo0taT.jpg
3366,The Last Temptation of Christ,11051,https://image.tmdb.org/t/p/original/7L4qwrC1mipZXJfU5oRgQWChLv1.jpg
3367,Outside Providence,14578,https://image.tmdb.org/t/p/original/o3e67GugVHkEOhl5TwjWAVVxtFf.jpg
3368,Bride & Prejudice,57825,https://image.tmdb.org/t/p/original/yqqo00GZqyG0dijKCqBbdQLUvht.jpg
3369,Rabbit-Proof Fence,9555,https://image.tmdb.org/t/p/original/vs8ATIRGEEYpcByrNtJ1WyI3LeD.jpg
3370,Who's Your Caddy?,15581,https://image.tmdb.org/t/p/original/5wBBy7y5woqSICjbQekzZjwJBe7.jpg
3371,Split Second,13006,https://image.tmdb.org/t/p/original/c111nTTNsArsUqJx662hPrFymyz.jpg
3372,The Other Side of Heaven,16651,https://image.tmdb.org/t/p/original/1jHSJULA0nEDfVeewlLvppsjve8.jpg
3373,Veer-Zaara,4251,https://image.tmdb.org/t/p/original/j267YqLvKAHeyykTflxzpgVgviQ.jpg
3374,Redbelt,12400,https://image.tmdb.org/t/p/original/tjLKe0QCGgSrvEd41Z4q2QpSoJF.jpg
3375,Cyrus,39053,https://image.tmdb.org/t/p/original/qkJ0rB1qf62TJ6thxEVRT7Eccqn.jpg
3376,A Dog Of Flanders,104896,https://image.tmdb.org/t/p/original/w65gcoD1zwmaPLM0gM8s9eynGcj.jpg
3377,Auto Focus,14112,https://image.tmdb.org/t/p/original/rgXN6YTZ0qvgVyZhojEtUwJDH0B.jpg
3378,Factory Girl,12271,https://image.tmdb.org/t/p/original/A5Sq71054VptVUQYGdIjjim4hFn.jpg
3379,We Need to Talk About Kevin,71859,https://image.tmdb.org/t/p/original/auAmiRmbBQ5QIYGpWgcGBoBQY3b.jpg
3380,The Christmas Candle,226354,https://image.tmdb.org/t/p/original/7PpESUrwE2du9tWTjbQia4j9IKs.jpg
3381,The Mighty Macs,48620,https://image.tmdb.org/t/p/original/frNp8Rmkr8wBDyKrZ89gYvrtxBa.jpg
3382,Losin' It,33676,https://image.tmdb.org/t/p/original/7BQP8GzBW4ZZxqcc5tDH68yNeAI.jpg
3383,Mother and Child,37080,https://image.tmdb.org/t/p/original/k5CjH4scjbBlGWLdZyUS7NEZf16.jpg
3384,March or Die,25388,https://image.tmdb.org/t/p/original/jW21NrRlcrA4kucmD9hfnPbQEvL.jpg
3385,Les visiteurs,11687,https://image.tmdb.org/t/p/original/iBsuPhz0pwWgtOhe4ysqFjwNk3t.jpg
3386,Somewhere,39210,https://image.tmdb.org/t/p/original/zOf1sdfF4eH3CVRCpmRO5ugVGdo.jpg
3387,I Hope They Serve Beer in Hell,30128,https://image.tmdb.org/t/p/original/oBBood3JcOu0LQstdL9FeqCxMwa.jpg
3388,Chairman of the Board,31535,https://image.tmdb.org/t/p/original/1eGB1EjaUjGbiuPBAqndlO3khyn.jpg
3389,Hesher,44835,https://image.tmdb.org/t/p/original/dD03azf3h1hUHVzVkkqJs96Kkay.jpg
3390,Dom Hemingway,192134,https://image.tmdb.org/t/p/original/QQqo4TybGj5WpJvqVdkpJdoqWk.jpg
3391,Gerry,1956,https://image.tmdb.org/t/p/original/jzuPVECdfWuHoBIqQEFajbSwwpa.jpg
3392,The Heart of Me,24985,https://image.tmdb.org/t/p/original/cseB13FRrXz1sxeEtPX4u4qlDga.jpg
3393,Freeheld,306745,https://image.tmdb.org/t/p/original/794PfYjTz3yxMRdTRmdFYt6w6ff.jpg
3394,The Extra Man,47088,https://image.tmdb.org/t/p/original/7RhiXoCm6yEflHQvYtoLeAkDhaU.jpg
3395,Трудно быть богом,110402,https://image.tmdb.org/t/p/original/lmqx4l6JVKwtAe7CCoyzwTVcOpy.jpg
3396,Ca$h,27004,https://image.tmdb.org/t/p/original/e5B7nG6xREL6lNnS34ZoAvXbB9l.jpg
3397,Wah-Wah,15013,https://image.tmdb.org/t/p/original/9skFmG5gbmxfvDyAN5h8dSHtppT.jpg
3398,The Boondock Saints,8374,https://image.tmdb.org/t/p/original/wtLUmkWg41xFLpvmUWAN1mm65f6.jpg
3399,Z 風暴,277519,https://image.tmdb.org/t/p/original/fAHPfitc4deaquh9mg2oIsMcMVV.jpg
3400,Twixt,78381,https://image.tmdb.org/t/p/original/lXSVGjlVCagoQ2oDCQWJyeAeCvX.jpg
3401,Снежная королева,164372,https://image.tmdb.org/t/p/original/siQpJAT2IQjN218hxJXvrHePtNS.jpg
3402,Alpha and Omega: The Legend of the Saw Tooth Cave,294512,https://image.tmdb.org/t/p/original/rUgutlhSQabaKO5DPBE2Co8mlyF.jpg
3403,Pale Rider,8879,https://image.tmdb.org/t/p/original/kpAN5WnDEVWYzMDPkXHTbrDQuak.jpg
3404,Stargate: The Ark of Truth,13001,https://image.tmdb.org/t/p/original/kIqsCdZBmKYuPwaDnrFYzK1gqlM.jpg
3405,Dazed and Confused,9571,https://image.tmdb.org/t/p/original/msG9awbLhVZwv1Eh9Ge7SofMexW.jpg
3406,High School Musical 2,13649,https://image.tmdb.org/t/p/original/la2kiVWDm2vuB4APZDgCCmuBh4K.jpg
3407,Two Lovers and a Bear,325373,https://image.tmdb.org/t/p/original/q8anLL9m6ON7kTJ4Pbcuofls4gQ.jpg
3408,Criminal Activities,334527,https://image.tmdb.org/t/p/original/tMygAfhHPUtvAADosZDH9XMQxuN.jpg
3409,Aimee & Jaguar,2211,https://image.tmdb.org/t/p/original/vd6c4PliEGXgtWTzq1iFxnXIE5H.jpg
3410,The Chumscrubber,13919,https://image.tmdb.org/t/p/original/uMb26IjDgdq8p4H3XNO1CAsjT4m.jpg
3411,Shade,14576,https://image.tmdb.org/t/p/original/2uK217wp1SSFgbIcwDaPrzlLd7X.jpg
3412,House at the End of the Street,82505,https://image.tmdb.org/t/p/original/9GqcpWNNVXRTxY1u24VmlZuO5ht.jpg
3413,Incendies,46738,https://image.tmdb.org/t/p/original/yH6DAQVgbyj72S66gN4WWVoTjuf.jpg
3414,Ricordati di me,38970,https://image.tmdb.org/t/p/original/3GcAGqAtaSfD8V2ULGV1v6CROPj.jpg
3415,Perrier’s Bounty,41009,https://image.tmdb.org/t/p/original/hWG4xu8CVN7tySwiJh4dPKibiEj.jpg
3416,Tropa de Elite,7347,https://image.tmdb.org/t/p/original/lwIXz785N2fXi8hsBr1IXciFlkM.jpg
3417,Annabelle,250546,https://image.tmdb.org/t/p/original/yLsuU2P2SpDYFwtZQ7dtfVAf6TE.jpg
3418,Bran Nue Dae,38415,https://image.tmdb.org/t/p/original/7tB7mr0OqHsgATo58PAtSNJpaP7.jpg
3419,Boyz n the Hood,650,https://image.tmdb.org/t/p/original/v4ox4aSCNT5vyLXl4Q71JiWwCXW.jpg
3420,La Bamba,16620,https://image.tmdb.org/t/p/original/6Znulqtc7cdqlUC69HGf26Ef5fi.jpg
3421,The Four Seasons,25113,https://image.tmdb.org/t/p/original/7xKPkL7kHdgq3YI08tXISCQwRJH.jpg
3422,Dressed to Kill,11033,https://image.tmdb.org/t/p/original/oy1m5dd44foNrxV8U9l6Walx82V.jpg
3423,The Adventures of Huck Finn,34723,https://image.tmdb.org/t/p/original/8VpQZ43hdaTUmkMoe2CnED1Y2fS.jpg
3424,Go,9430,https://image.tmdb.org/t/p/original/kP0OOAa4GTZSUPW8fgPbk1OmKEW.jpg
3425,Friends with Money,8998,https://image.tmdb.org/t/p/original/hJmfZ1b6ZzT4bORo4f2FyWbkgAx.jpg
3426,The Andromeda Strain,10514,https://image.tmdb.org/t/p/original/b03aylMjJ2PBUu44hhOzt0X2I4t.jpg
3427,Bats,10496,https://image.tmdb.org/t/p/original/pZRcf2BwcxWg594X6XT2jkR2qdb.jpg
3428,Nirgendwo in Afrika,1591,https://image.tmdb.org/t/p/original/2ED1GaTKhHielGYa1giBsxfoacp.jpg
3429,Shame,76025,https://image.tmdb.org/t/p/original/cAWLz9kFv4xc6IsEXTj2DrcqD55.jpg
3430,Layer Cake,4836,https://image.tmdb.org/t/p/original/rDOxXteqxALBaSa3V3zTjGJuyWB.jpg
3431,The Work and the Glory II: American Zion,14631,https://image.tmdb.org/t/p/original/uXGtTR0VhmP1CcJRbBMn07gHc7d.jpg
3432,The East,87499,https://image.tmdb.org/t/p/original/nGoFIX5WmthZZ3eLBd0QwDSkWNy.jpg
3433,A Home at the End of the World,18923,https://image.tmdb.org/t/p/original/o1YC1V30LR0LJzGR6JtbzpDSTYy.jpg
3434,Aberdeen,26665,https://image.tmdb.org/t/p/original/yjDBeAxrXXd4kt4DpTbjHsmtukk.jpg
3435,The Messenger,28089,https://image.tmdb.org/t/p/original/p4fJyH7mMbasiFYwiw2nE7D6pMY.jpg
3436,Tracker,62255,https://image.tmdb.org/t/p/original/lPPLs4SFP4Pk3SCJbQfhp9vtbL8.jpg
3437,Control,5708,https://image.tmdb.org/t/p/original/jOJiaOhwrDdwqTRZvZOhbndqHGp.jpg
3438,The Terminator,218,https://image.tmdb.org/t/p/original/hzXSE66v6KthZ8nPoLZmsi2G05j.jpg
3439,"Good bye, Lenin!",338,https://image.tmdb.org/t/p/original/uHk1oGEbnvQGLnyiiYxTslZLoog.jpg
3440,The Damned United,21641,https://image.tmdb.org/t/p/original/ftlbCma6QoRiZgiflVmLuPKHrkq.jpg
3441,The Return of the Living Dead,10925,https://image.tmdb.org/t/p/original/qVTFBabgnWz4jZ8wOQRYZI5EITF.jpg
3442,Mallrats,2293,https://image.tmdb.org/t/p/original/6K0cH551dIrBcD33kZtyugqmdJU.jpg
3443,Grease,621,https://image.tmdb.org/t/p/original/czVhhAaSBFpakur7U8pOIDV9NUG.jpg
3444,Platoon,792,https://image.tmdb.org/t/p/original/m3mmFkPQKvPZq5exmh0bDuXlD9T.jpg
3445,Fahrenheit 9/11,1777,https://image.tmdb.org/t/p/original/1WQgOCJj22zF7Bsr0pIBgGBr71q.jpg
3446,Butch Cassidy and the Sundance Kid,642,https://image.tmdb.org/t/p/original/gFmmykF1Ym3OGzENo50nZQaD1dx.jpg
3447,Mary Poppins,433,https://image.tmdb.org/t/p/original/ei8hhYCMfURfPOXKBnyl61be2iV.jpg
3448,Ordinary People,16619,https://image.tmdb.org/t/p/original/tJVETEDAKgD3fEh88SHOvMvOQue.jpg
3449,West Side Story,1725,https://image.tmdb.org/t/p/original/nzCMu6D5q60i2bVrIQ0DxlRSgCZ.jpg
3450,Caddyshack,11977,https://image.tmdb.org/t/p/original/lXnNz7zOXCsftMDVoU3VSo0Eioi.jpg
3451,The Brothers,20322,https://image.tmdb.org/t/p/original/342I0mOBCNTzx4ls4GvIagfzu2m.jpg
3452,The Wood,16158,https://image.tmdb.org/t/p/original/yEWMSJHkzMLgsTgsvR5TxuP3lBt.jpg
3453,The Usual Suspects,629,https://image.tmdb.org/t/p/original/99X2SgyFunJFXGAYnDv3sb9pnUD.jpg
3454,A Nightmare on Elm Street 5: The Dream Child,10160,https://image.tmdb.org/t/p/original/6Mrk5SK017PjjOIokUbmX8Qkzf1.jpg
3455,National Lampoon’s Van Wilder,11452,https://image.tmdb.org/t/p/original/vXhrHZs0TlqxKBAkUvrVcNMKw7q.jpg
3456,The Wrestler,12163,https://image.tmdb.org/t/p/original/6OTR8dSoNGjWohJNo3UhIGd3Tj.jpg
3457,Duel in the Sun,32275,https://image.tmdb.org/t/p/original/dW479xuDWrcuFuxr7yfoReztlzF.jpg
3458,Best in Show,13785,https://image.tmdb.org/t/p/original/qkYBCMN26SxkQww4gLxUXQm5vr4.jpg
3459,Escape from New York,1103,https://image.tmdb.org/t/p/original/vH9llaphjAssRGi0k7e75tD40Ce.jpg
3460,School Daze,36739,https://image.tmdb.org/t/p/original/vnfjKHcmah7ReMxLNF18JMXFgSZ.jpg
3461,Daddy Day Camp,14144,https://image.tmdb.org/t/p/original/fhuhSVb3j8SShe6FhnVUAfSRg6h.jpg
3462,一個好人,10622,https://image.tmdb.org/t/p/original/wAAt2gvbkbeefzjd06GPfkdfUho.jpg
3463,A Mighty Wind,13370,https://image.tmdb.org/t/p/original/5wUYwAD75BxtJ0Mp4da6XzHIFex.jpg
3464,Mystic Pizza,11191,https://image.tmdb.org/t/p/original/q87sZMQKzQK5YtZY486heEPAJM1.jpg
3465,Sliding Doors,10215,https://image.tmdb.org/t/p/original/s8VOVTywXZIIHqdEjkCZziH0ebq.jpg
3466,Tales from the Hood,25066,https://image.tmdb.org/t/p/original/glPNCcI7V8zTTI3BG0iIUJJcwXN.jpg
3467,The Last King of Scotland,1523,https://image.tmdb.org/t/p/original/mTtgpH6UnHUtD8moRJUzfGLOZTj.jpg
3468,Halloween 5: The Revenge of Michael Myers,11361,https://image.tmdb.org/t/p/original/rYvP6yMXCIVHnkVtwGaAXFmpzkB.jpg
3469,Bernie,92591,https://image.tmdb.org/t/p/original/rW5CetooG545jpkPNpD4FjFAXfe.jpg
3470,Dolphins and Whales: Tribes of the Ocean,57612,https://image.tmdb.org/t/p/original/gvrzdrxr69ZdzjfMQ4evhujAGbF.jpg
3471,Pollock,12509,https://image.tmdb.org/t/p/original/azsBSw2zw2uNHiCjTnbe9TJVEDB.jpg
3472,200 Cigarettes,15256,https://image.tmdb.org/t/p/original/ssbx2Mk5ZCJWpXALuP2AdG0GFIT.jpg
3473,The Words,83686,https://image.tmdb.org/t/p/original/aJtPLZS7tlpiQl6pEr8H42K565x.jpg
3474,Casa De Mi Padre,80304,https://image.tmdb.org/t/p/original/kVCc7xwTAlckBofazrwIz8x1TXC.jpg
3475,City Island,28053,https://image.tmdb.org/t/p/original/t7LJY2LCcGRLP9E4QbwBkLpZ2W7.jpg
3476,The Guard,67913,https://image.tmdb.org/t/p/original/dtQiStID0le2EMTmJXupPRybARB.jpg
3477,College,13991,https://image.tmdb.org/t/p/original/e963mXIiuSwVyklsJxJ68mQ4CE.jpg
3478,The Virgin Suicides,1443,https://image.tmdb.org/t/p/original/1NCQtXPQnaHRjOZVmktA9BSM35F.jpg
3479,Little Voice,8545,https://image.tmdb.org/t/p/original/7VxdMxSa3BEAvGl5nLvsgpBwrZH.jpg
3480,Miss March,19556,https://image.tmdb.org/t/p/original/cWjaFmJ2pjMcWeKh00PJ3zOBMOq.jpg
3481,Wish I Was Here,231576,https://image.tmdb.org/t/p/original/hDDXIWLBS6rNPJS4tQvEXWxGXjK.jpg
3482,Simply Irresistible,16172,https://image.tmdb.org/t/p/original/zFsqqPQUz69wPaLBqQeiGbGiW7J.jpg
3483,Hedwig and the Angry Inch,13403,https://image.tmdb.org/t/p/original/jafIFAW8sHQkzWPGoMDR4892dFI.jpg
3484,Only the Strong,15797,https://image.tmdb.org/t/p/original/pPWV5rBhCgzlzhwkpdRG7a7UZqt.jpg
3485,Goddess of Love,347764,https://image.tmdb.org/t/p/original/5zrBskQtkPzthObgssDuUTG7hcd.jpg
3486,Shattered Glass,13537,https://image.tmdb.org/t/p/original/1KHHNkrf8t15sXXF9d9TGq1T9jv.jpg
3487,Novocaine,20794,https://image.tmdb.org/t/p/original/6ZVFepWKzYho4DLhyFVuRk7klZ1.jpg
3488,The Business of Strangers,31064,https://image.tmdb.org/t/p/original/5iVwXnV2fraxy6NYzxZ07jMWW0u.jpg
3489,The Wild Bunch,576,https://image.tmdb.org/t/p/original/8j9yEC3xjy1PJDSizIbaxcHaSph.jpg
3490,The Wackness,13990,https://image.tmdb.org/t/p/original/gmtlqHZs8YBXcpMw4BgA3SGJfg8.jpg
3491,The First Great Train Robbery,11583,https://image.tmdb.org/t/p/original/4LqLUNoCwoPQNmrRuDZa0zC3hT8.jpg
3492,Morvern Callar,18602,https://image.tmdb.org/t/p/original/mQqOG4w5xAlmtIxRUqodECYuJ5l.jpg
3493,Beastmaster 2: Through the Portal of Time,27549,https://image.tmdb.org/t/p/original/3bIxjt2uyyeinjU23k115YPhXe1.jpg
3494,The 5th Quarter,59728,https://image.tmdb.org/t/p/original/syFkrTRZ5aaHqia45cQbhLADkFB.jpg
3495,La fleur du mal,10930,https://image.tmdb.org/t/p/original/kbOV3t9rQMkLaARTkb4DumTdJdw.jpg
3496,The Greatest,32395,https://image.tmdb.org/t/p/original/7dNynUNdYSxeOpuJJNv3Fyk54NA.jpg
3497,Snow Flower and the Secret Fan,58882,https://image.tmdb.org/t/p/original/lhhlq19I9BjcfmGLZc7SzHQULo0.jpg
3498,Come Early Morning,7547,https://image.tmdb.org/t/p/original/5faIZQlDLIKEH8zLBf1oKrbHIXv.jpg
3499,Lucky Break,35944,https://image.tmdb.org/t/p/original/63JHVXD2bkPBdIFgprqXKu3k8bw.jpg
3500,Julia,42222,https://image.tmdb.org/t/p/original/qHtPzs9eVCilp88c1arq73gH6xk.jpg
3501,"Surfer, Dude",13827,https://image.tmdb.org/t/p/original/948AdP72iLQUjWvKp9r8981PT28.jpg
3502,Lake of Fire,44260,https://image.tmdb.org/t/p/original/uFdUv0neGCpaYLRJN45mnpc0pdR.jpg
3503,11:14,9282,https://image.tmdb.org/t/p/original/3TFB0Doe92l9Jgc5qtUnE6r9rqt.jpg
3504,Men of War,38940,https://image.tmdb.org/t/p/original/rrwG9foUMulWBI2Nk7s6Bcgwfim.jpg
3505,Don McKay,35689,https://image.tmdb.org/t/p/original/pkziSZ6vmwFnhybgBAM96Q6xKMr.jpg
3506,Deadfall,97614,https://image.tmdb.org/t/p/original/5ZM6uKhuEzWZD3xklmqKPuvq1Nj.jpg
3507,A Shine of Rainbows,37206,https://image.tmdb.org/t/p/original/9FWxI20tzm9LuP3KT9cbmp5YN6Q.jpg
3508,The Hit List,58626,https://image.tmdb.org/t/p/original/tR88diuLaMMdxl9rBVdAKERzIjo.jpg
3509,Emma,183894,https://encrypted-tbn0.gstatic.com/images?q=tbn:ANd9GcRoWcWg0E8pSjBNi0TtiZsqu8uD2PAr_K11DA&s
3510,Videodrome,837,https://image.tmdb.org/t/p/original/qqqkiZSU9EBGZ1KiDmfn07S7qvv.jpg
3511,L'Auberge espagnole,1555,https://image.tmdb.org/t/p/original/baDm4V3Dqx2hNh7WF1NvGrHGgqQ.jpg
3512,Song One,244783,https://image.tmdb.org/t/p/original/a6dSJIEMxZFvQ7XJy4sf9fR0p7f.jpg
3513,Oorlogswinter,16564,https://image.tmdb.org/t/p/original/pTZY4fWGh4noXdPXEKOcnOycKp5.jpg
3514,Freaky Deaky,168027,https://image.tmdb.org/t/p/original/1rMr42ppp05ikGgoJf1efx0ouJZ.jpg
3515,The Train,3482,https://image.tmdb.org/t/p/original/bzgPLB7efMohled42PIn6CcOTnO.jpg
3516,Trade Of Innocents,135595,https://image.tmdb.org/t/p/original/fEr6rVOHpXpnBK2WRZZ1wn0PEF9.jpg
3517,ต้มยำกุ้ง,8982,https://image.tmdb.org/t/p/original/uKE9BxgtT5g2pE3ZKC7MnzsAbTZ.jpg
3518,Stiff Upper Lips,89861,https://image.tmdb.org/t/p/original/3BKL5t6z6kudeDmuwYiIF5dzAV8.jpg
3519,Bend It Like Beckham,455,https://image.tmdb.org/t/p/original/2dzSBmFWWqt8NbnubJKIWU21Y86.jpg
3520,Sunshine State,57022,https://image.tmdb.org/t/p/original/8OsgdG53vzF5uC8pCE61SA1tiNF.jpg
3521,Crossover,14351,https://image.tmdb.org/t/p/original/jMShqkxESzjcXWdhGJz65CPWi8L.jpg
3522,Khiladi 786,147767,https://image.tmdb.org/t/p/original/3chNHVi7j0jmUvJ1k7n2EYPfFmC.jpg
3523,[REC]²,10664,https://image.tmdb.org/t/p/original/fJuIhJ5s8WGNZN3wuk9d84nMjXk.jpg
3524,Standing Ovation,55567,https://image.tmdb.org/t/p/original/tPd7dnvIgzkvM8XLyC4mQCq21T1.jpg
3525,The Sting,9277,https://image.tmdb.org/t/p/original/ckmYng37zey8INYf6d10cVgIG93.jpg
3526,Chariots of Fire,9443,https://image.tmdb.org/t/p/original/qnRaum8k0HqGRml2i7OawFqUtEb.jpg
3527,Diary of a Mad Black Woman,16186,https://image.tmdb.org/t/p/original/4w36ckDhsWFPD9XaHOOJb1ru7JZ.jpg
3528,Shine,7863,https://image.tmdb.org/t/p/original/cbmThowj2XAW7lKlMAXmnhZvjGI.jpg
3529,Don Jon,138697,https://image.tmdb.org/t/p/original/uh8bwvgGXeUKzdL4oSul9zxyTcd.jpg
3530,High Plains Drifter,11901,https://image.tmdb.org/t/p/original/AjkJCFkqanK1OZqiHxc6Kl2wPQO.jpg
3531,Ghost World,1548,https://image.tmdb.org/t/p/original/uwKqnUPE4dSM0kKuMW0vXpURh2T.jpg
3532,Iris,11889,https://image.tmdb.org/t/p/original/pqtVPrv3xPLTUayC0bPruRjYWDF.jpg
3533,Galaxina,33155,https://image.tmdb.org/t/p/original/6mfrAf6e52PSfpP0THrzQRr36mf.jpg
3534,Les Choristes,5528,https://image.tmdb.org/t/p/original/hUl7gSvkGygyk9wt3zy5NqpC5bb.jpg
3535,Mambo Italiano,321,https://image.tmdb.org/t/p/original/usuEb1teTxqkK1wx54SmbdXltcN.jpg
3536,Wonderland,4997,https://image.tmdb.org/t/p/original/mfG8S7D4rYeVqvTzjc3D36PAK3R.jpg
3537,Do the Right Thing,925,https://image.tmdb.org/t/p/original/63rmSDPahrH7C1gEFYzRuIBAN9W.jpg
3538,Harvard Man,27451,https://image.tmdb.org/t/p/original/vxZG1UXh8gA3nYmrPNUWCHGGBFn.jpg
3539,Le Havre,73532,https://image.tmdb.org/t/p/original/zCoGiKr8hn9fPYnxECjUhpaP8TI.jpg
3540,Irréversible,979,https://image.tmdb.org/t/p/original/rxeDxo8FvZpLu6iplNpxdtAVnfu.jpg
3541,R100,193722,https://image.tmdb.org/t/p/original/qFdPIMXSBraNyMWwrWvYtJ9fT8g.jpg
3542,Rang De Basanti,7913,https://image.tmdb.org/t/p/original/f1bF8CHzEu621bPSIg6XiUNAabh.jpg
3543,Animals,253253,https://image.tmdb.org/t/p/original/2mwMeQ5SEmw1cEUBVYEtP3helTo.jpg
3544,Salvation Boulevard,51995,https://image.tmdb.org/t/p/original/q8kPPcpPUGhdAOP5LYHDMKZBXYP.jpg
3545,The Ten,13173,https://image.tmdb.org/t/p/original/byhpbEcL1tuoNhU3x5vYF45QM8X.jpg
3546,A Room for Romeo Brass,22908,https://image.tmdb.org/t/p/original/gLpv2UUf5We4sXDKdo11aFfnKgw.jpg
3547,Hodejegerne,70670,https://image.tmdb.org/t/p/original/ll32Hyillq6VSC1F7v4m2uZjGKI.jpg
3548,Grabbers,84204,https://image.tmdb.org/t/p/original/n1CkFfuDCh4NDZgaXmyna3V0Hxc.jpg
3549,Saint Ralph,25248,https://image.tmdb.org/t/p/original/3MdWgqUunIBWnc7mYi2dtZrD54Y.jpg
3550,Miss Julie,230266,https://image.tmdb.org/t/p/original/11X9DZGT3P7bJhWxfwFdCkWHILS.jpg
3551,Somewhere in Time,16633,https://image.tmdb.org/t/p/original/hmdegiSwVYUNvEfihaE3HRM3Sos.jpg
3552,Dum Maaro Dum,63006,https://image.tmdb.org/t/p/original/uzqKhhSA6ypWwqsnZSwCs7C42sb.jpg
3553,Insidious: Chapter 2,91586,https://image.tmdb.org/t/p/original/w5JjiB3O1CLDXbTJe1QpU5RHmlU.jpg
3554,Saw II,215,https://image.tmdb.org/t/p/original/gTnaTysN8HsvVQqTRUh8m35mmUA.jpg
3555,10 Cloverfield Lane,333371,https://image.tmdb.org/t/p/original/84Dhwz93vCin6T1PX6ctSvWEuNE.jpg
3556,Jackass: The Movie,9012,https://image.tmdb.org/t/p/original/9Rb659hvGfmef1xm0mMvDHEBqmf.jpg
3557,Lights Out,345911,https://image.tmdb.org/t/p/original/pOvxddYJScB3PMmaHp2ZnLChhrD.jpg
3558,Paranormal Activity 3,72571,https://image.tmdb.org/t/p/original/9nYranPiWdNmbD5PRPPSL7VUFTS.jpg
3559,Ouija,242512,https://image.tmdb.org/t/p/original/gwjHlGjK2xXKpjd65BWyAMwzTWC.jpg
3560,A Nightmare on Elm Street 3: Dream Warriors,10072,https://image.tmdb.org/t/p/original/qbtZewU6EGvxi8yFVzwZ31NijLX.jpg
3561,No se Aceptan Devoluciones,211954,https://image.tmdb.org/t/p/original/4f0qaU7cWmO9kYEkr3QGdA7KNFR.jpg
3562,Paranormal Activity 4,82990,https://image.tmdb.org/t/p/original/na5tAslm1kGNcft083AIXMTOsYR.jpg
3563,The Robe,29912,https://image.tmdb.org/t/p/original/qFYZNGzftIM8dqGMJBToGraAFJp.jpg
3564,The Return of the Pink Panther,11843,https://image.tmdb.org/t/p/original/cDi6lHXmY12SxtjcP6IdK7mB3W1.jpg
3565,Freddy's Dead: The Final Nightmare,11284,https://image.tmdb.org/t/p/original/doyiGwpxbBs4G2og9G8gV7ZKoih.jpg
3566,Monster,504,https://image.tmdb.org/t/p/original/aevmNtJCNG4ZlfEeEGZ79frMUes.jpg
3567,"20,000 Leagues Under the Sea",173,https://image.tmdb.org/t/p/original/heAEH85fdxEgV98LizHbQCL95iZ.jpg
3568,Paranormal Activity: The Marked Ones,227348,https://image.tmdb.org/t/p/original/2o4vBAnORr9UnLMvWHhULGDHfzH.jpg
3569,The Elephant Man,1955,https://image.tmdb.org/t/p/original/u0wpPYjuSt8DIe1Y3Vapnh8jcKE.jpg
3570,Dallas Buyers Club,152532,https://image.tmdb.org/t/p/original/7Fdh7gUq3plvQqxRbNYhWvDABXA.jpg
3571,The Lazarus Effect,243940,https://image.tmdb.org/t/p/original/4aq0TOLvITU3iWRUfxlRc83lMz1.jpg
3572,Memento,77,https://image.tmdb.org/t/p/original/fKTPH2WvH8nHTXeBYBVhawtRqtR.jpg
3573,Oculus,157547,https://image.tmdb.org/t/p/original/yCzR1yKRLiJyTDLgY1ppazXEmdE.jpg
3574,Clerks II,2295,https://image.tmdb.org/t/p/original/cLSW0nW94XT0DmBS69ublcLfQ9c.jpg
3575,Billy Elliot,71,https://image.tmdb.org/t/p/original/nOr5diUZxphmAD3li9aiILyI28F.jpg
3576,The Way Way Back,147773,https://image.tmdb.org/t/p/original/4DgA0EDDVv37C8xISc3Vv0rhxlL.jpg
3577,House Party 2,16096,https://image.tmdb.org/t/p/original/4iKDkzUZtS6vzINfbwYHAb1bNbA.jpg
3578,The Man from Snowy River,24266,https://image.tmdb.org/t/p/original/1alAfoJf7Pjn0QuwzO9wY7SLQCt.jpg
3579,Doug's 1st Movie,16508,https://image.tmdb.org/t/p/original/hZduJdSSWCkmvnBpNyRaIszubVm.jpg
3580,The Apostle,2895,https://image.tmdb.org/t/p/original/9KqCzLhWbFMBPjqRpZ69izRiYgG.jpg
3581,Mommie Dearest,15660,https://image.tmdb.org/t/p/original/3Amv5uQfadEonn7SmYLfNnoeOSu.jpg
3582,Our Idiot Brother,59968,https://image.tmdb.org/t/p/original/47kXCbmHOjxyW5Ao3oQ2uoheHi9.jpg
3583,Race,323677,https://image.tmdb.org/t/p/original/3pKLVyz6LGQU8xEDhYHSHsfy5Bg.jpg
3584,The Players Club,19848,https://image.tmdb.org/t/p/original/zq6D4HBRK6GMaJj4w5n5QsKXkLF.jpg
3585,"As Above, So Below",256274,https://image.tmdb.org/t/p/original/oJZSajKLJkoTOzSZQN2ZwRnPwHZ.jpg
3586,Addicted,235271,https://image.tmdb.org/t/p/original/fAERrD6vvmznDoL99wlgjhSfPcH.jpg
3587,Eve's Bayou,45153,https://image.tmdb.org/t/p/original/33yTPcGSv7eo3FVlb7XKACHl1M8.jpg
3588,Still Alice,284293,https://image.tmdb.org/t/p/original/MeJJCT1o87j7D0mR3yQs4s4PIA.jpg
3589,The Egyptian,24973,https://image.tmdb.org/t/p/original/vYLY2YIGCWINPSzLg6tBiN6ub7X.jpg
3590,Nighthawks,21610,https://image.tmdb.org/t/p/original/EuWOvbS7GdbXuYhRwFXgUGIRFd.jpg
3591,Friday the 13th Part VIII: Jason Takes Manhattan,10283,https://image.tmdb.org/t/p/original/6ezOsZ9UzqGnbDokaatxdOWP6e9.jpg
3592,My Big Fat Greek Wedding,8346,https://image.tmdb.org/t/p/original/ztc05ym0T3stnBpRHdxEs3Zwsmp.jpg
3593,Spring Breakers,122081,https://image.tmdb.org/t/p/original/9tyPnyEkL44qbAliM9jMRWc6bjg.jpg
3594,Halloween: The Curse of Michael Myers,10987,https://image.tmdb.org/t/p/original/noCnM8nEI2bEDSdKHh0RKbwBwbC.jpg
3595,Y tu mamá también,1391,https://image.tmdb.org/t/p/original/eTAQWIqHyFtnvNyYpFO5IoaVi1L.jpg
3596,Shaun of the Dead,747,https://image.tmdb.org/t/p/original/dgXPhzNJH8HFTBjXPB177yNx6RI.jpg
3597,The Haunting of Molly Hartley,14745,https://image.tmdb.org/t/p/original/XSy8BKHIa19yMAt7XyO2s9oIT5.jpg
3598,Lone Star,26748,https://image.tmdb.org/t/p/original/lBxY8znsRoqa9Dy2NCe8I6GPsRm.jpg
3599,Halloween 4: The Return of Michael Myers,11357,https://image.tmdb.org/t/p/original/eFSOkXF9n9hsfGv45MDsPixiOyx.jpg
3600,April Fool's Day,24913,https://image.tmdb.org/t/p/original/zNx2tNRzRyPsBSHX1VF2c7U0UyW.jpg
3601,Diner,13776,https://image.tmdb.org/t/p/original/2vKIdZ6JkFIzcQeaHg3xtdvOyRO.jpg
3602,Lone Wolf McQuade,14854,https://image.tmdb.org/t/p/original/dLVegSmoFM5ekThmUauuhnAOejb.jpg
3603,Apollo 18,50357,https://image.tmdb.org/t/p/original/nNWj62BGRoQH4g6kDhi3GlDMnLh.jpg
3604,Sunshine Cleaning,13090,https://image.tmdb.org/t/p/original/xwtJyfme086wcz9MXpP0i5Hrgxy.jpg
3605,No Escape,192141,https://image.tmdb.org/t/p/original/jIXZEvL4dmgkjyhD5JUDeOaASKB.jpg
3606,The Beastmaster,16441,https://image.tmdb.org/t/p/original/ytaKNYpHdQnClTbWL2m19Xv6PXZ.jpg
3607,Solomon and Sheba,29996,https://image.tmdb.org/t/p/original/sQPLRT014vOADFyvh54TpXFyBPZ.jpg
3608,Fifty Shades of Black,351819,https://image.tmdb.org/t/p/original/nkGhv7WMbyX7tL8CJkvMY3S2lW.jpg
3609,Not Easily Broken,14834,https://image.tmdb.org/t/p/original/8gmdToawg8gaSe9yWZjQ10v7noL.jpg
3610,A Farewell to Arms,22649,https://image.tmdb.org/t/p/original/eNmPByGZJqlp60nCZRhsAlVAb3F.jpg
3611,The Perfect Match,378200,https://image.tmdb.org/t/p/original/sAiF9gKhb3gPbnp9g5nNhrfTqpL.jpg
3612,Digimon: The Movie,20455,https://image.tmdb.org/t/p/original/tiH1muonzAWzlLjPhjAcAYVAjzm.jpg
3613,Saved!,13193,https://image.tmdb.org/t/p/original/nmf2tFTcRJZVEQ9e3mgLH5gAQYs.jpg
3614,Les Invasions barbares,11042,https://image.tmdb.org/t/p/original/ekmFbyMgm3SPklSlDUW1wZ33yMP.jpg
3615,Robin and Marian,10786,https://image.tmdb.org/t/p/original/y2UlVt6U8mFeegVL42rZjD5y6c7.jpg
3616,The Forsaken,12484,https://image.tmdb.org/t/p/original/4RN5EKSHawgUMoPzjzyyXCXckYk.jpg
3617,Force 10 from Navarone,17339,https://image.tmdb.org/t/p/original/3bFRwivCZuXx7fHWt4SpYaiHkNL.jpg
3618,UHF,11959,https://image.tmdb.org/t/p/original/wxx5YQLKVH1WMSRXQAUnC76r4iY.jpg
3619,Grandma's Boy,9900,https://image.tmdb.org/t/p/original/fSRdHBtisU0zhks4OjKezI3jnt7.jpg
3620,Slums of Beverly Hills,14662,https://image.tmdb.org/t/p/original/bTY6I0Mju4vTRHGoTZrNtxtAlAO.jpg
3621,C'era una volta il West,335,https://image.tmdb.org/t/p/original/qbYgqOczabWNn2XKwgMtVrntD6P.jpg
3622,Made,15745,https://image.tmdb.org/t/p/original/4HC6ieptXO2gjqbSEsfkOwsGubN.jpg
3623,Moon,17431,https://image.tmdb.org/t/p/original/35IU0Mq0zFsN1mYwDGts5mKc77n.jpg
3624,Keeping Up with the Steins,21014,https://image.tmdb.org/t/p/original/bYp81rOQZEoFfDMX6xqRU1x3R7M.jpg
3625,Sea Rex 3D: Journey to a Prehistoric World,78394,https://image.tmdb.org/t/p/original/au49zJtESBEz4zAOsXTv5xLWOHS.jpg
3626,The Sweet Hereafter,10217,https://image.tmdb.org/t/p/original/gJy7LMq4b5qO5fsSUSoBgm24BHf.jpg
3627,Des hommes et des dieux,46332,https://image.tmdb.org/t/p/original/fgrC0w62MCc7Fn77l5RVY0WKv0t.jpg
3628,Bottle Shock,13996,https://image.tmdb.org/t/p/original/DMc4eRfU0RA2SX2oGR3YllEhH7.jpg
3629,Jekyll and Hyde ... Together Again,3028,https://image.tmdb.org/t/p/original/sFlJhatebF8oXnFaMsx7mWJYQoe.jpg
3630,Heavenly Creatures,1024,https://image.tmdb.org/t/p/original/uvb86wVCIqD3Rlbr0GTNgWDF7Zo.jpg
3631,90 Minutes in Heaven,343795,https://image.tmdb.org/t/p/original/e3LKk8UdDyXDkov9k8iP2JJNChi.jpg
3632,Everything Must Go,45658,https://image.tmdb.org/t/p/original/n4wMD3LHyo3nYZNWEOGLzgdyWjX.jpg
3633,Zero Effect,16148,https://image.tmdb.org/t/p/original/yFALvZFwqnh5ESarNoVd5KtizCo.jpg
3634,The Machinist,4553,https://image.tmdb.org/t/p/original/diAYqR4xdF9Hnj7qun6DEQhRrT2.jpg
3635,Light Sleeper,36351,https://image.tmdb.org/t/p/original/9vOyeRXNIxosjL3lxWUAVmKmvBE.jpg
3636,Kill the Messenger,245916,https://image.tmdb.org/t/p/original/8gaNZiKZHvKCqMDByY00dUIV0YC.jpg
3637,Rabbit Hole,27585,https://image.tmdb.org/t/p/original/zTUQXwMn4ndt5AAcDvJCi14ZY2B.jpg
3638,Party Monster,1415,https://image.tmdb.org/t/p/original/4DVWGtV1OA3W8kZxiimdNsepS6O.jpg
3639,Green Room,313922,https://image.tmdb.org/t/p/original/evZicaR7nXe4LiD9G6QYTorcJGO.jpg
3640,The Oh in Ohio,14474,https://image.tmdb.org/t/p/original/4R2wqT72RApomtBnfYG4BUpyoGh.jpg
3641,Atlas Shrugged Part III: Who is John Galt?,199933,https://image.tmdb.org/t/p/original/wR7NM125F63zxECZKCVMzibkWpZ.jpg
3642,Bottle Rocket,13685,https://image.tmdb.org/t/p/original/6E7mJ5wpzTFbYFbJvTzzZ8Til9C.jpg
3643,Albino Alligator,8744,https://image.tmdb.org/t/p/original/jOyV5Rb1MaMUl6XrWWossVTm7BA.jpg
3644,"Gandhi, My Father",38428,https://image.tmdb.org/t/p/original/sFzo2Ss4PQfNUlrzeTfwoVp5ajE.jpg
3645,Standard Operating Procedure,8847,https://image.tmdb.org/t/p/original/v2QCXsisMLYsozC2qJtYGa3Rvsi.jpg
3646,Out of the Blue,39269,https://image.tmdb.org/t/p/original/rEWfWQDbx2upk9CAPRDDjCjc9a8.jpg
3647,Tucker and Dale vs Evil,46838,https://image.tmdb.org/t/p/original/8shwLEDzajJGSfLgbpac8x8xn1U.jpg
3648,"Lovely, Still",51384,https://image.tmdb.org/t/p/original/p5o2waFH3ioBOZuHKlx1kzk9Rdi.jpg
3649,Tycoon,56930,https://image.tmdb.org/t/p/original/kinlg9PjTwa6iCe0EdXDPBqUoRD.jpg
3650,Desert Blue,41730,https://image.tmdb.org/t/p/original/m81tA5hmjJ4Xzp3Yxs0dcnl8B1q.jpg
3651,Decoys,18442,https://image.tmdb.org/t/p/original/nieqSpywIW3J25cFC8mEUXF2FTk.jpg
3652,The Visit,298312,https://image.tmdb.org/t/p/original/hDrToKMpKYTdwdpOhshL8ko6WVp.jpg
3653,Redacted,11600,https://image.tmdb.org/t/p/original/ofXlW8FtBGVGSgRiaOIfnzR5koU.jpg
3654,Fascination,71547,https://image.tmdb.org/t/p/original/h9IsB1pv6U7H4bEUiKG92VXlNrn.jpg
3655,Area 51,57876,https://image.tmdb.org/t/p/original/ochcUJTPQSfU5fDMA21y4xoDzeX.jpg
3656,Mientras duermes,77495,https://image.tmdb.org/t/p/original/iRPJWp6HMPbGh5p9xJh35jPK6sK.jpg
3657,The Cottage,13849,https://image.tmdb.org/t/p/original/fFmU7cQAWVAeBpSfDRRauKgtKDD.jpg
3658,Dead Like Me: Life After Death,14849,https://image.tmdb.org/t/p/original/ekzGiwleJbx0ei1R3s0ylowFKT9.jpg
3659,Farce of the Penguins,12486,https://image.tmdb.org/t/p/original/bb3f1catVid2yDqHvhygai2RUoM.jpg
3660,Flying By,19615,https://image.tmdb.org/t/p/original/xLMv1cpLK3qrvF0ehNEkowWXaFB.jpg
3661,Rudderless,244403,https://image.tmdb.org/t/p/original/ka3gEmHph5FTJouSdOOK02Ck6bx.jpg
3662,Henry & Me,292481,https://image.tmdb.org/t/p/original/e37dlFgfDk2unRU96NFKgYi9Vxq.jpg
3663,Christmas Eve,340816,https://image.tmdb.org/t/p/original/vViH6PCa56kvCTm58gF45uucZWi.jpg
3664,We Have Your Husband,78814,https://image.tmdb.org/t/p/original/n3vcScSfTYM3XS4sBwhHUwxw0pL.jpg
3665,Dying of the Light,297596,https://image.tmdb.org/t/p/original/gL6riNxQeyPXT5YsgqE2aWhl1zi.jpg
3666,Born Of War,299552,https://image.tmdb.org/t/p/original/rmAzBd173UrSWF8K3lEBS5JfnfY.jpg
3667,Capricorn One,11935,https://image.tmdb.org/t/p/original/bxsCARg2rxQ2PzFW5ZsADLT9e9c.jpg
3668,Should've Been Romeo,113406,https://image.tmdb.org/t/p/original/yMwD0qEj3p87iG6wTnTniKgCfWB.jpg
3669,Running Forever,447027,https://image.tmdb.org/t/p/original/u4KHwcZmNH0Vr6xpGvDKdkBTopg.jpg
3670,Yoga Hosers,290825,https://image.tmdb.org/t/p/original/cc40P3lKEiK0H8ZSd8hmBBI0HEV.jpg
3671,Navy Seals vs. Zombies,361159,https://image.tmdb.org/t/p/original/oTvwjUMXjeKxAXY2Cggy5DZweMn.jpg
3672,Obsluhoval jsem anglického krále,12555,https://image.tmdb.org/t/p/original/mwuabUjZMSg8ngHScjcKCmFO0jA.jpg
3673,Soul Kitchen,31175,https://image.tmdb.org/t/p/original/9Y2OQ7MFouzmVCMqqvZPLrzHF0F.jpg
3674,Sling Blade,12498,https://image.tmdb.org/t/p/original/ivBIBd1LNaozcmytZUyE1yIXZms.jpg
3675,The Awakening,77949,https://image.tmdb.org/t/p/original/9SJHeGRlpwkJknUMo7DPg7frrnH.jpg
3676,Hostel,1690,https://image.tmdb.org/t/p/original/dDrtuWUKhgUGp12kgUWuP0NpTdF.jpg
3677,A Cock and Bull Story,8435,https://image.tmdb.org/t/p/original/g14QNhGkWLviBr18nCGDB1U8w8f.jpg
3678,Take Shelter,64720,https://image.tmdb.org/t/p/original/dldIX0q5jewe8rSyCh8d5I1RYx3.jpg
3679,Lady in White,49365,https://image.tmdb.org/t/p/original/AevfLQ5c0ZGtO3clHawg9L2XAQ2.jpg
3680,Driving Lessons,11404,https://image.tmdb.org/t/p/original/uPRFM5co4v12ksWaZKr8niIHBrC.jpg
3681,Let's Kill Ward's Wife,300706,https://image.tmdb.org/t/p/original/A6jwjS9mS4qBzhaA6ob4PUd9PJ0.jpg
3682,The Texas Chainsaw Massacre 2,16337,https://image.tmdb.org/t/p/original/cO1Dvg7k87lHSPOdumn3ddJEKdX.jpg
3683,Pat Garrett & Billy the Kid,11577,https://image.tmdb.org/t/p/original/9qNbWvyxMhy4lwO4Jhwhewa8nJj.jpg
3684,Only God Forgives,77987,https://image.tmdb.org/t/p/original/84HR8v3vtz91vTouBX3H5eEWJvP.jpg
3685,Camping Sauvage,40185,https://image.tmdb.org/t/p/original/nEnRGNk8DUSCZ3mnbURCLSYNzXt.jpg
3686,Without Men,68202,https://image.tmdb.org/t/p/original/1EzXn6ZkhGBBlNizXQiGOeDvwwp.jpg
3687,Dear Frankie,8981,https://image.tmdb.org/t/p/original/5YRDvaBWBbhTKBYYc7BoOWdW01N.jpg
3688,All Hat,10914,https://image.tmdb.org/t/p/original/97BMsVbc6R3sLR6A6GjvWdpukj1.jpg
3689,Le Nom des gens,50848,https://image.tmdb.org/t/p/original/qnUyni6Cc5bQbgyvvof6yNwoIUd.jpg
3690,Treading Water,166624,https://image.tmdb.org/t/p/original/zFY2dXaZ9SBI1x9lZkDKG0rECOt.jpg
3691,Savage Grace,10822,https://image.tmdb.org/t/p/original/z83ExVvReRTMuwxRqatzUaHwIYR.jpg
3692,Out of the Blue,10844,https://image.tmdb.org/t/p/original/pbn9SiymMpRGRQtZrm9AxTOT7Eg.jpg
3693,Police Academy,9336,https://image.tmdb.org/t/p/original/m5a1U549gokC1kxsqgQoRb6XpFg.jpg
3694,The Blue Lagoon,5689,https://image.tmdb.org/t/p/original/k6KsThCeoxxHDbVnlHLdTlf5wsy.jpg
3695,Four Weddings and a Funeral,712,https://image.tmdb.org/t/p/original/qa72G2VS0bpxms6yo0tI9vsHm2e.jpg
3696,Fast Times at Ridgemont High,13342,https://image.tmdb.org/t/p/original/s1DA8H7qwoOcAEhow2rCzuQtpuO.jpg
3697,Moby Dick,10339,https://image.tmdb.org/t/p/original/7JXcm3RyWlGsRCZ0YlOliWr6TNv.jpg
3698,25th Hour,1429,https://image.tmdb.org/t/p/original/uW7tTRElr2tRhmAVESzvHy4ByXg.jpg
3699,Bound,9303,https://image.tmdb.org/t/p/original/nfXU25TsAUsLMTJ6oHlgxPUcUOF.jpg
3700,Requiem for a Dream,641,https://image.tmdb.org/t/p/original/nOd6vjEmzCT0k4VYqsA2hwyi87C.jpg
3701,State Fair,27686,https://image.tmdb.org/t/p/original/cmy55K7Qs1WQeGPksHBphjyjh3b.jpg
3702,"Tango, no me dejes nunca",65749,https://image.tmdb.org/t/p/original/87Ze0JLbWYuYbWc1qf6aGxHipnI.jpg
3703,Salvador,6106,https://image.tmdb.org/t/p/original/c5JgUmzN7syTFy9suwoHF3vhNsN.jpg
3704,Moms' Night Out,252680,https://image.tmdb.org/t/p/original/gP97yU8YrVZY2yLxTwsicS8KuSe.jpg
3705,Donnie Darko,141,https://image.tmdb.org/t/p/original/fhQoQfejY1hUcwyuLgpBrYs6uFt.jpg
3706,Salvando al Soldado Perez,66607,https://image.tmdb.org/t/p/original/ylXmX9vcP1W9La9FtOpV9OtXtMe.jpg
3707,Karakter,17139,https://image.tmdb.org/t/p/original/v7TWGTZ6fNkY72IyoiVIcnlwniU.jpg
3708,Spun,12079,https://image.tmdb.org/t/p/original/jiwNobUsd29ooowQyTeh0cvPBFL.jpg
3709,Life During Wartime,39800,https://image.tmdb.org/t/p/original/umGRjRYVwchw6wrYv0sJfet8HiV.jpg
3710,친절한 금자씨,4550,https://image.tmdb.org/t/p/original/7F7Ozn0QpqkVvuv1kC2XpbuFvn9.jpg
3711,"Nannerl, la soeur de Mozart",62116,https://image.tmdb.org/t/p/original/7x9fUNPUbT726OkR23lG7tzEG5b.jpg
3712,Mean Machine,9991,https://image.tmdb.org/t/p/original/ripTQsmWQJyccK6zB1dajSY3olv.jpg
3713,放‧逐,13807,https://image.tmdb.org/t/p/original/x58B3v4U7jqGmPsNk3Znv3PWLuA.jpg
3714,Blackthorn,68818,https://image.tmdb.org/t/p/original/3QtOCerjSPkS9fo8IBwDr7qAwoj.jpg
3715,Lilja 4-Ever,12093,https://image.tmdb.org/t/p/original/m1xeLa00P3her902OnwL2gIHsXm.jpg
3716,After.Life,36419,https://image.tmdb.org/t/p/original/ty43RTdSBpL3VjBJWeRoKhFg7hF.jpg
3717,Fugly,281730,https://image.tmdb.org/t/p/original/gK1d772yMqHjvBpMRVz1XWN5OTU.jpg
3718,One Flew Over the Cuckoo's Nest,510,https://image.tmdb.org/t/p/original/kjWsMh72V6d8KRLV4EOoSJLT1H7.jpg
3719,R.L. Stine's Monsterville: The Cabinet of Souls,362105,https://image.tmdb.org/t/p/original/z3qgKFySWDs7vCjMn5gSxGV2fpI.jpg
3720,Silent Movie,10970,https://image.tmdb.org/t/p/original/AeaoOSqEU3elkpDAlKbIWcdKLJ8.jpg
3721,Airlift,375290,https://image.tmdb.org/t/p/original/oyaxIm3kTWDQtcYQ45eN5sZ6WIz.jpg
3722,Anne of Green Gables,17663,https://image.tmdb.org/t/p/original/z1owlDzKO3DQpFKNFBnuQlPF891.jpg
3723,Falcon Rising,270938,https://image.tmdb.org/t/p/original/4wnfTO8mvqcTU62YMkUeKq49VMT.jpg
3724,The Sweeney,116613,https://image.tmdb.org/t/p/original/nwGo7AoYXG4C03wbyfdeYvcVbnV.jpg
3725,Sexy Beast,11826,https://image.tmdb.org/t/p/original/xTfCZTzhgHNAR1pf5D49WH4buI5.jpg
3726,Snabba Cash,29920,https://image.tmdb.org/t/p/original/ezx8LhhpZd6U4sd0lXyCEUhIBUc.jpg
3727,Whale Rider,1088,https://image.tmdb.org/t/p/original/1ZQSkyEDRJdk6TCAThBojB5hJcK.jpg
3728,Paa,26379,https://image.tmdb.org/t/p/original/vslu8ixLEceu5qM0CnXMl4mavY9.jpg
3729,Cargo,34069,https://image.tmdb.org/t/p/original/cZRLGCW5MkMJiuVOdXBcIsUMhFA.jpg
3730,High School Musical,10947,https://image.tmdb.org/t/p/original/bg1eLo2OjySRYKaTO89ZDsqUcJ4.jpg
3731,Love and Death on Long Island,47452,https://image.tmdb.org/t/p/original/8lF3SnK2QxtVBQLQHj7q4fHrAl.jpg
3732,Ночной дозор,3040,https://image.tmdb.org/t/p/original/mL97T8ehFiihJvQuOsdQlq26eqg.jpg
3733,The Crying Game,11386,https://image.tmdb.org/t/p/original/ea6HPVTlGa0MmtTrPud0UnP9wh.jpg
3734,Porky's,10246,https://image.tmdb.org/t/p/original/AqCOt1cWfKqCepxK7LIdT812idH.jpg
3735,Survival of the Dead,29426,https://image.tmdb.org/t/p/original/2BmqSRt10J2mpJmCgZbo5YYkQLj.jpg
3736,Night of the Living Dead,10331,https://image.tmdb.org/t/p/original/inNUOa9WZGdyRXQlt7eqmHtCttl.jpg
3737,Lost in Translation,153,https://image.tmdb.org/t/p/original/wkSzJs7oMf8MIr9CQVICsvRfwA7.jpg
3738,Annie Hall,703,https://image.tmdb.org/t/p/original/dEtjPywhDbAXYjoFfhBC4U9unU7.jpg
3739,The Greatest Show on Earth,27191,https://image.tmdb.org/t/p/original/cKI0yGPRh1IlvRKKJRoMZruior8.jpg
3740,Monster's Ball,1365,https://image.tmdb.org/t/p/original/rQeufx98gKH4CCeVw57KT1Fd0gr.jpg
3741,Maggie,287424,https://image.tmdb.org/t/p/original/twa9gXjocLM629sJrQYVtmF306R.jpg
3742,Leaving Las Vegas,451,https://image.tmdb.org/t/p/original/wTrFpGe3U65kXTldIUxuM2hmOAK.jpg
3743,Hansel and Gretel Get Baked,165864,https://image.tmdb.org/t/p/original/shYb3LezqJF4P90CGgp9zoD2MjF.jpg
3744,The Front Page,987,https://image.tmdb.org/t/p/original/r4RtbJk8wVyZ1yk6yBZjzGD4ANU.jpg
3745,The Boy Next Door,241251,https://image.tmdb.org/t/p/original/gicmSeLG6Uh7BF1r1mxZHUQ8r26.jpg
3746,Trapeze,40494,https://image.tmdb.org/t/p/original/3EZKz21OMvvyYg3UqZ3BBzHjWiq.jpg
3747,The Kids Are All Right,39781,https://image.tmdb.org/t/p/original/xQ5XqZc82dDCcGjxY7voRKjhaKQ.jpg
3748,They Live,8337,https://image.tmdb.org/t/p/original/ngnybFTuopfbfmmEeX9jjBQQmF6.jpg
3749,The Great Escape,5925,https://image.tmdb.org/t/p/original/gBH4H8UMFxl139HaLz6lRuvsel8.jpg
3750,What the #$*! Do We (K)now!?,8357,https://image.tmdb.org/t/p/original/ghoM9gorKvgAcqkSJ6TDQcsObWN.jpg
3751,The Last Exorcism Part II,146203,https://image.tmdb.org/t/p/original/260ztSWhGIYSLAjDC6smFWcdUSp.jpg
3752,Boyhood,85350,https://image.tmdb.org/t/p/original/2BvtvDUyxiMJ4dmKfiQf4qdOHQN.jpg
3753,Scoop,512,https://image.tmdb.org/t/p/original/1nF290EoEn2rs4W9VVercKa4S5o.jpg
3754,The Wash,13408,https://image.tmdb.org/t/p/original/xb63VT8E4Q2RjLT7qnzvc5jRFAQ.jpg
3755,3 Strikes,47816,https://image.tmdb.org/t/p/original/ca7xVIgh7UYsFOCBLP8ERmBktC5.jpg
3756,The Cooler,10744,https://image.tmdb.org/t/p/original/gq3cZxo7SS6HAXdaxObLIyw9N1r.jpg
3757,The Misfits,11536,https://image.tmdb.org/t/p/original/2lzWxT6HIvZMWSQHzk9eCpv3guQ.jpg
3758,The Night Listener,9782,https://image.tmdb.org/t/p/original/fNXIweKikMLedQl6Wks0PLGqn89.jpg
3759,The Jerky Boys,18713,https://image.tmdb.org/t/p/original/yUbdqyZaeaoNKBQmnmtim1IIAf1.jpg
3760,El orfanato,6537,https://image.tmdb.org/t/p/original/vIpi1KtHLXUOfSVC2m6MqpjSPgL.jpg
3761,A Haunted House 2,184345,https://image.tmdb.org/t/p/original/oV7M00fPXy5P0nbdeMbSUjYv0vx.jpg
3762,The Rules of Attraction,1809,https://image.tmdb.org/t/p/original/6OybelUmwUkDm7fbX1BI7OhpYeQ.jpg
3763,Topaz,2370,https://image.tmdb.org/t/p/original/8u7vxykCVZoaxNocLbpstv3IFNK.jpg
3764,Let's Go to Prison,9809,https://image.tmdb.org/t/p/original/4FAieUHmV0zhCbvIgI8eGoLfDIJ.jpg
3765,Four Rooms,5,https://image.tmdb.org/t/p/original/75aHn1NOYXh4M7L5shoeQ6NGykP.jpg
3766,Secretary,11013,https://image.tmdb.org/t/p/original/mdRXSE7ho185SZlXj0JSwuecEd3.jpg
3767,The Real Cancun,19153,https://image.tmdb.org/t/p/original/wyLs32hfhfShhHPJ8h8VzAash55.jpg
3768,Talk Radio,10132,https://image.tmdb.org/t/p/original/u55LxmUditKH0UuQFmTV3qSzDnb.jpg
3769,Waiting for Guffman,16448,https://image.tmdb.org/t/p/original/zuArI6EBpV6mExrvfnyidoOtzdf.jpg
3770,Love Stinks,15122,https://image.tmdb.org/t/p/original/srHcbkCyQFfdmqt5rPQMshxp1Yt.jpg
3771,You Kill Me,8141,https://image.tmdb.org/t/p/original/4C5VQVdE2YRBPhpZLnExk1XUzDZ.jpg
3772,Thumbsucker,1546,https://image.tmdb.org/t/p/original/kXC029FtR06qkT8S6zBQ26uJczu.jpg
3773,Red State,48572,https://image.tmdb.org/t/p/original/mbukOgivZWGNAxEQVt4hLUVME2P.jpg
3774,Mirrormask,14517,https://image.tmdb.org/t/p/original/itIJU3NKbdgScA1WPIxXzOlm0Uj.jpg
3775,Samsara,89708,https://image.tmdb.org/t/p/original/qodkea4k0pNUmNTl5TJO2PdTqgW.jpg
3776,The Barbarians,27551,https://image.tmdb.org/t/p/original/dYr9p8YOOw5gERVpg8cJHA5PsnY.jpg
3777,The Art of Getting By,64678,https://image.tmdb.org/t/p/original/3ahdKyzHbYhvqJdtpsEWipEai98.jpg
3778,Zipper,309503,https://image.tmdb.org/t/p/original/avntORrvVqBglLm0FrlSLrfIl4n.jpg
3779,Poolhall Junkies,14293,https://image.tmdb.org/t/p/original/3MAGLk0AtuPi24PBwy3o4ILO0CV.jpg
3780,The Loss of Sexual Innocence,15059,https://image.tmdb.org/t/p/original/eVg5oHFnzEE51cZ8Tq1qe8iWMZk.jpg
3781,Holy Motors,103328,https://image.tmdb.org/t/p/original/4ZuTrrDQhCS9f6KzIX6HfsjjyMd.jpg
3782,Joe,157847,https://image.tmdb.org/t/p/original/sTSjiNbGWcj8wATW28MTwrDklsC.jpg
3783,Shooting Fish,25719,https://image.tmdb.org/t/p/original/mGmKLFKD5FREXqIpxntNQic61vZ.jpg
3784,Prison,48309,https://image.tmdb.org/t/p/original/bB6iCnYO1dlVA1kZp04acFyXTpg.jpg
3785,Psycho Beach Party,27723,https://image.tmdb.org/t/p/original/qbWR0do4iIOpN5R1zNJfRt0WSz.jpg
3786,The Big Tease,20468,https://image.tmdb.org/t/p/original/i7HjSujyV4PpIcTzhlNxNGvMiRJ.jpg
3787,"Guten Tag, Ramón",242575,https://image.tmdb.org/t/p/original/7xaQAc01TZOHEku2uC520OIENWx.jpg
3788,Trust,44945,https://image.tmdb.org/t/p/original/rXoZYWd2G7pBh8N8Cp5ZO5Sjzbl.jpg
3789,An Everlasting Piece,29122,https://image.tmdb.org/t/p/original/ozeKjgyCLOUufeqE0FqiuPO61Qv.jpg
3790,Among Giants,125123,https://image.tmdb.org/t/p/original/u90H3K6XeQEzECkarfysZ2p5IZE.jpg
3791,Adore,111190,https://image.tmdb.org/t/p/original/hIQqIeG7Ude0QRUFntdLtsAUEBB.jpg
3792,The Velocity of Gary,133575,https://image.tmdb.org/t/p/original/8wQlK0QukCXXmvmDARAx65wnX4j.jpg
3793,Los lunes al sol,54580,https://image.tmdb.org/t/p/original/4BlI5weSiYUU1YnjqdaPLnOzc3Z.jpg
3794,Stake Land,52015,https://image.tmdb.org/t/p/original/q5Cq3svR0XPEb9VkVBHPowT1Bxf.jpg
3795,The Last Time I Committed Suicide,34941,https://image.tmdb.org/t/p/original/5AM1oDIlsWBBLYecetUAHOWv9dW.jpg
3796,Praia do Futuro,227975,https://image.tmdb.org/t/p/original/lologg70UiUMok8ijdSfDzBwR0N.jpg
3797,Another Happy Day,60422,https://image.tmdb.org/t/p/original/yOS14Pr563QEUd3bath9LwhhId3.jpg
3798,A Lonely Place to Die,81390,https://image.tmdb.org/t/p/original/xVYY1U5nYfx2PfJMs6knO8VZRk0.jpg
3799,Nothing,10981,https://image.tmdb.org/t/p/original/vefWBq6xpeMYtF7ROgGfXLdp5Qu.jpg
3800,Географ глобус пропил,225235,https://image.tmdb.org/t/p/original/iyWyVgDHYkjejwAQQrUCQXuZYjO.jpg
3801,1776,14902,https://image.tmdb.org/t/p/original/o50REDExdajGxTWczsmC3qcawGr.jpg
3802,Inescapable,121676,https://image.tmdb.org/t/p/original/gCeZGBFcxjyGdvFncJqCGffBCpw.jpg
3803,Hell's Angels,22301,https://image.tmdb.org/t/p/original/vt6zF55B9WLzYENs6cuXy8J5o1X.jpg
3804,Purple Violets,20065,https://image.tmdb.org/t/p/original/n61vWKkNn1cq8p6a0foAqgrcAwu.jpg
3805,The Veil,257087,https://image.tmdb.org/t/p/original/e9hB3QrBIUDSHCmwbceVxVgLRqv.jpg
3806,The Loved Ones,46420,https://image.tmdb.org/t/p/original/jHsXZiftAM4sByAQ0ddnnCL0RWU.jpg
3807,The Helpers,114635,https://image.tmdb.org/t/p/original/ucbxUdOGrtyPOohA9BhZdVgDEfD.jpg
3808,How to Fall in Love,158150,https://image.tmdb.org/t/p/original/vpZavsKDpoAyNoeXFTpVW8Q6R8A.jpg
3809,The Perfect Wave,251979,https://image.tmdb.org/t/p/original/sRbFTl2OkANyTm26IbwUZ3Vr3ay.jpg
3810,A Man for All Seasons,874,https://image.tmdb.org/t/p/original/wK0PqNYRAKKozQvi6M9e1HCH6LA.jpg
3811,Network,10774,https://image.tmdb.org/t/p/original/gZ8hhuVEQ78CLND09trZJ45Eiy8.jpg
3812,Gone with the Wind,770,https://image.tmdb.org/t/p/original/lNz2Ow0wGCAvzckW7EOjE03KcYv.jpg
3813,Desert Dancer,266102,https://image.tmdb.org/t/p/original/uV1GYM2gdit0SnNWAweG321evbg.jpg
3814,Major Dundee,29715,https://image.tmdb.org/t/p/original/afdhdupMyfn3tDoL3XosgQF82gX.jpg
3815,Annie Get Your Gun,25209,https://image.tmdb.org/t/p/original/c2ZLeqZVI2FYctcrFwm5C86zkLH.jpg
3816,Four Lions,37495,https://image.tmdb.org/t/p/original/x4JzaRPXBs9wiHCe3e3ymXWuwfd.jpg
3817,Casa de Areia,29262,https://image.tmdb.org/t/p/original/jxFlwloXFrpruxnEkKIyyWWEN9X.jpg
3818,Defendor,34769,https://image.tmdb.org/t/p/original/a1ce5xYYkwSCqIHh0nGKnh7Zs7Q.jpg
3819,The Pirate,35032,https://image.tmdb.org/t/p/original/ltoy9asHYuLcEq78jjvZPjH6LCG.jpg
3820,The Good Heart,5178,https://image.tmdb.org/t/p/original/cSoUB8SFcVNaCFs1b3dTN3niYck.jpg
3821,The History Boys,8618,https://image.tmdb.org/t/p/original/5VapCDIn4NBHKHIgy8QKdGAFQxF.jpg
3822,Midnight Cowboy,3116,https://image.tmdb.org/t/p/original/f7YLzOxwWzeEdo7RhAlPSBTYa8.jpg
3823,The Full Monty,9427,https://image.tmdb.org/t/p/original/crtSEBd4ya9r5oEFHRatAud6Id8.jpg
3824,Airplane!,813,https://image.tmdb.org/t/p/original/7Q3efxd3AF1vQjlSxnlerSA7RzN.jpg
3825,Chain of Command,352978,https://image.tmdb.org/t/p/original/xUHN0DIWS7fs3bMjg6RktQksK9v.jpg
3826,Friday,10634,https://image.tmdb.org/t/p/original/2lReF53F8trkC68piGSfk0JVwWU.jpg
3827,Menace II Society,9516,https://image.tmdb.org/t/p/original/nS7yqmSVeNoH22VXj69JoFCxW1h.jpg
3828,Creepshow 2,16288,https://image.tmdb.org/t/p/original/x8vMzaVwjlVuf7eI0gTgf5i2Rfh.jpg
3829,The Ballad of Cable Hogue,23330,https://image.tmdb.org/t/p/original/bEth8XAYaytjzxnHkLkj4nZx2XD.jpg
3830,In Cold Blood,18900,https://image.tmdb.org/t/p/original/f4zGKntOVVJUk9X0wCcw1DJPdQe.jpg
3831,The Nun's Story,27029,https://image.tmdb.org/t/p/original/4vNWFhPyjTehPpZsvTnTywwXSiF.jpg
3832,Harper,26268,https://image.tmdb.org/t/p/original/zy56CkGHBA9WubuJ7fjntTZCvRi.jpg
3833,Frenzy,573,https://image.tmdb.org/t/p/original/zDUR4PY5kyp2hpvbTvWSGiXVmgg.jpg
3834,The Witch,310131,https://image.tmdb.org/t/p/original/zap5hpFCWSvdWSuPGAQyjUv2wAC.jpg
3835,I Got the Hook Up,40505,https://image.tmdb.org/t/p/original/u8kdtt80gFiqGKLTdQqdGWy9FfZ.jpg
3836,She's the One,11363,https://image.tmdb.org/t/p/original/wNd6qM8Qa8tLFOiUOiEivh0qBkH.jpg
3837,Gods and Monsters,3033,https://image.tmdb.org/t/p/original/xhaZ2nKL9VtqfYQ9Ss4Azxc2E3F.jpg
3838,El secreto de sus ojos,25376,https://image.tmdb.org/t/p/original/dkeAwfZzwL3WvToydE3CXiY80E0.jpg
3839,Train,22007,https://image.tmdb.org/t/p/original/inKMwh99qmVlMaO0spQ11DH2HdC.jpg
3840,Evil Dead II,765,https://image.tmdb.org/t/p/original/4zqCKJVHUolGs6C5AZwAZqLWixW.jpg
3841,Pootie Tang,10615,https://image.tmdb.org/t/p/original/fNvx45x4JWHYucpnV2vuKn9TZnV.jpg
3842,Sharknado,205321,https://image.tmdb.org/t/p/original/atEmHkVFTSGRYt2PeCiziQqbZnI.jpg
3843,La otra conquista,89540,https://image.tmdb.org/t/p/original/cD1V0wj6CkKvEPrXb0ZAa0v7uJi.jpg
3844,Trolljegeren,46146,https://image.tmdb.org/t/p/original/v2W5NEz0p9jPFzbbYt0dP86gsOX.jpg
3845,Ira & Abby,38007,https://image.tmdb.org/t/p/original/gK2XUjqWoqqYw6auny29W8tFwUG.jpg
3846,Winter Passing,14256,https://image.tmdb.org/t/p/original/mkG9myN7USNucu0f89dddc16P28.jpg
3847,D.E.B.S.,540,https://image.tmdb.org/t/p/original/cMwLTcG5aVBYeh5W6SVSfowboAf.jpg
3848,The Masked Saint,370464,https://image.tmdb.org/t/p/original/zlT1Tc9hA1Ntye5hr7Gxos9U6U9.jpg
3849,The Betrayed,20055,https://image.tmdb.org/t/p/original/ypozb9oWIDZZIwDQZo0s7JgMa6K.jpg
3850,Taxman,224569,https://image.tmdb.org/t/p/original/y6uvUy5wgF21wcIN3lY3G8dkjab.jpg
3851,The Secret,395766,https://encrypted-tbn0.gstatic.com/images?q=tbn:ANd9GcRoWcWg0E8pSjBNi0TtiZsqu8uD2PAr_K11DA&s
3852,2:13,39303,https://image.tmdb.org/t/p/original/duqvQOzzjJ4W3yjZIjE10KM8dFw.jpg
3853,"Batman: The Dark Knight Returns, Part 2",142061,https://image.tmdb.org/t/p/original/arEZYd6uMOFTILne9Ux0A8qctMe.jpg
3854,Time to Choose,370662,https://image.tmdb.org/t/p/original/ak6Bl7WnbzFTuBONiey2BgVGqPn.jpg
3855,In the Name of the King III,252360,https://image.tmdb.org/t/p/original/yetbsCuB6fmzI4lpJMvqwJcehti.jpg
3856,Wicked Blood,256740,https://image.tmdb.org/t/p/original/dTxOsk0wVG1EgyCbWbaNxQXZLxy.jpg
3857,Dawn Patrol,299145,https://image.tmdb.org/t/p/original/ijUz1buTZBIqNMAOe5s3EXEie2K.jpg
3858,Lords of London,241766,https://image.tmdb.org/t/p/original/7MQ8Uf4JTxjaExZ7lYxz4AVuFR2.jpg
3859,High Anxiety,12535,https://image.tmdb.org/t/p/original/qVuSJaGnomSPon8x3mIYywFGgD8.jpg
3860,La Marche de l'empereur,1667,https://image.tmdb.org/t/p/original/o9xJ1xG1WKlHkl8ACqq0LShOuMu.jpg
3861,Margin Call,50839,https://image.tmdb.org/t/p/original/qtO57obCJuUBS0en3HLgFgZ19Xk.jpg
3862,August,86549,https://image.tmdb.org/t/p/original/l54G35FYDnA7gr2UglHn1HZKPEI.jpg
3863,Choke,13973,https://image.tmdb.org/t/p/original/7osy71os3YLiFpNYn567koOnAKZ.jpg
3864,Whiplash,244786,https://image.tmdb.org/t/p/original/7fn624j5lj3xTme2SgiLCeuedmO.jpg
3865,Cidade de Deus,598,https://image.tmdb.org/t/p/original/k7eYdWvhYQyRQoU2TB2A2Xu2TfD.jpg
3866,Human Traffic,11129,https://image.tmdb.org/t/p/original/cHwnYGZh1fVuVWqT28GpCN0usYF.jpg
3867,To Write Love on Her Arms,75861,https://image.tmdb.org/t/p/original/naQRUuVa4j0uIrgxACIeFlwgKSn.jpg
3868,The Dead Girl,13551,https://image.tmdb.org/t/p/original/wBIn93ZY0Qd3BafjSJYvqgAZu88.jpg
3869,Jagten,103663,https://image.tmdb.org/t/p/original/jkixsXzRh28q3PCqFoWcf7unghT.jpg
3870,A Christmas Story,850,https://image.tmdb.org/t/p/original/34nSHYqmb7222tiqiuKqKJmZiQa.jpg
3871,Bella,12586,https://image.tmdb.org/t/p/original/bNMzx71jw8OU9indcV5Hc7eE53w.jpg
3872,Class of 1984,11564,https://image.tmdb.org/t/p/original/68WubzbCTay70jkV0qNyn1KWfkq.jpg
3873,Opposite Sex,301748,https://image.tmdb.org/t/p/original/4OGyobNioLlo1aj4ioxxmsssSCj.jpg
3874,Dreaming of Joseph Lees,108346,https://image.tmdb.org/t/p/original/xiDtcNXOhSPcjFcnX6BUTWiws3B.jpg
3875,Entre les murs,8841,https://image.tmdb.org/t/p/original/8yFgK1YgfrnbsRXTg4Hko98nIUt.jpg
3876,Rosemary's Baby,805,https://image.tmdb.org/t/p/original/nclYFGpVzfbiORO5ELVVdxzt9Vg.jpg
3877,The Man Who Shot Liberty Valance,11697,https://image.tmdb.org/t/p/original/4C1R0LEivLjbv3swAzJfzh0tzXl.jpg
3878,Adam,22051,https://image.tmdb.org/t/p/original/sSN5ec7llAzv0Up7wAQ9qeOM0lS.jpg
3879,"María, llena eres de gracia",436,https://image.tmdb.org/t/p/original/30CImATfvHWLXy6a3KmHXnYXB6c.jpg
3880,Beginners,55347,https://image.tmdb.org/t/p/original/io2Tm89or3jO2pDtEAPEACx4wUe.jpg
3881,Feast,10070,https://image.tmdb.org/t/p/original/61RknsRLF5YT1gIgSCVv4qbTt8C.jpg
3882,Animal House,8469,https://image.tmdb.org/t/p/original/fWooBbipMRIKeSRhEzmeaDV0T8H.jpg
3883,Goldfinger,658,https://image.tmdb.org/t/p/original/laYAUz0xtIHpDYnE4fjUWpvaeX0.jpg
3884,Antiviral,125490,https://image.tmdb.org/t/p/original/ztI4zVztY8J6ZgDJjAC0zPatehD.jpg
3885,It's a Wonderful Life,1585,https://image.tmdb.org/t/p/original/bSqt9rhDZx1Q7UZ86dBPKdNomp2.jpg
3886,Trainspotting,627,https://image.tmdb.org/t/p/original/1jUC02qsqS2NxBMFarbIhcQtazV.jpg
3887,The Original Kings of Comedy,23618,https://image.tmdb.org/t/p/original/vjbEcW9OqWoXKr9e2KySG1WZlNS.jpg
3888,Paranormal Activity 2,41436,https://image.tmdb.org/t/p/original/gfdrkBZAyUUXJJ2iLQe03SAYRD3.jpg
3889,Waking Ned,10162,https://image.tmdb.org/t/p/original/bsxiOOKC40HlhdIJYCUE2BkpJv0.jpg
3890,Bowling for Columbine,1430,https://image.tmdb.org/t/p/original/5AlgeysilsfLdEwlTlYO7fqgsLn.jpg
3891,归来,259943,https://image.tmdb.org/t/p/original/6xwkPJ7CfxGOtx3YYOlAUgJXDuA.jpg
3892,A Nightmare on Elm Street Part 2: Freddy's Revenge,10014,https://image.tmdb.org/t/p/original/rvAmOv0sZcoQCyJjHPQN4wU8ut4.jpg
3893,A Room with a View,11257,https://image.tmdb.org/t/p/original/5xRAqywVo6tNUNQbAESGVP930la.jpg
3894,The Purge,158015,https://image.tmdb.org/t/p/original/46X1ei9uf13nkkr0OhWldGyr5Uh.jpg
3895,Sinister,82507,https://image.tmdb.org/t/p/original/nzx10sca3arCeYBAomHan4Q6wa1.jpg
3896,Martin Lawrence Live: Runteldat,20337,https://image.tmdb.org/t/p/original/fRpS1sr1GFPgQobsXoNm5lxatcy.jpg
3897,Cat on a Hot Tin Roof,261,https://image.tmdb.org/t/p/original/reO2NXIYPeBqehTsmia0P9rSMDv.jpg
3898,Beneath the Planet of the Apes,1685,https://image.tmdb.org/t/p/original/szHCeYwi4ubewuYnlnz0YGqWnQC.jpg
3899,Air Bud,20737,https://image.tmdb.org/t/p/original/kDfzh6QdX2tseTwwyB7lp2RP7iE.jpg
3900,Pokémon 3: The Movie,10991,https://image.tmdb.org/t/p/original/rf1ptotD12w8NYzaKXgrjKUl4d5.jpg
3901,Friday the 13th Part VI: Jason Lives,10225,https://image.tmdb.org/t/p/original/6vdUpHvkspQonXBdWcLWW5ciEPJ.jpg
3902,The Bridge on the River Kwai,826,https://image.tmdb.org/t/p/original/7paXMt2e3Tr5dLmEZOGgFEn2Vo7.jpg
3903,Spaced Invaders,34086,https://image.tmdb.org/t/p/original/vchyoV7mnaUd46meVO81yolXH2D.jpg
3904,Family Plot,5854,https://image.tmdb.org/t/p/original/mOg42HWC5ew8D0uCjHUna2ISpeD.jpg
3905,The Apartment,284,https://image.tmdb.org/t/p/original/hhSRt1KKfRT0yEhEtRW3qp31JFU.jpg
3906,Jason Goes to Hell: The Final Friday,10285,https://image.tmdb.org/t/p/original/Aacq05foqiWdXqetFv02HBvMoJy.jpg
3907,Torn Curtain,5780,https://image.tmdb.org/t/p/original/7XC1l9eP2TBYMEdA4KRUqKAFmbm.jpg
3908,Dave Chappelle's Block Party,292,https://image.tmdb.org/t/p/original/lGS9iKGGRjM049ZGK4J8TvQeBHg.jpg
3909,Slow West,223485,https://image.tmdb.org/t/p/original/j3PmbRZvf5KpNbapSjn8b0CpD6a.jpg
3910,Krush Groove,29463,https://image.tmdb.org/t/p/original/83jp1uZp9405rkHKzDuX8qnJbhw.jpg
3911,Next Day Air,18065,https://image.tmdb.org/t/p/original/wLNzff5sWBWrKU4EI5gf4ZhUBKs.jpg
3912,Elmer Gantry,22013,https://image.tmdb.org/t/p/original/5vd031r08rrfSMqtB9UarwqCUOz.jpg
3913,Judgment at Nuremberg,821,https://image.tmdb.org/t/p/original/b6vYatvui1EXeFYfpDX4rcbueuP.jpg
3914,Trippin',53862,https://image.tmdb.org/t/p/original/83I7V7uLTPoUYKKcfzeAH1I5pvm.jpg
3915,Red River,3089,https://image.tmdb.org/t/p/original/jyNTsAzrIWB441OtvfbgKtx1kFS.jpg
3916,Phat Girlz,30139,https://image.tmdb.org/t/p/original/zzylksiJ8hmzvsHIDBTuqYZJYTe.jpg
3917,Before Midnight,132344,https://image.tmdb.org/t/p/original/qbGKJmNUroDz75kh5Oafoall89e.jpg
3918,Teen Wolf Too,15582,https://image.tmdb.org/t/p/original/unfbmoUTIsQzQF09RJZVN1GKr6b.jpg
3919,Phantasm II,15158,https://image.tmdb.org/t/p/original/cZ5mPtOXcvmg224oBM2k1db5Fnn.jpg
3920,Woman Thou Art Loosed,44634,https://image.tmdb.org/t/p/original/oiSE4CMsoipS6l1KLEAPIgN9VVY.jpg
3921,Real Women Have Curves,30309,https://image.tmdb.org/t/p/original/ziemD3ATULYKt399FkO1ZhAwrOH.jpg
3922,Water,7509,https://image.tmdb.org/t/p/original/tdg6JKcqjS7szenmabGAbe5RGdN.jpg
3923,East Is East,10557,https://image.tmdb.org/t/p/original/tDchJ4mB23vGgwdQCmq9FCQ4W23.jpg
3924,Whipped,23531,https://image.tmdb.org/t/p/original/jIVMqADXH1fEAlf8K19FoDZYh0U.jpg
3925,Kama Sutra - A Tale of Love,28005,https://image.tmdb.org/t/p/original/sptijXzApZhbOyqYq9P7627RAYw.jpg
3926,Please Give,40247,https://image.tmdb.org/t/p/original/kft7oy2SoImjDUXgeFbUxhICdc2.jpg
3927,Willy Wonka & the Chocolate Factory,252,https://image.tmdb.org/t/p/original/vmpsZkrs4Uvkp9r1atL8B3frA63.jpg
3928,Warlock: The Armageddon,24126,https://image.tmdb.org/t/p/original/qpRtxbnLb0qFP93db5vwDDXvWz2.jpg
3929,8 Heads in a Duffel Bag,13982,https://image.tmdb.org/t/p/original/dbjS5UH7JvsQwSLMYMY5GQOSwv1.jpg
3930,Days of Heaven,16642,https://image.tmdb.org/t/p/original/siE1XQ544MLO27geLYDbUDy3oTt.jpg
3931,Thirteen Conversations About One Thing,17734,https://image.tmdb.org/t/p/original/mb3mEfzAudrPpQIxRzpLM12aiMV.jpg
3932,Jawbreaker,18892,https://image.tmdb.org/t/p/original/gwjJPAraQy5fDd3NJvK677uItU4.jpg
3933,Basquiat,549,https://image.tmdb.org/t/p/original/hNjjGGnHrLILwFiEwGESWD6QRCy.jpg
3934,Frances Ha,121986,https://image.tmdb.org/t/p/original/jrq1NoKvsxWCcffVOjegiYwloFN.jpg
3935,Tsotsi,868,https://image.tmdb.org/t/p/original/r3ebTJFcDZ35GaKcuUQQe243z4f.jpg
3936,Happiness,10683,https://image.tmdb.org/t/p/original/rYfUcEV88Z3gENrfYTE6i8yBkDr.jpg
3937,DysFunktional Family,17995,https://image.tmdb.org/t/p/original/jYfGKG94Mfs8HMjqXsn9aIVqGTK.jpg
3938,Tusk,246403,https://image.tmdb.org/t/p/original/pA2SgITmH0lzet9Nn5cxeinRKMv.jpg
3939,올드보이,670,https://image.tmdb.org/t/p/original/pWDtjs568ZfOTMbURQBYuT4Qxka.jpg
3940,Letters to God,35691,https://image.tmdb.org/t/p/original/vkOXEUy9J0GNtrqXY9Z9rl9pDHf.jpg
3941,Hobo with a Shotgun,49010,https://image.tmdb.org/t/p/original/xxMaO7VoN2BnZit79PedVHnTjcO.jpg
3942,Compadres,317930,https://image.tmdb.org/t/p/original/fs166jcsSkRhOvblIEPnFs04aXS.jpg
3943,Freeway,11229,https://image.tmdb.org/t/p/original/m0pAARUq3foDWFsrUmlYDHtNPE9.jpg
3944,Love's Abiding Joy,22488,https://image.tmdb.org/t/p/original/bnaJeSqEy4svDD0zaEdgoXtY4ug.jpg
3945,Fish Tank,24469,https://image.tmdb.org/t/p/original/rI3MKBDsWzQHi9PWDAMKkgmYcff.jpg
3946,Damsels in Distress,82533,https://image.tmdb.org/t/p/original/kF5kdsQbRh1U8Bvjyu6iIxOAsEx.jpg
3947,Creature,50942,https://encrypted-tbn0.gstatic.com/images?q=tbn:ANd9GcRoWcWg0E8pSjBNi0TtiZsqu8uD2PAr_K11DA&s
3948,Bachelorette,84174,https://image.tmdb.org/t/p/original/yAr4LLjZnoIvrfb1VrV3mh38rTK.jpg
3949,Brave New Girl,34099,https://image.tmdb.org/t/p/original/zM2CFpnSwM8zvC22FFDWjTdJiPQ.jpg
3950,Tim and Eric's Billion Dollar Movie,79940,https://image.tmdb.org/t/p/original/bcipzEhr7xh9bfvqLq3iqJjnFdk.jpg
3951,Sommersturm,342,https://image.tmdb.org/t/p/original/7fqQmDzKGIiIk0mORANha9SsLVy.jpg
3952,Fort McCoy,281230,https://image.tmdb.org/t/p/original/4ok9jMdmjQUKtuTNwX0w0My9wib.jpg
3953,Chain Letter,38033,https://image.tmdb.org/t/p/original/Qkz89qeK3gJh49x3T85KiecTZi.jpg
3954,Just Looking,100975,https://image.tmdb.org/t/p/original/mNCDnjP2pMCH1PLKE3l6eXyDVUK.jpg
3955,The Divide,38541,https://image.tmdb.org/t/p/original/hnwX5cUuzBDM0OWJB2UtnjkrHDm.jpg
3956,The Eclipse,39563,https://image.tmdb.org/t/p/original/96ma6Hn8aW3FbHoaDzHiRflCHls.jpg
3957,Demonic,234212,https://image.tmdb.org/t/p/original/ne0wAvbmzk72svslxjuFySrXEKw.jpg
3958,My Big Fat Independent Movie,27404,https://image.tmdb.org/t/p/original/yoCNqms3bbmPgIGvUH0dhXjXPe5.jpg
3959,The Deported,170480,https://image.tmdb.org/t/p/original/42KLDWL2zRXzv6QH1vwBlELGMOs.jpg
3960,Tanner Hall,71866,https://image.tmdb.org/t/p/original/qoGtVlqaFWngUXuUzAS6uuNcwsI.jpg
3961,Open Road,192210,https://image.tmdb.org/t/p/original/y8Ecw1WdbgTacszNR1C0G4WK21r.jpg
3962,They Came Together,180296,https://image.tmdb.org/t/p/original/ifvKTtvmPYOGed2hP9ogPq98In7.jpg
3963,30 Nights of Paranormal Activity With the Devil Inside the Girl With the Dragon Tattoo,157058,https://image.tmdb.org/t/p/original/f2YtZ8HHVt0F7sHg8r7GwlSKmKW.jpg
3964,Never Back Down 2: The Beatdown,70006,https://image.tmdb.org/t/p/original/7VjtTMQpfy9GxMyjUfuYTfyatZz.jpg
3965,Point Blank,26039,https://image.tmdb.org/t/p/original/5wzZipiC0THdgPpViVV5OqDj3Xr.jpg
3966,Four Single Fathers,79587,https://image.tmdb.org/t/p/original/A3aNmcPhcICa0WG8Qn5IZ2gag1A.jpg
3967,Enter the Dangerous Mind,176077,https://image.tmdb.org/t/p/original/65uvdoAdvUlULsMNVum6sC8ew99.jpg
3968,Something Wicked,260947,https://image.tmdb.org/t/p/original/fmKcL3irtCGs1ZWcpx2tKcebp3i.jpg
3969,AWOL-72,342502,https://image.tmdb.org/t/p/original/9xnzd7yq9vXrjuQjlRLNZ0kFQYU.jpg
3970,Iguana,191229,https://image.tmdb.org/t/p/original/yN6FIIICpMp9DyRXk9trUm3t3zt.jpg
3971,Chicago Overcoat,43213,https://image.tmdb.org/t/p/original/6saeAm5xt4vVM632Hxw3tV0tRsJ.jpg
3972,Barry Munday,44594,https://image.tmdb.org/t/p/original/ctHpUBRpnuGtwF4mYkKQVdjG8NI.jpg
3973,Central do Brasil,666,https://image.tmdb.org/t/p/original/zJvp7XjQ2LhPbDVYhFXyucs40vR.jpg
3974,Pocketful of Miracles,248,https://image.tmdb.org/t/p/original/xjXwcGJjT5tE22wazQUYH32HwU8.jpg
3975,Close Range,325173,https://image.tmdb.org/t/p/original/1mB2uLg9qDzLX6BpJReAFAPyAtv.jpg
3976,Boynton Beach Club,55831,https://image.tmdb.org/t/p/original/fUcoCzSGBTm2xHnGqH0D5kQV9lH.jpg
3977,Amnesiac,351043,https://image.tmdb.org/t/p/original/dazYq2JoKpKjtVySA9vmLCv16J.jpg
3978,Freakonomics,43942,https://image.tmdb.org/t/p/original/cPXdZeUKmIylEG8ml0tQOPt9SJ9.jpg
3979,Haute tension,10226,https://image.tmdb.org/t/p/original/vKeFa7CqSxmWsQDjHP6SJXKoDbj.jpg
3980,Griff the Invisible,66942,https://image.tmdb.org/t/p/original/12DpWfDhBacOE09wJgR75rwCVUH.jpg
3981,Unnatural,356483,https://image.tmdb.org/t/p/original/iUPOptmk5dQE8LZBhn8u9qfTwfx.jpg
3982,Hustle & Flow,10476,https://image.tmdb.org/t/p/original/9skOqw9sld2MKKqkKKU78e0Jw7W.jpg
3983,Some Like It Hot,239,https://image.tmdb.org/t/p/original/hVIKyTK13AvOGv7ICmJjK44DTzp.jpg
3984,Friday the 13th Part VII: The New Blood,10281,https://image.tmdb.org/t/p/original/rUzk9Qnyz2FZGxHMBrq6DYIQZkO.jpg
3985,The Wizard of Oz,630,https://image.tmdb.org/t/p/original/pfAZFD7I2hxW9HCChTuAzsdE6UX.jpg
3986,Young Frankenstein,3034,https://image.tmdb.org/t/p/original/c6335WJCZO8NK5wehHk5sA9Cypv.jpg
3987,Diary of the Dead,13025,https://image.tmdb.org/t/p/original/tGktSJW5dPf8QIjmcqum4KOEZPZ.jpg
3988,Lage Raho Munna Bhai,21461,https://image.tmdb.org/t/p/original/lgSn1tXDstMXSHJYkSibKkHqW8y.jpg
3989,Ulee's Gold,55306,https://image.tmdb.org/t/p/original/wMpZ7U7A0QHJptR9L573V3Y7SI0.jpg
3990,The Black Stallion,17264,https://image.tmdb.org/t/p/original/uZtNc31LR5Ik3ZVo2jxwOvhkNRC.jpg
3991,Sardaarji,346081,https://image.tmdb.org/t/p/original/f44yO1FafCLn0KM75LFRnFRo3Yn.jpg
3992,Rejsen til Saturn,16016,https://image.tmdb.org/t/p/original/lB8iKvq6UTDvp1C60JcALvdH1gX.jpg
3993,Donovan's Reef,15875,https://image.tmdb.org/t/p/original/xxZ6VUmnsxNiMa812IP3ohUf3BS.jpg
3994,De jurk,5900,https://image.tmdb.org/t/p/original/jmAQ4eXd5GCvYFrmoI0fKLr1zuD.jpg
3995,A Guy Named Joe,43306,https://image.tmdb.org/t/p/original/rrdaUol9hZEde4HloyVuG860OH7.jpg
3996,Blazing Saddles,11072,https://image.tmdb.org/t/p/original/vNw1gOEDdYTDeNMuuq8OmiEHrfH.jpg
3997,Friday the 13th: The Final Chapter,9730,https://image.tmdb.org/t/p/original/1J7zudfR3VLPwAf9lK5YPfSu0n6.jpg
3998,Ida,209274,https://image.tmdb.org/t/p/original/3uoCttE46RGHybiA26cXTvmFqbW.jpg
3999,Maurice,26371,https://image.tmdb.org/t/p/original/4MI2y8XViPrDiKs1p0QC4bTeZzf.jpg
4000,Beer League,14137,https://image.tmdb.org/t/p/original/yoB3G8yGNLHdbr4TSKZqRp7UJ72.jpg
4001,Riding Giants,291,https://image.tmdb.org/t/p/original/8L3ir0KNqSqpps2oVAeCUPVTPhr.jpg
4002,Los cronocrímenes,14139,https://image.tmdb.org/t/p/original/zdxQRP7mzczMJBwKnv8MCPRq7rQ.jpg
4003,疯狂的赛车,33106,https://image.tmdb.org/t/p/original/ggTqQBLLiDx2MRBp4q3hOPsXDcV.jpg
4004,Timber Falls,8875,https://image.tmdb.org/t/p/original/v6Lgqh0OYLpeKzbIqxPeDXYstKE.jpg
4005,Singin' in the Rain,872,https://image.tmdb.org/t/p/original/w03EiJVHP8Un77boQeE7hg9DVdU.jpg
4006,"Fat, Sick & Nearly Dead",72914,https://image.tmdb.org/t/p/original/yKXRwMValA4ZbCaC68ANO24ALcY.jpg
4007,A Haunted House,139038,https://image.tmdb.org/t/p/original/tpw6kvuAJBo1CGRw1Bwdz1KU0hc.jpg
4008,2016: Obama's America,126509,https://image.tmdb.org/t/p/original/9Ht3rh0GVgh0rGqW99wCXWE4DP1.jpg
4009,That Thing You Do!,9591,https://image.tmdb.org/t/p/original/9RmZu33qHdyZFGLfhEOmkTjdNEu.jpg
4010,Halloween III: Season of the Witch,10676,https://image.tmdb.org/t/p/original/WABfdeaThFYXCySGIOvRNv2sSW.jpg
4011,Escape from the Planet of the Apes,1687,https://image.tmdb.org/t/p/original/AnbLVdUEroTfHTUVAJCxkL4R0IH.jpg
4012,Hud,24748,https://image.tmdb.org/t/p/original/A168bF52vmAIGkC2Qafj7M2EmaE.jpg
4013,Kevin Hart: Let Me Explain,181330,https://image.tmdb.org/t/p/original/lzYQkVuEN0zw2JvJsMUsOU47nb4.jpg
4014,My Own Private Idaho,468,https://image.tmdb.org/t/p/original/p9TF90Pb5yg2MNb2UztzyXktMm4.jpg
4015,Garden State,401,https://image.tmdb.org/t/p/original/h3iqYiGS6F3y7GxaS4AT8nFxZ2i.jpg
4016,Before Sunrise,76,https://image.tmdb.org/t/p/original/kf1Jb1c2JAOqjuzA3H4oDM263uB.jpg
4017,Sur le seuil,50538,https://image.tmdb.org/t/p/original/cwH7X2Gaf07nNnTDfD2VvIMtN5D.jpg
4018,Jesus' Son,25636,https://image.tmdb.org/t/p/original/A2lVDbF1oTuCMlh69vLnqugWEAM.jpg
4019,Saving Face,19316,https://image.tmdb.org/t/p/original/7XbbgkKi4nEMOu9iwiANXpjKKhe.jpg
4020,Brick Lane,21074,https://image.tmdb.org/t/p/original/fOi0il1YvBj0d6wE5OyGIqMPV4S.jpg
4021,Robot & Frank,84329,https://image.tmdb.org/t/p/original/602vUwe1GPmaRvcrT3OQWqH1Nm1.jpg
4022,My Life Without Me,20,https://image.tmdb.org/t/p/original/pFEtVPW88pWflYV84UFL0h1iJr3.jpg
4023,The Spectacular Now,157386,https://image.tmdb.org/t/p/original/tYDbDuZ3K4Xwp3cwtmZM6k53bwq.jpg
4024,Religulous,13007,https://image.tmdb.org/t/p/original/hBv5LCbWxPB8iU77dwurSGMVZ3N.jpg
4025,Fuel,13518,https://image.tmdb.org/t/p/original/fg88f3Nis36udZAEryzB1iQ1iYo.jpg
4026,Valley of the Heart's Delight,116584,https://image.tmdb.org/t/p/original/WTohWlSGwFNDfjJJtyPMraH3qo.jpg
4027,Eye of the Dolphin,46849,https://image.tmdb.org/t/p/original/8oaWtuz9pfRtCOtHQ5KIWB3vnYP.jpg
4028,8: The Mormon Proposition,40428,https://image.tmdb.org/t/p/original/glTnodgy1tZa794mnETfHjCPekC.jpg
4029,The Other End of the Line,17334,https://image.tmdb.org/t/p/original/uiLgARBzUiE7PPRiJILXSh4zOIW.jpg
4030,Anatomie,1698,https://image.tmdb.org/t/p/original/hZgnRhrOkmjjod5u3umbw4y08kX.jpg
4031,Sleep Dealer,20764,https://image.tmdb.org/t/p/original/kFXQ4oMJkXAWjyo7Tr5GrLjmk61.jpg
4032,Super,45132,https://image.tmdb.org/t/p/original/jZrRMGSajZQehg8mz74A5A00L3.jpg
4033,Christmas Mail,76706,https://image.tmdb.org/t/p/original/7xsvaLkqlbPKaQTw0Ja3rYOSWKd.jpg
4034,Stung,254472,https://image.tmdb.org/t/p/original/tcVeFuvxqnWlvoMEWevaeVO0Mm6.jpg
4035,Antibirth,332285,https://image.tmdb.org/t/p/original/pSJ0K8N1ZYwYeW13Fu1OihB1AKT.jpg
4036,Get on the Bus,49471,https://image.tmdb.org/t/p/original/12DglJ2V73pcrPpsvIKkGycVGJM.jpg
4037,Thr3e,13569,https://image.tmdb.org/t/p/original/sKKz1aipcivA3JFKUw6e2ygD9D6.jpg
4038,Idiocracy,7512,https://image.tmdb.org/t/p/original/q7sn0A3BkBxvzdwVFOGmJGE2vF8.jpg
4039,The Rise of the Krays,356216,https://image.tmdb.org/t/p/original/jE7YKqaqibtf1DeNXXPKrjNV7js.jpg
4040,This Is England,11798,https://image.tmdb.org/t/p/original/bmhVn89BoAAIziFklH3TusE26H0.jpg
4041,U.F.O.,146631,https://image.tmdb.org/t/p/original/u6YRCDCiauJFYltBklD1X8m6OQm.jpg
4042,Bathing Beauty,43546,https://image.tmdb.org/t/p/original/9vqXU1hFpyLkJK4Wvt3bfUVMbqI.jpg
4043,Go for It!,61038,https://image.tmdb.org/t/p/original/otMNSW5NH26XGVR7Y4Ok6YlsReR.jpg
4044,"Dancer, Texas Pop. 81",78373,https://image.tmdb.org/t/p/original/khV9zPcvgOjrqwlk3dI1lGojZib.jpg
4045,Show Boat,17820,https://image.tmdb.org/t/p/original/sk7s574pI9QAi6uVqbTg0bnLEUC.jpg
4046,Redemption Road,74457,https://image.tmdb.org/t/p/original/w1NBcLgbJAyuuat0UcIpKQnHmJA.jpg
4047,The Calling,283384,https://image.tmdb.org/t/p/original/kqJGIh2mZVwTD20GeDVTUNOwd5p.jpg
4048,The Brave Little Toaster,19933,https://image.tmdb.org/t/p/original/b3i8W7yhfrENlKUKT7oYUtDcUtt.jpg
4049,Fantasia,756,https://image.tmdb.org/t/p/original/5m9njnidjR0syG2gpVPVgcEMB2X.jpg
4050,8 Days,433715,https://image.tmdb.org/t/p/original/fvYRa0Zw9G3KVKuxDjmtQlzZngx.jpg
4051,Friday the 13th Part III,9728,https://image.tmdb.org/t/p/original/9kukTSlgFgXnQGdpcHvHcpTDiUc.jpg
4052,Friday the 13th: A New Beginning,9731,https://image.tmdb.org/t/p/original/ewnIs4aCuWnKQ13Eaj8f3ybrQc8.jpg
4053,The Last Sin Eater,9916,https://image.tmdb.org/t/p/original/nSFmT13VqhdVqRhU08ADMxy8cGX.jpg
4054,Do You Believe?,309425,https://image.tmdb.org/t/p/original/89fJ4hV9fCB01EvhhLOgjMJI4A6.jpg
4055,Impact Point,14156,https://image.tmdb.org/t/p/original/p2SeFLxPU0fZno9XTYgx3w8IZAX.jpg
4056,The Valley of Decision,43610,https://image.tmdb.org/t/p/original/kiHMWi0OWMIovdCnd4AbMEyQh3c.jpg
4057,Eden,360339,https://image.tmdb.org/t/p/original/nVtCuhdg1mYjMMFdUKqijgrAWAS.jpg
4058,Chicken Tikka Masala,31163,https://image.tmdb.org/t/p/original/sz7TBagHKYx6NI1XmRWIwoDDLri.jpg
4059,There's Always Woodstock,297621,https://image.tmdb.org/t/p/original/4EOoojQInBDbwDtsTQwj7l8Lcw7.jpg
4060,Jack Brooks: Monster Slayer,16205,https://image.tmdb.org/t/p/original/xAieCaFdEiIwhHS7FKcltPDUnRc.jpg
4061,The Best Years of Our Lives,887,https://image.tmdb.org/t/p/original/gd5EoAU4MM57sW3vlWxJ0NMM8cV.jpg
4062,Bully,9517,https://image.tmdb.org/t/p/original/qpvCDZPFUg3bdPUeoIwiWFdXOTM.jpg
4063,Elling,6007,https://image.tmdb.org/t/p/original/i4o9u93vR7setcwVeL87jGwc8CS.jpg
4064,Mi America,364083,https://encrypted-tbn0.gstatic.com/images?q=tbn:ANd9GcRoWcWg0E8pSjBNi0TtiZsqu8uD2PAr_K11DA&s
4065,[REC],8329,https://image.tmdb.org/t/p/original/5XsVGgo8I12v3KlPcD0r1CNHMC6.jpg
4066,Lies in Plain Sight,69640,https://image.tmdb.org/t/p/original/4VzDK2Ki8kKoEMwFQglhywiy1no.jpg
4067,Sharkskin,371085,https://image.tmdb.org/t/p/original/jQHUYbrzHpAA8ZkFLoF6bwNxAyA.jpg
4068,Containment,347548,https://image.tmdb.org/t/p/original/jMyudM6LM9VfIsR8ZRghlSpAdfv.jpg
4069,The Timber,322443,https://image.tmdb.org/t/p/original/kV0jEsELVEhqIU9MPyidKaHpvh9.jpg
4070,From Russia with Love,657,https://image.tmdb.org/t/p/original/zx4V17FP8oclNvOpTgs2iCCtiYk.jpg
4071,The Toxic Avenger Part II,28165,https://image.tmdb.org/t/p/original/m5o7B3VSAjvinjtSYxXD38senvb.jpg
4072,Sleeper,11561,https://image.tmdb.org/t/p/original/vVpUfsHuZecO7FlCtDBQd2ullyq.jpg
4073,It Follows,270303,https://image.tmdb.org/t/p/original/iwnQ1JH1wdWrGYkgWySptJ5284A.jpg
4074,Everything You Always Wanted to Know About Sex *But Were Afraid to Ask,11624,https://image.tmdb.org/t/p/original/A1ZNhNd8FV8kCW39OeDelokT0tv.jpg
4075,To Kill a Mockingbird,595,https://image.tmdb.org/t/p/original/gZycFUMLx2110dzK3nBNai7gfpM.jpg
4076,Mad Max 2,8810,https://image.tmdb.org/t/p/original/l1KVEhkGDpWRzQ0VqIhZqDDuOim.jpg
4077,醉拳二,12207,https://image.tmdb.org/t/p/original/xqUBrSBtPYLvCtfqHF5sapU6Div.jpg
4078,Boys Don't Cry,226,https://image.tmdb.org/t/p/original/eB505ycEhFVfMwGglIzXNUyKAIs.jpg
4079,Silent House,92182,https://image.tmdb.org/t/p/original/mbkvYlx1scovMi80rOOkNBvgU11.jpg
4080,Das Leben der Anderen,582,https://image.tmdb.org/t/p/original/cVUDMnskSc01rdbyH0tLATTJUdP.jpg
4081,Courageous,72213,https://image.tmdb.org/t/p/original/hVRkbZRCoHtnfi0V9GFZ3uXjCNp.jpg
4082,The Hustler,990,https://image.tmdb.org/t/p/original/snItsSViawjaadW9mlWUmGwR41R.jpg
4083,Boom Town,55604,https://image.tmdb.org/t/p/original/upPOcyAhnL0tDPL8MsTRrOJquiJ.jpg
4084,Les triplettes de Belleville,9662,https://image.tmdb.org/t/p/original/enw6C4fDw88g0nOQgIJXjgH3NHi.jpg
4085,Smoke Signals,20862,https://image.tmdb.org/t/p/original/dZ6smtO2cEm3nxVhWscYfKS0mYX.jpg
4086,American Splendor,2771,https://image.tmdb.org/t/p/original/rPLMxuk82AiqDiwEUVJ6E7WpjYs.jpg
4087,Before Sunset,80,https://image.tmdb.org/t/p/original/94Yl2xVB7YIRK4IgA0RqYGiNgkB.jpg
4088,Amores perros,55,https://image.tmdb.org/t/p/original/tuyV4ceh80IBTbRJWX7jJ59UFxn.jpg
4089,Thirteen,11023,https://image.tmdb.org/t/p/original/uzTLlZrNF6rMPBh5mUQu6vLnTtX.jpg
4090,Gentleman's Agreement,33667,https://image.tmdb.org/t/p/original/aCCRbcmigPk00f34hpJuWZuvABo.jpg
4091,Winter's Bone,39013,https://image.tmdb.org/t/p/original/a0qhPkNlxLfsf5B2jFyI1Pp04XV.jpg
4092,Touching the Void,11194,https://image.tmdb.org/t/p/original/fsydA5H8FSDaYlYWddfMpMpDUX.jpg
4093,Alexander's Ragtime Band,43839,https://image.tmdb.org/t/p/original/tbmvwfs9C1eTIyCcuhdbnFeuQSA.jpg
4094,Me and You and Everyone We Know,1382,https://image.tmdb.org/t/p/original/tDRTtvEJs4L8wj35GKiczUQXCSR.jpg
4095,Inside Job,44639,https://image.tmdb.org/t/p/original/7yXXIWec24htucjsZS1sDuPLqw8.jpg
4096,We Are Your Friends,301351,https://image.tmdb.org/t/p/original/7RzpN4aLjM5FUc7Q3WsvNn2MuaR.jpg
4097,Ghost Dog: The Way of the Samurai,4816,https://image.tmdb.org/t/p/original/gkH4zOxIfbb4BEbk9Q4cVOEpDaY.jpg
4098,Harsh Times,7873,https://image.tmdb.org/t/p/original/raBWBnGz2X6FQ3iUwPwYQE4FrkY.jpg
4099,Captive,331190,https://image.tmdb.org/t/p/original/rKOY6QwmnuZYPaMIvdmZQHjxDLI.jpg
4100,Full Frontal,15186,https://image.tmdb.org/t/p/original/7FeoefSYELryi04Kz74xYTayPZk.jpg
4101,Witchboard,17994,https://image.tmdb.org/t/p/original/d5lDHBzEgBkgAarXpUl56u2vM8c.jpg
4102,Shortbus,1378,https://image.tmdb.org/t/p/original/s8QBrWgpZpYrySSyTQ0xbFLPKrS.jpg
4103,Vals Im Bashir,8885,https://image.tmdb.org/t/p/original/zQaCv7lKwHsh0YSHkt1QNjIOZ1c.jpg
4104,"The Book of Mormon Movie, Volume 1: The Journey",48382,https://image.tmdb.org/t/p/original/ov4rsTmjJ28jUnSRRYwhIGWUWUn.jpg
4105,No End in Sight,12901,https://image.tmdb.org/t/p/original/vNLK1fRPHTHFfWfy63NJFDwX7MQ.jpg
4106,The Diary of a Teenage Girl,250124,https://image.tmdb.org/t/p/original/5YlUrdYKuscD7pwf3yy9duVLbui.jpg
4107,In the Shadow of the Moon,14284,https://image.tmdb.org/t/p/original/xvthKnu7EjK0QvEBPY9ZnO3SiHe.jpg
4108,Meek's Cutoff,57120,https://image.tmdb.org/t/p/original/jxjLpZseFdzMBvGfTscTTpM94Yk.jpg
4109,Inside Deep Throat,12228,https://image.tmdb.org/t/p/original/iy96Ud1jpnjOEYiHh2XMooD1PfG.jpg
4110,Dinner Rush,22617,https://image.tmdb.org/t/p/original/6qhSssp1RT3IU53OkomdpJsyJ0D.jpg
4111,Clockwatchers,55561,https://image.tmdb.org/t/p/original/dUCeH8FIsDOpjXQhOFIbP5DARQD.jpg
4112,The Virginity Hit,42889,https://image.tmdb.org/t/p/original/krUYZAjEZ5n5GL7tuLoQGfxja0S.jpg
4113,Subway,10656,https://image.tmdb.org/t/p/original/tc3yGm9pRaY9nM9746hHE2Oe1jA.jpg
4114,House of D,24363,https://image.tmdb.org/t/p/original/oVBMJQKHVTbXM8vEph3RhS4mKgr.jpg
4115,Teeth,13121,https://image.tmdb.org/t/p/original/p7OIPkN2LOBprQxQx7EZBa6m6W4.jpg
4116,Six-String Samurai,24746,https://image.tmdb.org/t/p/original/4Lo0pT1gnDAL4hTVMYLwpVWcqR1.jpg
4117,Hum To Mohabbat Karega,325140,https://image.tmdb.org/t/p/original/dCzznqwqDtdwc0zqUBTDY3BMYae.jpg
4118,It's All Gone Pete Tong,12109,https://image.tmdb.org/t/p/original/4AvbVwbejmSMKGEdLmVYDLAss1i.jpg
4119,Saint John of Las Vegas,27023,https://image.tmdb.org/t/p/original/kN4Vur1SccouDR0k3tmJXJHdrXw.jpg
4120,24 7: Twenty Four Seven,22913,https://image.tmdb.org/t/p/original/g5rd7ljbR0VVcK7m2ogrMa4E0fE.jpg
4121,Stonewall,273899,https://image.tmdb.org/t/p/original/jkUKuPK0dJwP9o47npgLipp83D0.jpg
4122,Roadside Romeo,20653,https://image.tmdb.org/t/p/original/p2CBDCVzTPjnXaKXN21bEoPWBeQ.jpg
4123,This Thing of Ours,67373,https://image.tmdb.org/t/p/original/rS7neBxeRMBeN8095SZnUZTrtQN.jpg
4124,The Lost Medallion: The Adventures of Billy Stone,171759,https://image.tmdb.org/t/p/original/tDPwBwGAERB4B1yQjR0xwTWwbFQ.jpg
4125,The Last Five Years,206296,https://image.tmdb.org/t/p/original/dxTLKSTyGb5IXB64iNgU9AWAsXT.jpg
4126,The Missing Person,35219,https://image.tmdb.org/t/p/original/4VQ6gZDGyuFTJMvjrZqO9SprLZX.jpg
4127,Return of the Living Dead 3,28260,https://image.tmdb.org/t/p/original/aXHsq5cSxdCySfTcuptN6HYWYHv.jpg
4128,London,7515,https://image.tmdb.org/t/p/original/zvNHklUZcrwdN8xpL7Vsqedru5l.jpg
4129,Sherrybaby,13075,https://image.tmdb.org/t/p/original/j97X0h6JTN4owVc4le7fOUj54Rx.jpg
4130,Circle,335866,https://image.tmdb.org/t/p/original/hbIL53MdZFJXsgxXaSOVuApWTs8.jpg
4131,Eden Lake,13510,https://image.tmdb.org/t/p/original/ldX6jqMf7OcMdGSyG7Uzi64a7ks.jpg
4132,Plush,215881,https://image.tmdb.org/t/p/original/iKtQbFwd72ZnXYbEIfEDVpHEJqo.jpg
4133,Lesbian Vampire Killers,18238,https://image.tmdb.org/t/p/original/3IROnPMgDnI1TYQ4PZBB0nn6CwX.jpg
4134,Jerusalema,22600,https://image.tmdb.org/t/p/original/8IkwhBeDhP93HDxzofUOB4z5Ngo.jpg
4135,Freeze Frame,12612,https://image.tmdb.org/t/p/original/A7SNMoBXWt0GAdktkVY1SB3y3vQ.jpg
4136,Grave Encounters,50698,https://image.tmdb.org/t/p/original/8vnsB3Rg9Gb91UOaecXRb7dYB37.jpg
4137,Stitches,115210,https://image.tmdb.org/t/p/original/lxZ6rfvzKWwt2nu7ElrwYkNHu5o.jpg
4138,Nine Dead,34335,https://image.tmdb.org/t/p/original/3zAYW3q6gawnV68XdXtkBNBgUEX.jpg
4139,Bananas,11302,https://image.tmdb.org/t/p/original/gK11RUXspxqty0Wq6KoV8J0crKO.jpg
4140,$upercapitalist,119458,https://image.tmdb.org/t/p/original/qQrVjSPIarrSnpY9O1eZH01VbUh.jpg
4141,Rockaway,20406,https://image.tmdb.org/t/p/original/9VlOskJuRF0rCqFzoZnfsBf4PC2.jpg
4142,The Lady from Shanghai,3766,https://image.tmdb.org/t/p/original/whqdqWavNMSoeXTx1X3DauO1LG6.jpg
4143,No Man's Land: The Rise of Reeker,18616,https://image.tmdb.org/t/p/original/1LAjKJ2Xcmb1ixIKq6ZA3LVq871.jpg
4144,Highway,18808,https://image.tmdb.org/t/p/original/jttL1E4eCQn7tHBbYlUkMz865Q4.jpg
4145,Small Apartments,95755,https://image.tmdb.org/t/p/original/z7j98OiCC6v0gOXJ9VF5t2kV169.jpg
4146,Coffee Town,198062,https://image.tmdb.org/t/p/original/475PTJRhikorye5BnTan5BPm85j.jpg
4147,The Ghastly Love of Johnny X,188652,https://image.tmdb.org/t/p/original/x5f1DNKwid7Pce9afAQd2waPtDs.jpg
4148,All Is Bright,174311,https://image.tmdb.org/t/p/original/spCLVHZnOCcjrGwCEaVi8ADKRsn.jpg
4149,Die Schlangengrube und das Pendel,12602,https://image.tmdb.org/t/p/original/vkXv0vRtHXaYpVCrpwy5qCBJypC.jpg
4150,Straight A's,153795,https://image.tmdb.org/t/p/original/92bkt0yTztGrNy44bOIHkxpkcDn.jpg
4151,A Funny Thing Happened on the Way to the Forum,17768,https://image.tmdb.org/t/p/original/h3S9DZMUZNsAqd8ZNBed7ttPWXk.jpg
4152,Slacker Uprising,13516,https://image.tmdb.org/t/p/original/aZappNo0qadtT2qyrPREAZ6GVoZ.jpg
4153,The Legend of Hell's Gate: An American Conspiracy,98549,https://image.tmdb.org/t/p/original/meg2YdNDQFAPodjz8IHCYepc0vw.jpg
4154,Walking with the Dead,312793,https://image.tmdb.org/t/p/original/i7X1Z7Oo4pJghgDmDoL1rIhyGJd.jpg
4155,The Curse of Downers Grove,309919,https://image.tmdb.org/t/p/original/fTpYTV0a23Diw344tE199bIHo7l.jpg
4156,Shark Lake,299553,https://image.tmdb.org/t/p/original/rAvFko64iscEmDQkVnmc8rpmqCw.jpg
4157,River's Edge,21309,https://image.tmdb.org/t/p/original/bT68aKa9d7zDF7Z8MaskbWBRqzb.jpg
4158,Northfork,32235,https://image.tmdb.org/t/p/original/jb3qheP75UgVibpnfubotrBDY5v.jpg
4159,The Marine 4: Moving Target,329540,https://image.tmdb.org/t/p/original/yR4R4SP6nLwwJ30DZOCVXefqPhi.jpg
4160,Buried,26388,https://image.tmdb.org/t/p/original/splPNB0vAoNlb8l5WYxz2E3FK2G.jpg
4161,Submarine,49020,https://image.tmdb.org/t/p/original/nbzXX3CYtKUBrPeMcG7PVoLQHXB.jpg
4162,The Square,159037,https://image.tmdb.org/t/p/original/fbhmYUTdRgnFvumVewTCLgbvYm9.jpg
4163,Chacun sa nuit,12838,https://image.tmdb.org/t/p/original/AnF2ewdZax4tGhzUU7JYqBGa7FX.jpg
4164,एबीसीडी,157293,https://image.tmdb.org/t/p/original/6d10bDZIg8vQNnzSn9wAu4KD8hc.jpg
4165,Man on Wire,14048,https://image.tmdb.org/t/p/original/1mS4rhIgHZcHIvf1beP9Av0Ui33.jpg
4166,Abandoned,356987,https://image.tmdb.org/t/p/original/9iUsETntqb2hCZnM5wwlH0IWZ8Y.jpg
4167,Brotherly Love,295886,https://image.tmdb.org/t/p/original/z8Fg0EcHvNLjvASg0h1FbwvrIXe.jpg
4168,The Last Exorcism,38358,https://image.tmdb.org/t/p/original/eOo9tgGjxdsQEgqc6g7E1NL8460.jpg
4169,Nowhere Boy,33511,https://image.tmdb.org/t/p/original/1rFcosLtBnGL2ru0IPtwx3QSeKK.jpg
4170,A Streetcar Named Desire,702,https://image.tmdb.org/t/p/original/aicdlO5vt7z2ARm279eGzJeYCLQ.jpg
4171,Dr. Strangelove or: How I Learned to Stop Worrying and Love the Bomb,935,https://image.tmdb.org/t/p/original/6x7MzQ6BOMlRzam1StcmPO9v61g.jpg
4172,El Crimen del Padre Amaro,542,https://image.tmdb.org/t/p/original/wqwt2DKcQV6EeSwXuYTk7pkLFii.jpg
4173,Beasts of the Southern Wild,84175,https://image.tmdb.org/t/p/original/nQJmWekGYlXhezGUb21xFfEfwhH.jpg
4174,Battle for the Planet of the Apes,1705,https://image.tmdb.org/t/p/original/dP5dYjLp5p2CG103cJMio4Nj29d.jpg
4175,Songcatcher,62677,https://image.tmdb.org/t/p/original/qpUSLY5BPi42rqO097tNF8e53Qm.jpg
4176,Higher Ground,50875,https://image.tmdb.org/t/p/original/xFvN6OVYGwPokUnkZlKxd1coxbS.jpg
4177,வாலு,260778,https://image.tmdb.org/t/p/original/cQ3MxP5yrMfdjSwVq2hjW5oRWKy.jpg
4178,The Greatest Movie Ever Sold,58492,https://image.tmdb.org/t/p/original/qyPsCqMbTJznLu8KBWg0CLNRbIH.jpg
4179,Ed and His Dead Mother,44562,https://image.tmdb.org/t/p/original/AnF4FFmJPIJhZ3FoOhlTWClPHFR.jpg
4180,Travellers and Magicians,37232,https://image.tmdb.org/t/p/original/rVXiPoXzeoyExzepxdv4eQQMERa.jpg
4181,Hang 'em High,4929,https://image.tmdb.org/t/p/original/gFvRKgCAa1MKlcAKZfoDNdR2dgy.jpg
4182,Deadline - U.S.A.,36334,https://image.tmdb.org/t/p/original/xioYj4tRukm2BETibaJwXlQar2V.jpg
4183,Sublime,9783,https://image.tmdb.org/t/p/original/285yCXj3JIe7rXdedZJ0FD4KPnS.jpg
4184,A Beginner's Guide to Snuff,386826,https://image.tmdb.org/t/p/original/kv0i6XqUULBcgCHwXedZZulOPyv.jpg
4185,Independence Daysaster,205126,https://image.tmdb.org/t/p/original/6jor0EqECPgHqu89GrQIy9Wetkf.jpg
4186,Dysfunctional Friends,98557,https://image.tmdb.org/t/p/original/oq9UGUeaGzLNR0nAcQZuYLIpuBg.jpg
4187,Lola rennt,104,https://image.tmdb.org/t/p/original/v0giIi4bTILVhNhJajet3WWY3FA.jpg
4188,May,10894,https://image.tmdb.org/t/p/original/oFXhJYTax1cnNtgvLdKlXuYiWPV.jpg
4189,Against the Wild,246449,https://image.tmdb.org/t/p/original/cTs2mJEJMa6WxYt4ZJnlz2xK0VC.jpg
4190,La misma luna,32579,https://image.tmdb.org/t/p/original/wx9DwdcgvLhoQJP3AOXpvMISgtM.jpg
4191,Conquest of the Planet of the Apes,1688,https://image.tmdb.org/t/p/original/lZ1pUxJCO14ObrhDuxTBuYm0tjN.jpg
4192,In the Bedroom,1999,https://image.tmdb.org/t/p/original/IQj11YbraLDyPYaz79jtDoAscc.jpg
4193,I Spit on Your Grave,43947,https://image.tmdb.org/t/p/original/4VZ9eqel8Fsp54KMnesr3xIc67N.jpg
4194,"Happy, Texas",24066,https://image.tmdb.org/t/p/original/iSEzKwTDQfmlIFJqKia2cSg88KH.jpg
4195,My Summer of Love,9709,https://image.tmdb.org/t/p/original/47eozMel2wZgEASToUzScsPVpDs.jpg
4196,Dabba,191714,https://image.tmdb.org/t/p/original/jSOiz1h97i3qwjZJXY8SeLvjPsl.jpg
4197,Yes,25312,https://image.tmdb.org/t/p/original/70PQCYF3ExuKHqyieJhYV0GJg9H.jpg
4198,You Can't Take It With You,34106,https://image.tmdb.org/t/p/original/9JltqbDyWstYW6gnvqDO6L5bOrx.jpg
4199,From Here to Eternity,11426,https://image.tmdb.org/t/p/original/25Rm1YJSyhXAEu8abonZvW83aPL.jpg
4200,She Wore a Yellow Ribbon,13909,https://image.tmdb.org/t/p/original/2IXtuwkTVcDsaa09AiQnlkfxe7I.jpg
4201,Grace Unplugged,206284,https://image.tmdb.org/t/p/original/1woGP3DCEyfPuifRPSkrwDanOQm.jpg
4202,Foolish,27455,https://image.tmdb.org/t/p/original/p1WbWy2nq6PXbFKYmQq0PB768OD.jpg
4203,N-Secure,66468,https://image.tmdb.org/t/p/original/eYbnGcx48fnujZkR7Wo0x4RzL12.jpg
4204,سكر بنات,7973,https://image.tmdb.org/t/p/original/3YAAZuO0Rz33CrIO66NqxMS6R4y.jpg
4205,Out of the Dark,283686,https://image.tmdb.org/t/p/original/Lql2rnNRmKJrjq4FhEUh7IwkNd.jpg
4206,Ha-Buah,15976,https://image.tmdb.org/t/p/original/b73kg6GIuUBAHavvQm2AKSCBA1.jpg
4207,The Conversation,592,https://image.tmdb.org/t/p/original/dHqVBwcv1SGymOpUueRoKzcmdes.jpg
4208,दिल जो भी कहे,74084,https://image.tmdb.org/t/p/original/boSr1IpelWee87Lf88l5biw2fcf.jpg
4209,La sirène du Mississipi,1651,https://image.tmdb.org/t/p/original/l2jsT4bWzGZry34x4k5eNiSquhv.jpg
4210,I Love Your Work,25428,https://image.tmdb.org/t/p/original/eEHWma4acEcP0byL2a7h9MJxB57.jpg
4211,Cabin Fever,298584,https://image.tmdb.org/t/p/original/yJQLWoizC5zBjVk9dr2Qo1K1TCI.jpg
4212,Waitress,10758,https://image.tmdb.org/t/p/original/ux3SPTHHmJytSjWEaV7xlo9nbOZ.jpg
4213,Bloodsport,11690,https://image.tmdb.org/t/p/original/kndxR9TRK0kJ5hxzDprRSS80F2W.jpg
4214,Mr. Smith Goes to Washington,3083,https://image.tmdb.org/t/p/original/nDjg1fbNyq15excNDl3acd2IqAk.jpg
4215,Kids,9344,https://image.tmdb.org/t/p/original/8qV8hUVCUnFIQKewzlhaFWhdszK.jpg
4216,The Squid and the Whale,10707,https://image.tmdb.org/t/p/original/h4FMTKrWgwSUQTSbMnSA4ECKzl2.jpg
4217,Kissing Jessica Stein,15647,https://image.tmdb.org/t/p/original/8b2g8QZRLTJMYyzc3HirTSRQpLW.jpg
4218,Kickboxer: Vengeance,308529,https://image.tmdb.org/t/p/original/9suFyXDE1MhZ8I8tuhmTd0fJ7G8.jpg
4219,Spellbound,4174,https://image.tmdb.org/t/p/original/dPAox7jGScLBvxKLeRptJIBF7v.jpg
4220,Exotica,20156,https://image.tmdb.org/t/p/original/pWcJdcIHjL3P6NaEJKeV6ONfAMV.jpg
4221,Buffalo '66,9464,https://image.tmdb.org/t/p/original/fxzXFzbSGNA52NHQCMqQiwzMIQw.jpg
4222,Insidious,49018,https://image.tmdb.org/t/p/original/5N2MBL4iylyZVec0M913YrRoSqO.jpg
4223,Repo Man,13820,https://image.tmdb.org/t/p/original/bjuu5UceuVUNUjnOC2fBzL3hZKC.jpg
4224,Nueve Reinas,18079,https://image.tmdb.org/t/p/original/tabMRXUTTBmprGax6ON2r9yBN0D.jpg
4225,The Gatekeepers,127918,https://image.tmdb.org/t/p/original/y7B7Ko7ZEXKcBLkO8HiGFAxAKjA.jpg
4226,The Ballad of Jack and Rose,17113,https://image.tmdb.org/t/p/original/jhID43WmWf3HeH3M3tBCPTSeBOi.jpg
4227,The To Do List,129139,https://image.tmdb.org/t/p/original/vSVYCcvDJljrESZo1jJyXPVvwfk.jpg
4228,Killing Zoe,507,https://image.tmdb.org/t/p/original/k3UEKMVnkljOlsO5sLmz87YGlaG.jpg
4229,The Believer,4012,https://image.tmdb.org/t/p/original/6hw5RXCVgqKtY6xmHsEWRjJXljM.jpg
4230,Snow Angels,14054,https://image.tmdb.org/t/p/original/hKtht1ezc31mH1cBIHoDPmScnk9.jpg
4231,Unsullied,323271,https://image.tmdb.org/t/p/original/3cby5ym34M2N1kNvz4bIezFYJFb.jpg
4232,Session 9,10972,https://image.tmdb.org/t/p/original/A3Au37c3KJX29BDvldzGiYtaU5B.jpg
4233,I Want Someone to Eat Cheese With,13066,https://image.tmdb.org/t/p/original/kLlygFX66qkJs0rTL2M5G6b6HhJ.jpg
4234,Mooz-lum,66025,https://image.tmdb.org/t/p/original/adSb3QS8wW234v7HVhbFWABhgy7.jpg
4235,Hatchet,11908,https://image.tmdb.org/t/p/original/lkh3Fwruds78feXfP1Zb9kBLydL.jpg
4236,Modern Times,3082,https://image.tmdb.org/t/p/original/7uoiKOEjxBBW0AgDGQWrlfGQ90w.jpg
4237,Stolen Summer,39541,https://image.tmdb.org/t/p/original/marKnaLfvEnQ1DK3U2SLKYRGVdh.jpg
4238,My Name Is Bruce,1961,https://image.tmdb.org/t/p/original/et2f1JBW533ZzYiCEA2T7nwzcs1.jpg
4239,The Salon,51820,https://image.tmdb.org/t/p/original/uI38GTzFL00G2VJSzRUEuOnSE3s.jpg
4240,Road Hard,291362,https://image.tmdb.org/t/p/original/aClpHJtwN2I6DmCZpu54LUVoQJK.jpg
4241,Forty Shades of Blue,30082,https://image.tmdb.org/t/p/original/tWhkFzXkqS9afk2KKTTwd6IBmZ6.jpg
4242,Amigo,72913,https://image.tmdb.org/t/p/original/4u5hpGZa99zaKKjEUssbDWI6kRp.jpg
4243,Pontypool,23963,https://image.tmdb.org/t/p/original/eGCvmv0Dmaqo9O8qckMDSIHSSZ7.jpg
4244,Trucker,29406,https://image.tmdb.org/t/p/original/kiOEBjIsTiGtYBDfaoaCwwXGIFP.jpg
4245,Me You and Five Bucks,361505,https://image.tmdb.org/t/p/original/ukQf5WWnLerLsMR1bo33HmQ6EUG.jpg
4246,The Lords of Salem,104755,https://image.tmdb.org/t/p/original/nqZ6CGGZpQWt139YioekSYHvvkU.jpg
4247,Housebound,253306,https://image.tmdb.org/t/p/original/jPKEeHmUuoDnIaRs6VUqSr4qRGR.jpg
4248,Wal-Mart: The High Cost of Low Price,29595,https://image.tmdb.org/t/p/original/6PYx4HEbczd9QUCex5Wspkhjef5.jpg
4249,Fetching Cody,46729,https://image.tmdb.org/t/p/original/p7vuoA0vIldc9t48CRwougpidoj.jpg
4250,Last I Heard,294600,https://image.tmdb.org/t/p/original/plfE6Ijfse0ALy4UFdgcAu23F7z.jpg
4251,Closer to the Moon,137347,https://image.tmdb.org/t/p/original/pBqnSEkLMZoEFgOCQLxM7wKmmS0.jpg
4252,Mutant World,290370,https://image.tmdb.org/t/p/original/qW10Tx8IQsDZRr7seAz2Ld8YRLy.jpg
4253,Growing Up Smith,426469,https://image.tmdb.org/t/p/original/ncALkAajnctju0CYKH4bFm40QJD.jpg
4254,Checkmate,356841,https://image.tmdb.org/t/p/original/gG4iRaSrivB7hWtzwkM9UsQ7nma.jpg
4255,#Horror,301325,https://image.tmdb.org/t/p/original/v9pTHwhpSWmPHU8i1pEt9VIG9Kg.jpg
4256,Wind Walkers,347755,https://image.tmdb.org/t/p/original/hDqOR0axvOQGFPt57pwj1Yh7NvW.jpg
4257,Snow White and the Seven Dwarfs,408,https://image.tmdb.org/t/p/original/3VAHfuNb6Z7UiW12iYKANSPBl8m.jpg
4258,La niña santa,44413,https://image.tmdb.org/t/p/original/srA4HPJe0YpDTZ4L4Nj5psD7v48.jpg
4259,Shalako,39209,https://image.tmdb.org/t/p/original/ywxINymAsSGAJmPvDqMkdFY3PNH.jpg
4260,Incident at Loch Ness,48463,https://image.tmdb.org/t/p/original/hsBmbcL4KiZerEwFJO4BHlvnbA8.jpg
4261,The Dog Lover,394047,https://image.tmdb.org/t/p/original/sDPBBKZAIP6r2OaLfNBSI1hdp2Q.jpg
4262,GirlHouse,312791,https://image.tmdb.org/t/p/original/4zR3QYWoeY2mTwVWnVxUQQptqdM.jpg
4263,La chambre bleue,266034,https://image.tmdb.org/t/p/original/fYHOfbx9Xuxbu6LJBJA9EPom70Q.jpg
4264,House at the End of the Drive,280381,https://image.tmdb.org/t/p/original/AmW0Rz1McoXMYPxl5WoootpiJsz.jpg
4265,Batman,2661,https://image.tmdb.org/t/p/original/zzoPxWHnPa0eyfkMLgwbNvdEcVF.jpg
4266,"Lock, Stock and Two Smoking Barrels",100,https://image.tmdb.org/t/p/original/6pJB2t3MbQUy9m5pFIBHXLqnqNd.jpg
4267,The Ballad of Gregorio Cortez,218500,https://image.tmdb.org/t/p/original/wrPjMYU75lJpYgE6KwQmiv18oaA.jpg
4268,Festen,309,https://image.tmdb.org/t/p/original/2LRzNq41yrY8EjCnD1S8sCCPvKk.jpg
4269,Trees Lounge,27845,https://image.tmdb.org/t/p/original/2DtoVhI9RkArGbzkvctGxY578QN.jpg
4270,Vượt Sóng,25784,https://image.tmdb.org/t/p/original/20QLLHVKEkkABlRf17e9jWYcibe.jpg
4271,The Basket,52790,https://image.tmdb.org/t/p/original/4i98DTRSDGk6JiKBc1LDBvxelw.jpg
4272,Eddie: The Sleepwalking Cannibal,100275,https://image.tmdb.org/t/p/original/2B4wSzrsbK2nnZs5HcZ3LSALQkh.jpg
4273,Kurmanjan Datka. Queen of the Mountains,295914,https://image.tmdb.org/t/p/original/9my4y17YNNIIx6A1aP8BvuO5WdG.jpg
4274,Def-Con 4,42033,https://image.tmdb.org/t/p/original/qPQ8gUy228PrCkIFQlUVMppaD5.jpg
4275,The Hebrew Hammer,19187,https://image.tmdb.org/t/p/original/HryOo5fCwJ5QUbNqjYAotgoj9c.jpg
4276,Neal 'n' Nikki,46415,https://image.tmdb.org/t/p/original/aCjfuhKLvnH4K1QaxB2GJkGicWY.jpg
4277,The 41–Year–Old Virgin Who Knocked Up Sarah Marshall and Felt Superbad About It,38570,https://image.tmdb.org/t/p/original/cZeQktLjM9NMCtigex7pBPJx34h.jpg
4278,Forget Me Not,27588,https://image.tmdb.org/t/p/original/jDux50AIllCTIeAwg8wJ32oN1EE.jpg
4279,Rebecca,223,https://image.tmdb.org/t/p/original/1qz3qUOHnVy7dL7M7G8jSErxE4b.jpg
4280,Friday the 13th Part 2,9725,https://image.tmdb.org/t/p/original/92rGctBMTv4uaSlIBVnhz01kRWL.jpg
4281,The Lost Weekend,28580,https://image.tmdb.org/t/p/original/8ggIOoCzt8xT2ePl8DdlRtXgcOh.jpg
4282,C.H.U.D.,23730,https://image.tmdb.org/t/p/original/8BVw5RIDBTZwdMAR1VKpAkwrMjj.jpg
4283,Filly Brown,84197,https://image.tmdb.org/t/p/original/5CdRIAll52h0s0cbFH0VKiCp7pg.jpg
4284,The Lion of Judah,46256,https://image.tmdb.org/t/p/original/dOF8yD82vboFuC0gbJdZtz2JeI8.jpg
4285,Niagara,19997,https://image.tmdb.org/t/p/original/wb9OBAiO3aUpY4UBkE07KscXSkA.jpg
4286,How Green Was My Valley,43266,https://image.tmdb.org/t/p/original/8N7OmxBqjRVUrqergUduGgr6exy.jpg
4287,Da Sweet Blood of Jesus,278316,https://image.tmdb.org/t/p/original/dUqIwSKX9cEkahmv1lsolT8ouE9.jpg
4288,"Sex, Lies, and Videotape",1412,https://image.tmdb.org/t/p/original/pj1uKm07svgXZDHbYE8AzRfNHcu.jpg
4289,Saw,176,https://image.tmdb.org/t/p/original/rLNSOudrayDBo1uqXjrhxcjODIC.jpg
4290,Super Troopers,39939,https://image.tmdb.org/t/p/original/yJyxPItcLNVfYr7idOphQTmQ9hK.jpg
4291,The Algerian,357834,https://image.tmdb.org/t/p/original/AsjTIGBTA5mrFk6lVLYTKs5aJEy.jpg
4292,Los insólitos peces gato,215924,https://image.tmdb.org/t/p/original/zZ9wdeh2jXZJYUxngOapEUsCVYh.jpg
4293,Monsoon Wedding,480,https://image.tmdb.org/t/p/original/vCwkv7tYFem0tQ9Duoq2MX7T7Zd.jpg
4294,You Can Count on Me,14295,https://image.tmdb.org/t/p/original/7mGFmij1FZD5eUnNwvUjmpqrDl6.jpg
4295,The Trouble with Harry,11219,https://image.tmdb.org/t/p/original/uUXLq7fEG3hI46ZFMZzgHj11S6S.jpg
4296,But I'm a Cheerleader,20770,https://image.tmdb.org/t/p/original/dGEwlAuzTZoZjvsqgT2MRKHnGi8.jpg
4297,Home Run,176124,https://image.tmdb.org/t/p/original/687pD1t23ptW7mxhA34ASLEaFrE.jpg
4298,Reservoir Dogs,500,https://image.tmdb.org/t/p/original/xi8Iu6qyTfyZVDVy60raIOYJJmk.jpg
4299,The Blue Bird,60400,https://image.tmdb.org/t/p/original/4MLru2banKCbCC5iGOmqon3h569.jpg
4300,"Il buono, il brutto, il cattivo",429,https://image.tmdb.org/t/p/original/bX2xnavhMYjWDoZp1VM6VnU1xwe.jpg
4301,Que Horas Ela Volta?,310569,https://image.tmdb.org/t/p/original/u1tDQun2iJAzersd94S8P47WEOL.jpg
4302,Blue Like Jazz,98369,https://image.tmdb.org/t/p/original/t6boEESUOnO31vD0FPfNAAHV8y.jpg
4303,Down & Out With The Dolls,114065,https://encrypted-tbn0.gstatic.com/images?q=tbn:ANd9GcRoWcWg0E8pSjBNi0TtiZsqu8uD2PAr_K11DA&s
4304,"Pink Ribbons, Inc.",89750,https://image.tmdb.org/t/p/original/kiGhBNHtACElOoGpQDY26JcFc3W.jpg
4305,Certifiably Jonathan,49951,https://image.tmdb.org/t/p/original/9iZuJ4I5Fxr8EeRMvoDIJRxOL3e.jpg
4306,Q,86331,https://image.tmdb.org/t/p/original/wxvvNXY3n0637cOcdeC61eyVAnC.jpg
4307,La Navaja De Don Juan,355629,https://image.tmdb.org/t/p/original/sb7lZhOmQN5QrAVx4voyBDuPilM.jpg
4308,Grand Theft Parsons,16433,https://image.tmdb.org/t/p/original/5sWWj5tlTDyAi2yiEjQZUmJCoKr.jpg
4309,Extreme Movie,15544,https://image.tmdb.org/t/p/original/3N5XjwUITJo5MFhvWCJHVJt8pAg.jpg
4310,The Charge of the Light Brigade,43884,https://image.tmdb.org/t/p/original/v7PFjyhEAWKGQ8g6cTGw4GzYKsa.jpg
4311,Below Zero,107315,https://image.tmdb.org/t/p/original/yZtJz83LOjn5tI6QSKMQfrNHpvC.jpg
4312,Crowsnest,137955,https://image.tmdb.org/t/p/original/g2swX9YGaIq1dpGr7gva8DGnWe4.jpg
4313,Airborne,13064,https://image.tmdb.org/t/p/original/4TPCzvOoQmmParPjgHCiqqiVYIJ.jpg
4314,Cotton Comes to Harlem,59917,https://image.tmdb.org/t/p/original/tW30OfbGhe2uFBw4cr6tKsZwCcl.jpg
4315,The Wicked Within,157422,https://image.tmdb.org/t/p/original/82lKQXWuPBaGA9048pHB9WsPAPO.jpg
4316,Bleeding Hearts,310933,https://image.tmdb.org/t/p/original/o8alLhpTJUKuFPEU7dECEUj1MNL.jpg
4317,Waiting...,7553,https://image.tmdb.org/t/p/original/58cmWAcyNaN3GgHYM9pDrdoeMki.jpg
4318,Dead Man's Shoes,12877,https://image.tmdb.org/t/p/original/sCbXlGHmonE3QEOeM7I2PRkG8y6.jpg
4319,From a Whisper to a Scream,39895,https://image.tmdb.org/t/p/original/h2UzUndAmuqJsluhCK7vZuVjyhu.jpg
4320,Sex With Strangers,102840,https://image.tmdb.org/t/p/original/hKoiQdPIwPpLvDq60pLkhVNBTe5.jpg
4321,Dracula: Pages from a Virgin's Diary,55616,https://image.tmdb.org/t/p/original/qioaICsGsr8Bu8yr6UGPLmV9crX.jpg
4322,Faith Like Potatoes,29697,https://image.tmdb.org/t/p/original/aDbCnYtGf850s9EfU3LOh1gejm4.jpg
4323,Beyond the Black Rainbow,50037,https://image.tmdb.org/t/p/original/uhomcCTQ3lO8L6mLhkCMypsnroO.jpg
4324,Serbuan maut,94329,https://image.tmdb.org/t/p/original/Abnm1Ws3JH0ReCfEhLMPwPcMcGO.jpg
4325,The Dead Undead,53502,https://image.tmdb.org/t/p/original/5vQ1GtMNiTVGvh9yxrWb8jujrIF.jpg
4326,The Vatican Exorcisms,202604,https://image.tmdb.org/t/p/original/dLouGrpKl02GrlUK4wfNZiUW7Wy.jpg
4327,Casablanca,289,https://image.tmdb.org/t/p/original/oyGRZVIthHJjc98ekKpeWpDh8Ws.jpg
4328,Lake Mungo,27374,https://image.tmdb.org/t/p/original/kqplCmk46RUt7YkIqugI05jC2V8.jpg
4329,Rocket Singh: Salesman of the Year,26815,https://image.tmdb.org/t/p/original/3Z8lLFzPOBfOO4w3CykRaCeh9h.jpg
4330,Silent Running,811,https://image.tmdb.org/t/p/original/ahasZ5HILZHtlrl6cbXgpfk0y8H.jpg
4331,Rocky,1366,https://image.tmdb.org/t/p/original/8kEun6U9hTddM7NEfLLCGQKU2Mp.jpg
4332,The Sleepwalker,244776,https://image.tmdb.org/t/p/original/asTg7u7yYQIBeEx9tTvpTQVkjFJ.jpg
4333,Tom Jones,5769,https://image.tmdb.org/t/p/original/yKuZKLMhe74PJzaxYLh2s8h4P2P.jpg
4334,Unfriended,277685,https://image.tmdb.org/t/p/original/8byPxREr3BqBNyyij5WHVSOVtYk.jpg
4335,Taxi Driver,103,https://image.tmdb.org/t/p/original/ekstpH614fwDX8DUln1a2Opz0N8.jpg
4336,The Howling,11298,https://image.tmdb.org/t/p/original/nRTonikdpMUYr3y3RXESLBhRUov.jpg
4337,Dr. No,646,https://image.tmdb.org/t/p/original/9zCOLJmLNst0sCPZlkW1IRoH65E.jpg
4338,Chernobyl Diaries,93856,https://image.tmdb.org/t/p/original/9AKhThGA8IATBy3gR7I4dw9SEc4.jpg
4339,Hellraiser,9003,https://image.tmdb.org/t/p/original/3Z0oPHyLnk3Vx6ZMC1MiVwIrKhO.jpg
4340,God's Not Dead 2,347126,https://image.tmdb.org/t/p/original/l0Di5mvlFhIxTn8VPGhcrYE0MCT.jpg
4341,Cry_Wolf,10092,https://image.tmdb.org/t/p/original/yowK7werQni7COdycgkUkB2E7Kt.jpg
4342,Gojira ni-sen mireniamu,10643,https://image.tmdb.org/t/p/original/8zTfwYxFhSlqjtltkkhpsK6Eg2m.jpg
4343,Blue Valentine,46705,https://image.tmdb.org/t/p/original/dc8BdKnDY5Iy28KzUGtHIXuqqFK.jpg
4344,Transamerica,546,https://image.tmdb.org/t/p/original/7LGWKXxYGTr2wJE0AdthPzzlczt.jpg
4345,The Devil Inside,76487,https://image.tmdb.org/t/p/original/mtyFRIRBmrCE2XKU5EnEK8dtu2X.jpg
4346,Beyond the Valley of the Dolls,5722,https://image.tmdb.org/t/p/original/kmGOF3T35Q6zM1PMmp4Gf0VNX65.jpg
4347,Love Me Tender,39833,https://image.tmdb.org/t/p/original/4PdRIIrBN4q8H7f8yGbd0ScpTjh.jpg
4348,An Inconvenient Truth,1781,https://image.tmdb.org/t/p/original/zrYT5UHE2UIsofwkv6KK2Tsu5a.jpg
4349,Sands of Iwo Jima,18712,https://image.tmdb.org/t/p/original/utpy9JLuyhsxpw2E3yExw23f3eS.jpg
4350,Shine a Light,7944,https://image.tmdb.org/t/p/original/rMVrNWWaO3xAWZHFUbeamWPzVAC.jpg
4351,The Green Inferno,171424,https://image.tmdb.org/t/p/original/dTnAYyUwp6lT0cKrt4aNujj5mdF.jpg
4352,Departure,361475,https://image.tmdb.org/t/p/original/6TZ4H3iOHcpWr9zmClps3jZGhQV.jpg
4353,The Sessions,113947,https://image.tmdb.org/t/p/original/57o1DBc5DfJXVc8wArAblSbZ8sD.jpg
4354,"Food, Inc.",18570,https://image.tmdb.org/t/p/original/zdwN4o7OGAZGJw9T64lRAGTEP8b.jpg
4355,October Baby,83860,https://image.tmdb.org/t/p/original/dZWU5Hn4lkhid3MqVMCEPk9z9QI.jpg
4356,Next Stop Wonderland,41469,https://image.tmdb.org/t/p/original/e6bEY3XUUESEk8me3VUfMAOiLON.jpg
4357,The Skeleton Twins,244772,https://image.tmdb.org/t/p/original/lDygTdg1KlrVJVzqsFL515uGzSe.jpg
4358,Martha Marcy May Marlene,50837,https://image.tmdb.org/t/p/original/oDPZ6lch424c1BVZ7jP5tSwrJ6X.jpg
4359,Obvious Child,248774,https://image.tmdb.org/t/p/original/vAVuQuboHiqc6ClsFeWQXBHJkOX.jpg
4360,Frozen River,10183,https://image.tmdb.org/t/p/original/qZRcN4JLwYQWTxKlycZPLQb37mO.jpg
4361,20 Feet from Stardom,159014,https://image.tmdb.org/t/p/original/6iRxKxfE6SB586cQV3BH8NSMzoZ.jpg
4362,Two Girls and a Guy,32456,https://image.tmdb.org/t/p/original/9Hj90OgXLBReJCAGqOOzzxjZfCh.jpg
4363,Walking and Talking,49963,https://image.tmdb.org/t/p/original/m8JMJQUfGwGt7gse8aoduAcTYE.jpg
4364,Who Killed the Electric Car?,13508,https://image.tmdb.org/t/p/original/uMamC9o5zNU9wn8fyuAo2gUCMiD.jpg
4365,The Broken Hearts Club: A Romantic Comedy,22597,https://image.tmdb.org/t/p/original/g9bqbopRZYy5Z2137zFoFQRXVEW.jpg
4366,Bubba Ho-tep,9707,https://image.tmdb.org/t/p/original/pKQBit5ZV7GEOTiMBSYC6xBn86K.jpg
4367,Slam,37532,https://image.tmdb.org/t/p/original/qU0QR2ax1hyjfACni4Clgsc5YyX.jpg
4368,Brigham City,26791,https://image.tmdb.org/t/p/original/8CM2YIX0qLcqDY7d6iVb4uRXGG8.jpg
4369,Fiza,56666,https://image.tmdb.org/t/p/original/qS043WN2PK3tKljRyQKh8SXRHk5.jpg
4370,Orgazmo,8675,https://image.tmdb.org/t/p/original/irvFBOc33CHsioU6hqcu8ExymEa.jpg
4371,All the Real Girls,13132,https://image.tmdb.org/t/p/original/sQ6dMkwPIFucYSmFQcr38WBYzs.jpg
4372,Dream with the Fishes,47686,https://image.tmdb.org/t/p/original/wEYVS0WSCC7ZtT9D1ZnpGA3RvDK.jpg
4373,Blue Car,46989,https://image.tmdb.org/t/p/original/6xld6dA6rlctR9mUtcVRigZTfu5.jpg
4374,Palo Alto,192132,https://image.tmdb.org/t/p/original/yjcwwYP3eSigxLKKVBoVVz85ZWv.jpg
4375,Ajami,24424,https://image.tmdb.org/t/p/original/wA7rM6zoWqJDT9BG5Vj92WbEJEp.jpg
4376,Wristcutters: A Love Story,13198,https://image.tmdb.org/t/p/original/qModiIR60IMLP28ruGZluQOtsOj.jpg
4377,I Origins,244267,https://image.tmdb.org/t/p/original/2P31jhd1dWUAPD8dmnSrwkQ8CNN.jpg
4378,The Battle of Shaker Heights,21413,https://image.tmdb.org/t/p/original/l7PDR9rtbUN5b4gMVPSLMqIgfov.jpg
4379,Jagal,123678,https://image.tmdb.org/t/p/original/sp5B7Tz5ttsgOLnIlCP5uEhtesI.jpg
4380,Taxi to the Dark Side,13362,https://image.tmdb.org/t/p/original/ttCOk1fQGvFJvPIJS7D8J2jOjpo.jpg
4381,Once in a Lifetime: The Extraordinary Story of the New York Cosmos,39183,https://image.tmdb.org/t/p/original/ubgZkHS1KoVILTH051zr47vMfDv.jpg
4382,Guiana 1838,62402,https://image.tmdb.org/t/p/original/d6YNDQZQRM1io2Etq5I1T8YObsc.jpg
4383,Lisa Picard Is Famous,206412,https://image.tmdb.org/t/p/original/cVC2chP5nJxAOs5FIBeZJ6KfDfm.jpg
4384,Antarctica: A Year on Ice,201132,https://image.tmdb.org/t/p/original/fqN7BA80LHTUkjEaMl6fgQGVtAm.jpg
4385,A LEGO Brickumentary,251471,https://image.tmdb.org/t/p/original/ojBg3yJfsqzi1maypHV7sW7COcn.jpg
4386,Hardflip,112456,https://image.tmdb.org/t/p/original/At3R00Jvpf3W03oWSYmplKjyWGZ.jpg
4387,Chocolate: Deep Dark Secrets,20296,https://image.tmdb.org/t/p/original/dAGpuhiI3kbvc5SAmuf839iaUIe.jpg
4388,The House of the Devil,25983,https://image.tmdb.org/t/p/original/4abKUbc9IbsndbaY1hacN1iPM0Y.jpg
4389,The Perfect Host,66195,https://image.tmdb.org/t/p/original/tYqk1u5d3eARg5gV8cF4RZFZKKQ.jpg
4390,Safe Men,16155,https://image.tmdb.org/t/p/original/857L7x6uFNr4c2oHD5KJw5pkbxn.jpg
4391,Speedway Junky,46727,https://image.tmdb.org/t/p/original/qZXKzRrrfXr8Ppt71rSuD2DEjCE.jpg
4392,The Last Big Thing,55180,https://image.tmdb.org/t/p/original/cWacMZJuVBXxjlH5MoogNGd4B1C.jpg
4393,The Specials,29015,https://image.tmdb.org/t/p/original/xzgrhvthhimI1cogQdEcffdKs70.jpg
4394,16 to Life,91122,https://image.tmdb.org/t/p/original/yM3rD0Iqinb003T9vg9tl6JgxpN.jpg
4395,Alone With Her,18206,https://image.tmdb.org/t/p/original/636EGinwlVDyXuDo4l27hETmze2.jpg
4396,Creative Control,320146,https://image.tmdb.org/t/p/original/y8toiQT0xb6mLWT84xVhUNXICdg.jpg
4397,Special,13856,https://image.tmdb.org/t/p/original/5oGxZ9Itu8buWnB15p6sri3zh9n.jpg
4398,Sparkler,219716,https://image.tmdb.org/t/p/original/qPG70Y2ZnFudN5Ip85YfQua3n4P.jpg
4399,The Helix... Loaded,43630,https://image.tmdb.org/t/p/original/yG81A3umqQ5Z4la0uA642A506s5.jpg
4400,In Her Line of Fire,56491,https://image.tmdb.org/t/p/original/oAIWeBpaJUXCdv1UDlYvFoawk7c.jpg
4401,The Jimmy Show,99826,https://image.tmdb.org/t/p/original/sqH5e5goeThOmM4DqrrjVQOIuw2.jpg
4402,Heli,186935,https://image.tmdb.org/t/p/original/cblCQ0h5oFYlufWoYeFJZAYm0bZ.jpg
4403,Karachi se Lahore,357441,https://image.tmdb.org/t/p/original/aOloA4NcNoa9NhyRdbEO99G79hx.jpg
4404,Loving Annabelle,19344,https://image.tmdb.org/t/p/original/ezgUinJ6bH0xOWQTqPpb0b7qzE6.jpg
4405,Hits,242083,https://image.tmdb.org/t/p/original/w7TdwnSh5McR5J28ZHTvttTKaCi.jpg
4406,Jimmy and Judy,18869,https://image.tmdb.org/t/p/original/eCrr9LMCYpHlKzzKNXlTcMBs9xD.jpg
4407,Frat Party,26673,https://image.tmdb.org/t/p/original/tBevHrPcJOlDVLsIpWU5N7Rskox.jpg
4408,The Party's Over,41830,https://image.tmdb.org/t/p/original/lpAlr22qHyXKcNNFDLasXBlGFuJ.jpg
4409,Proud,37694,https://encrypted-tbn0.gstatic.com/images?q=tbn:ANd9GcRoWcWg0E8pSjBNi0TtiZsqu8uD2PAr_K11DA&s
4410,The Poker House,63287,https://image.tmdb.org/t/p/original/yTaqEbszsqhunQIjIMkkfwNMiiv.jpg
4411,Childless,335874,https://image.tmdb.org/t/p/original/A3xnS8K4II7puaFO8Cwc5MubuRU.jpg
4412,ZMD: Zombies of Mass Destruction,34592,https://image.tmdb.org/t/p/original/3K80OoyUb93qhx5jMUsNuKlV3IT.jpg
4413,Snow White: A Deadly Summer,92635,https://image.tmdb.org/t/p/original/8GQssRsqmx8Oqa0eiWLggCfQaNj.jpg
4414,A escondidas,258755,https://image.tmdb.org/t/p/original/ooi46QLuAvPnV9cfsX8m9xbC40X.jpg
4415,My Last Day Without You,96534,https://image.tmdb.org/t/p/original/uS4Eh5aVG34B05EHiBQPHbZEYjg.jpg
4416,Steppin: The Movie,21283,https://image.tmdb.org/t/p/original/wkBSpDIRqKU46rb6cUICx8xxPm1.jpg
4417,Doc Holliday's Revenge,272724,https://image.tmdb.org/t/p/original/lFN8h6gO3jMZikAErVVuPBcBrcu.jpg
4418,Black Rock,84178,https://image.tmdb.org/t/p/original/dkUDpTgP634Mt7fl2rR5N7P9HRS.jpg
4419,Truth or Dare,101179,https://image.tmdb.org/t/p/original/e5FcN0P7YcSJUbnosxyU4GEG4br.jpg
4420,The Pet,52462,https://image.tmdb.org/t/p/original/k6UZzTszSpIysEt3mk47U93iS0v.jpg
4421,Bang Bang Baby,269057,https://image.tmdb.org/t/p/original/5NLzhk3hQ6M6X1A27ZST5nNhUya.jpg
4422,Fear Clinic,287524,https://image.tmdb.org/t/p/original/f9srd2qdaJGu08ldr3PuhcMgNtH.jpg
4423,Zombie Hunter,206213,https://image.tmdb.org/t/p/original/9FkPEWRpuMbOArFrklObdvxN099.jpg
4424,A Fine Step,248402,https://image.tmdb.org/t/p/original/lIs7Uuk0his0PFFrLyxJkaF3ygZ.jpg
4425,Charly,29146,https://image.tmdb.org/t/p/original/uxGt80D4hxEEwGwdOJ5tdVvjXEC.jpg
4426,Banshee Chapter,207769,https://image.tmdb.org/t/p/original/oJ4L2pbH2Uxyi3g5yla22mM8NBg.jpg
4427,Ask Me Anything,271185,https://image.tmdb.org/t/p/original/u0rEtOp6jI7oU6u3m7v1aAOJNQr.jpg
4428,And Then Came Love,29731,https://image.tmdb.org/t/p/original/bGQWkjifQDEKJf6CBU2gxErRzDw.jpg
4429,Food Chains,292539,https://image.tmdb.org/t/p/original/ibue9QCounLfYJW6Lwnf6lxGcZ3.jpg
4430,On the Waterfront,654,https://image.tmdb.org/t/p/original/fKjLZy9W8VxMOp5OoyWojmLVCQw.jpg
4431,L!fe Happens,91070,https://image.tmdb.org/t/p/original/xFq3IQEWCBBoPP7pCb4TarAi8tt.jpg
4432,"4 luni, 3 săptămîni și 2 zile",2009,https://image.tmdb.org/t/p/original/acEtvzFPeOQwbzRWncjRLenhnKV.jpg
4433,The Horror Network Vol. 1,323270,https://encrypted-tbn0.gstatic.com/images?q=tbn:ANd9GcRoWcWg0E8pSjBNi0TtiZsqu8uD2PAr_K11DA&s
4434,Hard Candy,2652,https://image.tmdb.org/t/p/original/uHTmlcivbPeclEdmtuQg3zOQWPS.jpg
4435,The Quiet,9813,https://image.tmdb.org/t/p/original/lXIuHcRGCRk0YBOi41MCHMvGst5.jpg
4436,Circumstance,60421,https://image.tmdb.org/t/p/original/fs4Qi07K9htZzI73YaukSQFqmHk.jpg
4437,Fruitvale Station,157354,https://image.tmdb.org/t/p/original/oXSy3nEKFtfw5iRxdG8ouEFAnxs.jpg
4438,The Brass Teapot,127867,https://image.tmdb.org/t/p/original/6txTmb8OIimrQezgD8ERMmrrbnT.jpg
4439,Bambi,3170,https://image.tmdb.org/t/p/original/wV9e2y4myJ4KMFsyFfWYcUOawyK.jpg
4440,The Hammer,14014,https://image.tmdb.org/t/p/original/6Q7z71vQD7Rl8ehdlFu5qfmvenv.jpg
4441,Latter Days,15708,https://image.tmdb.org/t/p/original/uwzJL11Xp6h8stocOz6E8e2LWtB.jpg
4442,Le bonheur d'Elza,146882,https://encrypted-tbn0.gstatic.com/images?q=tbn:ANd9GcRoWcWg0E8pSjBNi0TtiZsqu8uD2PAr_K11DA&s
4443,1982,215918,https://image.tmdb.org/t/p/original/suJnawPMpozKwbOhQn0qqHkJoIX.jpg
4444,"For a Good Time, Call...",84200,https://image.tmdb.org/t/p/original/9eIlVo8lvk9fmfP05JGFKlPha80.jpg
4445,Celeste & Jesse Forever,84184,https://image.tmdb.org/t/p/original/5Cr8kW7DjZEORU8jI32bqyHSGKW.jpg
4446,Time Changer,45767,https://image.tmdb.org/t/p/original/cqkfKoK5YLqrOhvnsqdz9Zbgni6.jpg
4447,London to Brighton,14823,https://image.tmdb.org/t/p/original/gIWaX9DXgUVesbiJceitZirTyj2.jpg
4448,American Hero,367551,https://image.tmdb.org/t/p/original/uYHb5CG90zHp5CDj3dJDP98c77q.jpg
4449,Windsor Drive,343409,https://image.tmdb.org/t/p/original/xxErk15goAoQQh9TgfTo6W7fCtA.jpg
4450,جدایی نادر از سیمین,60243,https://image.tmdb.org/t/p/original/wQVvASmpm8jGhJBQU20OkoMcNzi.jpg
4451,Crying with Laughter,57294,https://image.tmdb.org/t/p/original/cYAaZuFnhymi4jA1xMRV97xhZ6e.jpg
4452,Welcome to the Dollhouse,11446,https://image.tmdb.org/t/p/original/fsMMOVto87pvUQyozOF9CaT9aMR.jpg
4453,Ruby in Paradise,47889,https://image.tmdb.org/t/p/original/gk0vbIVYwpXxSf1wQbS2r9IsBoV.jpg
4454,Raising Victor Vargas,25461,https://image.tmdb.org/t/p/original/cMHMtMBca8VNxjYICc1WHK1Qqe5.jpg
4455,Die Büchse der Pandora,905,https://image.tmdb.org/t/p/original/qlAMlgm8lm859GkxSpbr2ziixXE.jpg
4456,Harrison Montgomery,279759,https://image.tmdb.org/t/p/original/nx5gAaeFDw7WkybkuKLVwLBGXmw.jpg
4457,Cama adentro,78705,https://image.tmdb.org/t/p/original/dkTvwzxEomaarn1uy0fjvu8ZzQy.jpg
4458,Deterrence,25212,https://image.tmdb.org/t/p/original/qAkbSZ3RY7E6jVYi5FNvc27o019.jpg
4459,The Mudge Boy,26899,https://image.tmdb.org/t/p/original/qI9Mx4SVR4Htvm66Rd6JGhLM8J5.jpg
4460,The Young Unknowns,146269,https://encrypted-tbn0.gstatic.com/images?q=tbn:ANd9GcRoWcWg0E8pSjBNi0TtiZsqu8uD2PAr_K11DA&s
4461,Not Cool,292483,https://image.tmdb.org/t/p/original/ikLuZGHTYTVYHDBPsN8dPnoVnYd.jpg
4462,Død snø,14451,https://image.tmdb.org/t/p/original/sfwVo5cZJtO8VyDWTILDt4f69IT.jpg
4463,Saints and Soldiers,10105,https://image.tmdb.org/t/p/original/A4LgmMTiRpkEzC6pxRcxE28IDov.jpg
4464,Vessel,211557,https://image.tmdb.org/t/p/original/tTByGBfliHYjOa7qmUzWx6EJwbR.jpg
4465,American Graffiti,838,https://image.tmdb.org/t/p/original/1tjLivPad2PX8FAzWko7FPIb8d2.jpg
4466,Iraq for Sale: The War Profiteers,40862,https://image.tmdb.org/t/p/original/nIAgVj3KtdJiyFRUmUFdGAMxcRE.jpg
4467,Aqua Teen Hunger Force Colon Movie Film for Theaters,13158,https://image.tmdb.org/t/p/original/q3Ln4x4rv4nJsBBfukjvH2wiU28.jpg
4468,Safety Not Guaranteed,84332,https://image.tmdb.org/t/p/original/gH0l9kiaK1Ulalbq07nqR7jtin5.jpg
4469,Kevin Hart: Laugh at My Pain,74510,https://image.tmdb.org/t/p/original/jk7C5sIDHSGiJjBQz6bmPNP1WOF.jpg
4470,Kill List,74725,https://image.tmdb.org/t/p/original/qwT2I3ons0oD58jIppKmd4qLtvB.jpg
4471,The Innkeepers,58428,https://image.tmdb.org/t/p/original/aC9XHtf0Opw2IJDVjSkL8eO71An.jpg
4472,Il conformista,8416,https://image.tmdb.org/t/p/original/nLJjFRqIJAK8qz0OKYnpKCblZNK.jpg
4473,Interview with the Assassin,36584,https://image.tmdb.org/t/p/original/yCEP43DIYqx8NM9ttcmgSnxScRI.jpg
4474,Donkey Punch,13429,https://image.tmdb.org/t/p/original/wd5GVtBRA6gG7CRV6E2VKr7AcT2.jpg
4475,All the Boys Love Mandy Lane,9022,https://image.tmdb.org/t/p/original/9t7n7K0xqw0gMvrxyhdiyqEF3W1.jpg
4476,Bled,22530,https://image.tmdb.org/t/p/original/bDAHSu6lztNwLX0jMHjVPO9vt7k.jpg
4477,High Noon,288,https://image.tmdb.org/t/p/original/qETSMQ4IXBSAS409Z9OL0ppXWTW.jpg
4478,Hoop Dreams,14275,https://image.tmdb.org/t/p/original/gLzHl2XBtVwycl8DxdOXRHPm8G3.jpg
4479,Rize,2287,https://image.tmdb.org/t/p/original/bx7UAcyumQZuNj3dZFK7Wh4dbRl.jpg
4480,L.I.E. Long Island Expressway,18734,https://image.tmdb.org/t/p/original/gSrHmiRzHBC9JS2UI72J1Bex016.jpg
4481,The Sisterhood of Night,206197,https://image.tmdb.org/t/p/original/4h6KXpAcTUjr6AVJgV6sw0Ktbqr.jpg
4482,B-Girl,26837,https://image.tmdb.org/t/p/original/kgPoFMvfrvNBT0HQtqZ5vcMzT.jpg
4483,Half Nelson,7859,https://image.tmdb.org/t/p/original/fdUCisMpTwy0oJOGwM7NrFFs400.jpg
4484,Naturally Native,302579,https://image.tmdb.org/t/p/original/yTQPrKLhKC8qUe2CMn8MxmfaxA5.jpg
4485,Hav Plenty,51955,https://image.tmdb.org/t/p/original/vJutTuVdm5XxL3ixMFqw2o0AS8C.jpg
4486,Adulterers,376004,https://image.tmdb.org/t/p/original/pJLmZBruOmn2c9mYWe3h1xcXaA0.jpg
4487,Escape from Tomorrow,158752,https://image.tmdb.org/t/p/original/g3qZofBWiLauJviv27f8zpEFbki.jpg
4488,Starsuckers,40658,https://image.tmdb.org/t/p/original/1z05uhHmSdXV8LGM8DPnBkf86DU.jpg
4489,The Hadza:  Last of the First,296943,https://encrypted-tbn0.gstatic.com/images?q=tbn:ANd9GcRoWcWg0E8pSjBNi0TtiZsqu8uD2PAr_K11DA&s
4490,After,118612,https://image.tmdb.org/t/p/original/5AKcsJYztbcX2KsyCXtKucyUUMA.jpg
4491,Treachery,138976,https://image.tmdb.org/t/p/original/3uJmk8lk4e5SUf15WcrathmOQNE.jpg
4492,Walter,323967,https://image.tmdb.org/t/p/original/cwwL3zfVNpVsLrRr35U4QQVXmeG.jpg
4493,Top Hat,3080,https://image.tmdb.org/t/p/original/qoPBiN6PBs2NsP7BNOJGCnmwruG.jpg
4494,The Blair Witch Project,2667,https://image.tmdb.org/t/p/original/9050VGrYjYrEjpOvDZVAngLbg1f.jpg
4495,Woodstock,9459,https://image.tmdb.org/t/p/original/cnfhelfQucSb4Y54yFgtnSNhsAT.jpg
4496,The Kentucky Fried Movie,11598,https://image.tmdb.org/t/p/original/qk0iXBQgP6b4xfS2bIUNBSENJAn.jpg
4497,Mercy Streets,26916,https://image.tmdb.org/t/p/original/cszKiUooItVoSQPKz9k8LkJIyRj.jpg
4498,Arnolds Park,181940,https://encrypted-tbn0.gstatic.com/images?q=tbn:ANd9GcRoWcWg0E8pSjBNi0TtiZsqu8uD2PAr_K11DA&s
4499,Broken Vessels,125263,https://image.tmdb.org/t/p/original/iMvLeE872FGGV4XrAfhKRCULtXk.jpg
4500,Water & Power,263503,https://image.tmdb.org/t/p/original/pZkeRAtB12G7c187sVmNtRDRsnV.jpg
4501,They Will Have to Kill Us First,324322,https://image.tmdb.org/t/p/original/7xOKJs1Q1M0KsrHgpfiFu9QcIbe.jpg
4502,Light from the Darkroom,331493,https://image.tmdb.org/t/p/original/1bWVwd3MIgMhLgAVKEPptzms29i.jpg
4503,Médecin de campagne,375950,https://image.tmdb.org/t/p/original/uaXvqkLZlSZIiSb6d3bc81jTb6r.jpg
4504,The Maid's Room,278348,https://image.tmdb.org/t/p/original/jKqWJh3w88vxUwy0obaanuOej4L.jpg
4505,A Hard Day's Night,704,https://image.tmdb.org/t/p/original/6Ulsccp2VkaVU5qbya3bxm9JG4x.jpg
4506,The Harvest (La Cosecha),70875,https://encrypted-tbn0.gstatic.com/images?q=tbn:ANd9GcRoWcWg0E8pSjBNi0TtiZsqu8uD2PAr_K11DA&s
4507,Love Letters,75986,https://image.tmdb.org/t/p/original/pu6BqPRbEaIeKs6YmmSEFGKDiBj.jpg
4508,Julija in Alfa Romeo,385636,https://image.tmdb.org/t/p/original/3NIkJPZe7TEtoGKG8gcd1Vy5I0h.jpg
4509,Fireproof,14438,https://image.tmdb.org/t/p/original/hfoCG75j1YaNyfZGPg0rWy3nFmU.jpg
4510,Faith Connections,211086,https://image.tmdb.org/t/p/original/cPdgSTu7SV9HCxuBujWSbm3RUbZ.jpg
4511,Benji,23069,https://image.tmdb.org/t/p/original/aSowNmq4bZrmfazhQBePyNF8A2E.jpg
4512,Open Water,83,https://image.tmdb.org/t/p/original/7Gy5N0Yp7ocaKBR860v9KDbpYHj.jpg
4513,High Road,89857,https://image.tmdb.org/t/p/original/qQRZwequtuXOcYVHvdyAD5A5L2X.jpg
4514,Kingdom of the Spiders,30315,https://image.tmdb.org/t/p/original/4eMSwO2VCH22FVxRqqOA9zMPWh8.jpg
4515,Mad Hot Ballroom,14358,https://image.tmdb.org/t/p/original/1wDU19PTEdR30QdnLFw93scXto7.jpg
4516,The Station Agent,2056,https://image.tmdb.org/t/p/original/kjJg6eJa9I9flfHaJG67ecEv8YX.jpg
4517,To Save A Life,41144,https://image.tmdb.org/t/p/original/xtJrFdGB5QyatbNgLGXy1BogYtP.jpg
4518,Wordplay,35199,https://image.tmdb.org/t/p/original/xqfbn4l2fVhOGGEFLCbAjOUGrYn.jpg
4519,Beyond the Mat,14271,https://image.tmdb.org/t/p/original/48AfKc79mpRcavpA5Hc7UW9Qqq6.jpg
4520,The Singles Ward,16653,https://image.tmdb.org/t/p/original/A1l7mSbptwFdutUbOq4zzhH4goa.jpg
4521,Osama,14757,https://image.tmdb.org/t/p/original/pOKz4zpccIjdib2pfDRkg69Ojej.jpg
4522,Sholem Aleichem: Laughing In The Darkness,84401,https://image.tmdb.org/t/p/original/k5X4gevz5mSY3KESnZNoBHo26qY.jpg
4523,Groove,23655,https://image.tmdb.org/t/p/original/zLAKTL9O5Z75P4Fols1FNxCChgh.jpg
4524,The R.M.,36825,https://image.tmdb.org/t/p/original/OQ3X7k13koP833iZx1PRIPngZ8.jpg
4525,Twin Falls Idaho,33430,https://image.tmdb.org/t/p/original/boBbVY67YhGC4PWuqyQFysP3mN4.jpg
4526,Mean Creek,12281,https://image.tmdb.org/t/p/original/47icHsfwq7qpfPTuGwZxAtQ0olJ.jpg
4527,Hurricane Streets,125052,https://image.tmdb.org/t/p/original/kI8WAtPfjiPygfdKcwYJUkMZyh4.jpg
4528,Never Again,96238,https://image.tmdb.org/t/p/original/oNPg56hNSdAdr9ttVYwVtxbBIrM.jpg
4529,Civil Brand,30246,https://image.tmdb.org/t/p/original/hp2ootgihcYzX3icfMTBkb6ZJEd.jpg
4530,Lonesome Jim,7301,https://image.tmdb.org/t/p/original/z5wh9kFxpqC6bKB7TUx7j6X7BOq.jpg
4531,Drinking Buddies,172533,https://image.tmdb.org/t/p/original/iunbsMWtkwfrtRzU7hdCHhPjjJf.jpg
4532,Deceptive Practice: The Mysteries and Mentors of Ricky Jay,180383,https://image.tmdb.org/t/p/original/ug2OCvSvGqId1nT9SKBe9FUjspx.jpg
4533,七人の侍,346,https://image.tmdb.org/t/p/original/8OKmBV5BUFzmozIC3pPWKHy17kx.jpg
4534,Kita svajonių komanda,84318,https://image.tmdb.org/t/p/original/kAGqVFdtRSccMfTUpKuRcQtXsCc.jpg
4535,Johnny Suede,45145,https://image.tmdb.org/t/p/original/x1ZvgHwDUFsgqWhYUEcJcyHmZQW.jpg
4536,Finishing The Game,13983,https://image.tmdb.org/t/p/original/9UwmkpujGoJhgL4Krnm6Fy0IyxD.jpg
4537,Rubber,45649,https://image.tmdb.org/t/p/original/mWgCORI5IC5vOvB2cDVQe0YNtXZ.jpg
4538,Kiss the Bride,19844,https://image.tmdb.org/t/p/original/m1ycnhkFufW4NDFG38QaHtAWqDN.jpg
4539,The Slaughter Rule,21801,https://image.tmdb.org/t/p/original/menXGjXgiEaawdOUlxWI1youK6Q.jpg
4540,Monsters,43933,https://image.tmdb.org/t/p/original/cARETxTELl8kQCIcpbRhEcMjkPD.jpg
4541,The Californians,73511,https://image.tmdb.org/t/p/original/94w3CM4V8AG9OEgtPQSwDfFd6Vw.jpg
4542,The Living Wake,43653,https://image.tmdb.org/t/p/original/yYs01G2MrUMR9Up2kwww1OmGgWq.jpg
4543,Detention of the Dead,139715,https://image.tmdb.org/t/p/original/tf2baOEkFodZ5NYXMfb7gxcZgV.jpg
4544,疯狂的石头,45380,https://image.tmdb.org/t/p/original/nGtj7pyxZQ8hK6fJBekU27bVtmZ.jpg
4545,Scott Walker: 30 Century Man,30867,https://image.tmdb.org/t/p/original/foDbZTQKsbJmdOuu2QfIJ8dbaen.jpg
4546,Everything Put Together,81220,https://image.tmdb.org/t/p/original/w9Zk7Sdwy1htXYpqrZF1JUnxB4v.jpg
4547,Good Kill,253626,https://image.tmdb.org/t/p/original/oO9nK1bqssxRdNHFSFGiucffiA8.jpg
4548,The Outrageous Sophie Tucker,294550,https://image.tmdb.org/t/p/original/3mLk5YeXWS8bdtd2glG3PoxqIIK.jpg
4549,Now Is Good,90369,https://image.tmdb.org/t/p/original/oOBHF6qWtMkzwpnrLDTKJPAb3zH.jpg
4550,Girls Gone Dead,117942,https://image.tmdb.org/t/p/original/h4fkp6KuY55vocpkInbFeXOSrgT.jpg
4551,Subconscious,322194,https://image.tmdb.org/t/p/original/673Kdb6ogKGM0unP9piVK74jpKf.jpg
4552,Enter Nowhere,98568,https://image.tmdb.org/t/p/original/eBWZmjzehYXmVTCsFan9RnzmZ7Z.jpg
4553,El Rey de Najayo,119657,https://image.tmdb.org/t/p/original/d9QZi1QppknaybAabCYcRelrCh2.jpg
4554,Fight to the Finish,380733,https://image.tmdb.org/t/p/original/jtWZ6BkbQxjKD2gBe0AmCBekqSj.jpg
4555,Alleluia! The Devil's Carnival,285743,https://image.tmdb.org/t/p/original/naDJqNmD2WuWOBBmH7THxHh0aE4.jpg
4556,The Sound and the Shadow,362765,https://image.tmdb.org/t/p/original/rSaQxBE2hqV377qTlXYhbicq51l.jpg
4557,Rodeo Girl,379532,https://image.tmdb.org/t/p/original/y12q73PAVPax4hAZvaAZzNFUtOA.jpg
4558,Born to Fly: Elizabeth Streb vs. Gravity,253261,https://image.tmdb.org/t/p/original/3Dvthr7XOP045DY2sXhgzKaYTEY.jpg
4559,The Little Ponderosa Zoo,297100,https://image.tmdb.org/t/p/original/qH6NOGiEyBdK6eP9SRd3Hkadshk.jpg
4560,The Toxic Avenger,15239,https://image.tmdb.org/t/p/original/so0CGT1fZe2SlVdYXCewghxUgoj.jpg
4561,Straight Out of Brooklyn,94072,https://image.tmdb.org/t/p/original/g0C6BbyDKbI33fn14Yqb8TZO4Hq.jpg
4562,Bloody Sunday,4107,https://image.tmdb.org/t/p/original/oqdQMDJucR7R0ol0LFvzmqcDyEb.jpg
4563,Diamond Ruff,325579,https://image.tmdb.org/t/p/original/4ETeHJqXwyBQSFfXL9et7cPlkuR.jpg
4564,Conversations with Other Women,15624,https://image.tmdb.org/t/p/original/5iA72q3avmveCiOtx1Uaj22pgXI.jpg
4565,Poultrygeist: Night of the Chicken Dead,17287,https://image.tmdb.org/t/p/original/vSeehH4s274kdZXEMKnPE2tlqco.jpg
4566,Mutual Friends,198370,https://image.tmdb.org/t/p/original/dAUXuqcrAGaFT318snL3sgqGHyv.jpg
4567,42nd Street,3062,https://image.tmdb.org/t/p/original/q4UEd8BL74zVsOOaJkKVMLMmdTg.jpg
4568,Rise of the Entrepreneur: The Search for a Better Way,328307,https://image.tmdb.org/t/p/original/zd40Et14AUiOCM9dOk9T7YD88fh.jpg
4569,Metropolitan,15389,https://image.tmdb.org/t/p/original/852ZwTRj9tRxkGOT0Pu0Ep8yimk.jpg
4570,Så som i himmelen,464,https://image.tmdb.org/t/p/original/ygJ6RQQSmXRQLPpUKP9SCdKXSKJ.jpg
4571,Roadside,308467,https://image.tmdb.org/t/p/original/8qa3KR9rBzflcvXKaCH5NRvKTIn.jpg
4572,Napoleon Dynamite,8193,https://image.tmdb.org/t/p/original/6Iv6Uwa2SBLN0dSGM00rdrwN4MJ.jpg
4573,Blue Ruin,188166,https://image.tmdb.org/t/p/original/q0itEsso2drJXqH9kfdidxIT5dF.jpg
4574,Paranormal Activity,23827,https://image.tmdb.org/t/p/original/tmclkEpjeo4Zu564gf3KrwIOuKw.jpg
4575,Dogtown and Z-Boys,1282,https://image.tmdb.org/t/p/original/eb02dpopuAhuThf7nXAAwKtAF88.jpg
4576,Monty Python and the Holy Grail,762,https://image.tmdb.org/t/p/original/hWx1ANiWEWWyzKPN0us35HCGnhQ.jpg
4577,Quinceañera,64499,https://image.tmdb.org/t/p/original/kJv276uU9K0Z9MRhz6F3BEEetEO.jpg
4578,Gory Gory Hallelujah,281189,https://image.tmdb.org/t/p/original/hshvQD8TbxYEr3RaMvnAKVKABH.jpg
4579,Tarnation,1435,https://image.tmdb.org/t/p/original/7zeQapdvD8poOizcaHwzmPxN9Km.jpg
4580,I Want Your Money,47546,https://image.tmdb.org/t/p/original/ukFRXI9Dg9JdjebQPFde7Gfel3.jpg
4581,Love in the Time of Monsters,189711,https://image.tmdb.org/t/p/original/mm6hcoQg5tHZ71ydsotXal3EeeO.jpg
4582,...E tu vivrai nel terrore! L'aldilà,19204,https://image.tmdb.org/t/p/original/luLcQdNqaIHRNMRuPgFN68v2Iux.jpg
4583,What Happens in Vegas,9029,https://image.tmdb.org/t/p/original/x3yN37OKHOzqnwa5sum8Ut4nobY.jpg
4584,The Dark Hours,18045,https://image.tmdb.org/t/p/original/yOYCpZ7jsMedfkHQpXQJw83F3GL.jpg
4585,My Beautiful Laundrette,11240,https://image.tmdb.org/t/p/original/hfGWxrtbRnxg19ouEYBtQKtMZcN.jpg
4586,Fabled,43743,https://image.tmdb.org/t/p/original/1klhTzYcWdTmnL8sPIMwCqV9SGP.jpg
4587,Show Me,157909,https://image.tmdb.org/t/p/original/eIfFa00THsuUEerMeiehvVtVGCn.jpg
4588,Viskningar och rop,10238,https://image.tmdb.org/t/p/original/a1bMgB09YDvvRN9SitCclUYragr.jpg
4589,Intolerance,3059,https://image.tmdb.org/t/p/original/lJCabs4TMOsKfnl0BmA5Hf16Ezb.jpg
4590,Trekkies,15800,https://image.tmdb.org/t/p/original/o6MYZAcI2A7VfJkcIvCDbFPISLP.jpg
4591,The Broadway Melody,65203,https://image.tmdb.org/t/p/original/giq8GJs8YGMzHxeKxNSuwzAdd1c.jpg
4592,The Evil Dead,764,https://image.tmdb.org/t/p/original/54C1qdaiSijIU5NeNb4WsPJdNkG.jpg
4593,Maniac,103620,https://image.tmdb.org/t/p/original/q1w6cxXKQszEPkCzTl36mIPW6PB.jpg
4594,Censored Voices,319069,https://image.tmdb.org/t/p/original/jkAfM4NETuEguSIWteDMgobh4B0.jpg
4595,Murderball,14278,https://image.tmdb.org/t/p/original/qxaXzZnGsHaAJpSaF72nDhhL58n.jpg
4596,American Ninja 2: The Confrontation,25678,https://image.tmdb.org/t/p/original/4a4pASHNv68ZhfKJESekI2b6Dse.jpg
4597,51 Birch Street,79161,https://image.tmdb.org/t/p/original/7eG63TqqdUcIyAvPelJajXF3gZN.jpg
4598,Rotor DR1,371690,https://image.tmdb.org/t/p/original/iQ8fn12g3OHUldSaUMwW6vbdONv.jpg
4599,12 Angry Men,389,https://image.tmdb.org/t/p/original/ow3wq89wM8qd5X7hWKxiRfsFf9C.jpg
4600,My Dog Tulip,52032,https://image.tmdb.org/t/p/original/8Q71A1mENLzE8jUlNe1HGybMJKW.jpg
4601,It Happened One Night,3078,https://image.tmdb.org/t/p/original/2PNUGWAflH6UUumas0POMmokHlc.jpg
4602,Κυνόδοντας,38810,https://image.tmdb.org/t/p/original/7nLuUGlH12cegPfR84QX4xIIH9k.jpg
4603,Tupac: Resurrection,21525,https://image.tmdb.org/t/p/original/dGJxjq8npqFZtuAtGsyjntip7uh.jpg
4604,Tumbleweeds,55123,https://image.tmdb.org/t/p/original/2SdW45O7bPDTe0zLzNHhEcacNAk.jpg
4605,The Prophecy,11980,https://image.tmdb.org/t/p/original/4ZWFhQipzBHJze2llzCzhrSIZsn.jpg
4606,Chacun Cherche Son Chat,11956,https://image.tmdb.org/t/p/original/vZjHfDpE74EmbknicrTg4n5YOLr.jpg
4607,Pieces of April,1550,https://image.tmdb.org/t/p/original/qEbo0OwAaWgLSxp4lXyoCbnmrxh.jpg
4608,The Big Swap,162396,https://image.tmdb.org/t/p/original/yAg2bhuRaWvs3nYViIGtp6efkbF.jpg
4609,Old Joy,26518,https://image.tmdb.org/t/p/original/AdFKZOf0LtPpGq8be9T8qsNHTbs.jpg
4610,Wendy and Lucy,8942,https://image.tmdb.org/t/p/original/cSe2AuFL6hL7EYd3jFAdsPtoaqS.jpg
4611,3 Backyards,68412,https://image.tmdb.org/t/p/original/aBVKjA5A0JkKBKJfIMvhTSdRSn3.jpg
4612,Pierrot le fou,2786,https://image.tmdb.org/t/p/original/i124H6iQB4CawrgFW9aZaZs7OBO.jpg
4613,Sisters in Law,87943,https://image.tmdb.org/t/p/original/7kAVD6eSwXN5YmEppspyQzVeTA3.jpg
4614,Ayurveda: Art of Being,73981,https://image.tmdb.org/t/p/original/lgmPBTWogUZBkDMb9zxNz0jyt7.jpg
4615,Nothing But a Man,91721,https://image.tmdb.org/t/p/original/6vWkmRHsX1yIUJSimDKEJLU4UkD.jpg
4616,"First Love, Last Rites",118452,https://image.tmdb.org/t/p/original/w4yN57gmVvLKdHOdUZ5GDQk6gW9.jpg
4617,Fighting Tommy Riley,47534,https://image.tmdb.org/t/p/original/19nKfguTd9HZhYkh1SEnMulhitI.jpg
4618,Royal Kill,40914,https://image.tmdb.org/t/p/original/bfvSyXcyyBoXKsquUSXrMYtvDX5.jpg
4619,The Looking Glass,365052,https://image.tmdb.org/t/p/original/2DddsZbo5oBnKveKiA0JmHZMMFv.jpg
4620,Death Race 2000,13282,https://image.tmdb.org/t/p/original/kwM8kkNGtv62gfPWVhD6qFxjDzg.jpg
4621,Locker 13,250184,https://image.tmdb.org/t/p/original/cafljB271v1L4smQT0n0Tznor79.jpg
4622,Midnight Cabaret,426067,https://image.tmdb.org/t/p/original/lRToQoX2cQCwbq9hIzWuc6YcKNw.jpg
4623,Anderson's Cross,324352,https://image.tmdb.org/t/p/original/2j90os0c2HJuIjWXxMg9vMvOliw.jpg
4624,Bizarre,318040,https://image.tmdb.org/t/p/original/pbuL9CcBAQMFgXboOV1iFOCYd4B.jpg
4625,Graduation Day,27420,https://image.tmdb.org/t/p/original/bbNtkM0oFTCnFfblOzeEuaDUaZB.jpg
4626,Some Guy Who Kills People,80468,https://image.tmdb.org/t/p/original/3k8CeFdvTOiKaRCnXQ9I7WuazQi.jpg
4627,Compliance,84188,https://image.tmdb.org/t/p/original/bLdu28fr9txYlHLmEOyGplDT3nH.jpg
4628,Chasing Amy,2255,https://image.tmdb.org/t/p/original/t053Kkou9OqwuuxHRg0StjMKbvr.jpg
4629,Lovely & Amazing,50035,https://image.tmdb.org/t/p/original/4HZ7Y7N4KHapO5ylOY8BePQYC5X.jpg
4630,Death Calls,300327,https://image.tmdb.org/t/p/original/aAfg4t3Aoz2KSfaN0q9vYqsYZBo.jpg
4631,Better Luck Tomorrow,14290,https://image.tmdb.org/t/p/original/alJULQQnuiYXjgVmj2EYgwXOcIn.jpg
4632,The Incredibly True Adventure of Two Girls In Love,29371,https://image.tmdb.org/t/p/original/dPbYJaH1j7sgj1NuA4VRyb7O4Mt.jpg
4633,Chuck & Buck,44490,https://image.tmdb.org/t/p/original/k0GY9haWiwZtBOf2T7winwNcsep.jpg
4634,American Desi,32222,https://image.tmdb.org/t/p/original/hklG9Ehe1Rt2dlgBplTIyov62qi.jpg
4635,Amidst the Devil's Wings,378237,https://image.tmdb.org/t/p/original/akV2i3dRYbWDNZ7PEJOpcclSpQY.jpg
4636,Cube,431,https://image.tmdb.org/t/p/original/iNwm6fpDqQ4WjwhYI8EW6LPklod.jpg
4637,Love and Other Catastrophes,76996,https://image.tmdb.org/t/p/original/dhlW5z7HSFZDUIYu85PuPdriY4L.jpg
4638,I Married a Strange Person!,51942,https://image.tmdb.org/t/p/original/jzslR1LbleGKRb9LU9EPX1BmSUz.jpg
4639,November,1424,https://image.tmdb.org/t/p/original/qqCn3bYlG85dlVdUBd5Vjv3i0Qg.jpg
4640,Like Crazy,60420,https://image.tmdb.org/t/p/original/8eIhNKnRfayRwWChx0atZh4vGua.jpg
4641,Teeth and Blood,325123,https://image.tmdb.org/t/p/original/str9ckfPjtAuSCpBgmxxEeKwy1N.jpg
4642,Sugar Town,142132,https://image.tmdb.org/t/p/original/9VpZ9apNn5uym9TYEtYEhMYOTEX.jpg
4643,The Motel,20520,https://image.tmdb.org/t/p/original/7dHilrksaDBIVulSBduS1dsHXai.jpg
4644,The Canyons,109729,https://image.tmdb.org/t/p/original/5tZR5o2KJXY6UGxoCsuCmZqROwO.jpg
4645,On the Outs,78307,https://image.tmdb.org/t/p/original/dyumIFLdjo6KRsPgL2VdAb7ulkc.jpg
4646,Shotgun Stories,12247,https://image.tmdb.org/t/p/original/aeIlHt28Z8KmHcKEgl4oLHpwZ8M.jpg
4647,Exam,29917,https://image.tmdb.org/t/p/original/i1J2zBCyOQJKsQipqJ0qXERC1Ma.jpg
4648,The Sticky Fingers of Time,70687,https://image.tmdb.org/t/p/original/rTyNAfz8znLPMzytmKGhvlXFee.jpg
4649,Sunday School Musical,60463,https://image.tmdb.org/t/p/original/vs7wexp8wnSpjQjpO3dM50E8ZJO.jpg
4650,Rust,46252,https://image.tmdb.org/t/p/original/4f08y1AJ7LD3qpOVOShtMPOiWCe.jpg
4651,Ink,24869,https://image.tmdb.org/t/p/original/9vYyX7c8gZtxuqd6SiRukRb4gRd.jpg
4652,The Christmas Bunny,77934,https://image.tmdb.org/t/p/original/naQJmUIeS6XTfmOUO52JOPhMVeI.jpg
4653,Butterfly,34697,https://image.tmdb.org/t/p/original/nzcjcO4dX1laL6zP2Poq5gcwM3R.jpg
4654,UnDivided,320435,https://encrypted-tbn0.gstatic.com/images?q=tbn:ANd9GcRoWcWg0E8pSjBNi0TtiZsqu8uD2PAr_K11DA&s
4655,The Frozen,150211,https://image.tmdb.org/t/p/original/jbSBwAGNP4N4AcNX2Rxq4h5u5g3.jpg
4656,Horse Camp,306667,https://image.tmdb.org/t/p/original/bgAHH1m44RyRefLbUFAG0iOX03B.jpg
4657,Give Me Shelter,274758,https://encrypted-tbn0.gstatic.com/images?q=tbn:ANd9GcRoWcWg0E8pSjBNi0TtiZsqu8uD2PAr_K11DA&s
4658,The Big Parade,3060,https://image.tmdb.org/t/p/original/8aBXJEkAHcwG2ghNYh6GIFd9ool.jpg
4659,Little Big Top,40963,https://image.tmdb.org/t/p/original/kLyiTbf0lRSZrISYMN67VuapRyP.jpg
4660,Along the Roadside,173224,https://image.tmdb.org/t/p/original/bI3dchK7VTdOuFQ418bgIQ2dp15.jpg
4661,Bronson,18533,https://image.tmdb.org/t/p/original/6diyyGIbBNiANsdIaCGtyv4IofR.jpg
4662,Western Religion,376010,https://image.tmdb.org/t/p/original/i4Gz2KRCgPpOig6boTphl0Ck10N.jpg
4663,Burn,139948,https://image.tmdb.org/t/p/original/eJdm7heehvPAASGw5cc8q22yius.jpg
4664,Urbania,77332,https://image.tmdb.org/t/p/original/bl2RsU7kzOm1AjZhCBepCxuFToY.jpg
4665,The Stewardesses,70478,https://image.tmdb.org/t/p/original/otrgebmsmyFVXv2R5pWp3DqY9eQ.jpg
4666,"The Beast from 20,000 Fathoms",35073,https://image.tmdb.org/t/p/original/a45mCN6BUPg0JHVnprDOPc2VIST.jpg
4667,Mad Max,9659,https://image.tmdb.org/t/p/original/5LrI4GiCSrChgkdskVZiwv643Kg.jpg
4668,Swingers,10218,https://image.tmdb.org/t/p/original/rRjWk68kU3a2so4lgr3TKB7Y5vA.jpg
4669,Per un pugno di dollari,391,https://image.tmdb.org/t/p/original/lBwOEpwVeUAmrmglcstnaGcJq3Y.jpg
4670,She Done Him Wrong,43595,https://image.tmdb.org/t/p/original/kwxAUj8tf9kO2ESAriD8foYN28q.jpg
4671,Short Cut to Nirvana: Kumbh Mela,194588,https://encrypted-tbn0.gstatic.com/images?q=tbn:ANd9GcRoWcWg0E8pSjBNi0TtiZsqu8uD2PAr_K11DA&s
4672,The Grace Card,54897,https://image.tmdb.org/t/p/original/bbWsYKtWTNtECusWJs3tvpTGlwO.jpg
4673,Middle of Nowhere,83588,https://image.tmdb.org/t/p/original/s0Jtw4YYRQ460vo0QfrjrdLqJCf.jpg
4674,Drei,53256,https://image.tmdb.org/t/p/original/t21QP3eQGLmPsaCLyxiMyxpFfYn.jpg
4675,The Business of Fancydancing,40920,https://image.tmdb.org/t/p/original/9QjlmxgwN9kVsEjbNNm2NkzLvuz.jpg
4676,Call + Response,287815,https://encrypted-tbn0.gstatic.com/images?q=tbn:ANd9GcRoWcWg0E8pSjBNi0TtiZsqu8uD2PAr_K11DA&s
4677,Malevolence,54702,https://image.tmdb.org/t/p/original/l7JVY5uGMeOkEDNYIFLmZcEEQze.jpg
4678,Reality Show,176074,https://image.tmdb.org/t/p/original/83W04qG8HHY7LN4DGRcfW12yCjy.jpg
4679,Super Hybrid,69270,https://image.tmdb.org/t/p/original/iK3RR1bNWN99jt3EwEAqYanw6Br.jpg
4680,Baghead,5759,https://image.tmdb.org/t/p/original/pO3Au8iDpZsJt7Xco6fRsNvm3vz.jpg
4681,Solitude,402515,https://image.tmdb.org/t/p/original/ivQ9rzNV3HzGlwbWNS6bavjsOJk.jpg
4682,Chats perchés,126141,https://image.tmdb.org/t/p/original/zUuTJI5SJhsWsrOJGEVdoIdLJVs.jpg
4683,Ordet,48035,https://image.tmdb.org/t/p/original/hvFGa3h5gO3Dcq4XLmX5AvbtQQz.jpg
4684,Good Dick,14758,https://image.tmdb.org/t/p/original/jx8C6qtwfXS2KxX5nVRI6CAzMBc.jpg
4685,The Man from Earth,13363,https://image.tmdb.org/t/p/original/x795RrV92JbLXh4pBSEEe62Nmv0.jpg
4686,The Trials Of Darryl Hunt,37985,https://image.tmdb.org/t/p/original/tidsyiDMAUPgGK9Sq2xO5nUZfuY.jpg
4687,Samantha: An American Girl Holiday,25786,https://image.tmdb.org/t/p/original/hJwb18mOK68CJfREiNaBD0Xfrpn.jpg
4688,Yesterday Was a Lie,36549,https://image.tmdb.org/t/p/original/dJtY4pXjfnyKaYO1pP4C0u2XsQp.jpg
4689,Theresa Is a Mother,361398,https://encrypted-tbn0.gstatic.com/images?q=tbn:ANd9GcRoWcWg0E8pSjBNi0TtiZsqu8uD2PAr_K11DA&s
4690,H.,289180,https://image.tmdb.org/t/p/original/zxRz4wFGXtsgcoVQ4wGSNO3PCtD.jpg
4691,Archaeology of a Woman,288927,https://encrypted-tbn0.gstatic.com/images?q=tbn:ANd9GcRoWcWg0E8pSjBNi0TtiZsqu8uD2PAr_K11DA&s
4692,بچه‌های آسمان,21334,https://image.tmdb.org/t/p/original/jWqh1CJWAEcxckMRrf6ARhIEh0R.jpg
4693,Weekend,79120,https://image.tmdb.org/t/p/original/ksg3QX2iMLzEkvS6AwIGh5A9CXT.jpg
4694,She's Gotta Have It,27995,https://image.tmdb.org/t/p/original/qiJuXvPONqTSSnzhbCBqE7EotV.jpg
4695,Butterfly Girl,253290,https://image.tmdb.org/t/p/original/nQRsj3wRXOesAaN0I31rSNz2WX7.jpg
4696,Lumea e a mea,344466,https://image.tmdb.org/t/p/original/emdjO6Bl71aOirfNh0OcPdyKp5Q.jpg
4697,Another Earth,55420,https://image.tmdb.org/t/p/original/qvGJK3lFzpifAdyIupMNdWNX0qr.jpg
4698,Sweet Sweetback's Baadasssss Song,5822,https://image.tmdb.org/t/p/original/ykGkbDp1QxQTM3UUrUvowtXLI0i.jpg
4699,Perfect Cowboy,408429,https://image.tmdb.org/t/p/original/t12YIm3IajbE1erieS9Yee9iUqQ.jpg
4700,Tadpole,39141,https://image.tmdb.org/t/p/original/r7wCSE5Hj82GHywm2evC1ERmK0E.jpg
4701,Once,5723,https://image.tmdb.org/t/p/original/pNrBQVwYbdnipkBq1HXl52UIePq.jpg
4702,The Woman Chaser,28666,https://image.tmdb.org/t/p/original/hkC6OpyCg5FfpacRJJSjmApa5k8.jpg
4703,The Horse Boy,30979,https://image.tmdb.org/t/p/original/hcjB6GvEOSViEZ81aN5rLSplDRz.jpg
4704,When the Lights Went Out,50497,https://image.tmdb.org/t/p/original/bdsUVOLDADbfIWSJflJSgE8J3Ai.jpg
4705,Heroes of Dirt,354624,https://image.tmdb.org/t/p/original/7RdyfoGS7GxUwQ5C5bSfav8xrNC.jpg
4706,A Charlie Brown Christmas,13187,https://image.tmdb.org/t/p/original/vtaufTzJBMJAeziQA1eP4BLU24C.jpg
4707,Antarctic Edge: 70° South,335244,https://image.tmdb.org/t/p/original/m1TNhDblKnIig8QTWG2mCZxTByZ.jpg
4708,Aroused,178862,https://image.tmdb.org/t/p/original/dsaqRUvGpkSoLmDKuTMys4j8GQI.jpg
4709,Top Spin,331745,https://image.tmdb.org/t/p/original/68RPd324H8KaxzZvwt0MVSgg9JB.jpg
4710,Roger & Me,1779,https://image.tmdb.org/t/p/original/nsLrWqKnyOKgtBMD6OYLk6fAyTG.jpg
4711,An American in Hollywood,282128,https://image.tmdb.org/t/p/original/rsWhg2RPqraO0EEdXuRQr43G60K.jpg
4712,Sound of My Voice,86812,https://image.tmdb.org/t/p/original/6wStc532wuBrW2NZM3TicEWDmaL.jpg
4713,The Blood of My Brother: A Story of Death in Iraq,38786,https://encrypted-tbn0.gstatic.com/images?q=tbn:ANd9GcRoWcWg0E8pSjBNi0TtiZsqu8uD2PAr_K11DA&s
4714,Your Sister's Sister,84355,https://image.tmdb.org/t/p/original/yEyoOzOEUBMSofsTticDWBOOsv7.jpg
4715,A Dog's Breakfast,18632,https://image.tmdb.org/t/p/original/w1Fgu2GxGTy4I5zQN3lkMNu4z6e.jpg
4716,Une femme mariée: Suite de fragments d'un film tourné en 1964,40652,https://image.tmdb.org/t/p/original/3NUhCU2LsffAZNe2Ej0ZjKIpRsi.jpg
4717,The Birth of a Nation,339408,https://image.tmdb.org/t/p/original/vlbvPL3uXem7JaVWM2mVHJLkRqW.jpg
4718,The Work and The Story,266857,https://encrypted-tbn0.gstatic.com/images?q=tbn:ANd9GcRoWcWg0E8pSjBNi0TtiZsqu8uD2PAr_K11DA&s
4719,Facing the Giants,18925,https://image.tmdb.org/t/p/original/1eY8O7fIGcmwetNqvwnnkQB0LYK.jpg
4720,The Gallows,299245,https://image.tmdb.org/t/p/original/4oBk2DsYRO0VuloOX52ROmz2QhU.jpg
4721,Eraserhead,985,https://image.tmdb.org/t/p/original/mxveW3mGVc0DzLdOmtkZsgd7c3B.jpg
4722,Hollywood Shuffle,34101,https://image.tmdb.org/t/p/original/xidkzvrJfBeZ6wVcVOxobZruiR7.jpg
4723,The Mighty,9821,https://image.tmdb.org/t/p/original/m8wJa7LVixCtgcmCJX3eg7dxgJ7.jpg
4724,Penitentiary,65448,https://image.tmdb.org/t/p/original/1XQOTbjwaFSSEdoJlhTcwRsJxG.jpg
4725,The Lost Skeleton of Cadavra,18841,https://image.tmdb.org/t/p/original/nGUjqu7DotLx6yfakAeqaj8D1FO.jpg
4726,Dude Where's My Dog?,272726,https://image.tmdb.org/t/p/original/nUBGYq2qekustBm0Misdobk2FlJ.jpg
4727,Cheap Thrills,175291,https://image.tmdb.org/t/p/original/cnGzB8L2Y4oEyAZ4VvLxAwTRA3N.jpg
4728,Indie Game: The Movie,80215,https://image.tmdb.org/t/p/original/2B1IqPg97ZhpEov4Fg3si4hI1Kw.jpg
4729,Straightheads,13538,https://image.tmdb.org/t/p/original/5W8jG9kt2UfEq8Tn0rb3BRaOPqe.jpg
4730,Open Secret,51130,https://image.tmdb.org/t/p/original/hPxKrniv4RmgdK2qldLWtgUoeHO.jpg
4731,Echo Dr.,270554,https://image.tmdb.org/t/p/original/4rGhxVIN0c1kLUNeh9Gw6CsGRRl.jpg
4732,The Night Visitor,72086,https://image.tmdb.org/t/p/original/s4YUZYPFZPBnVq96fbqgMIcWcMe.jpg
4733,The Past Is a Grotesque Animal,268917,https://image.tmdb.org/t/p/original/wdvK5u5rP0KGMR8uIu2eSv3Z1zQ.jpg
4734,"Peace, Propaganda & the Promised Land",64973,https://image.tmdb.org/t/p/original/AsJA9DQFxCP9jpuNsqC17ZcaUqN.jpg
4735,Pi,473,https://image.tmdb.org/t/p/original/fJA22FjlAW8rzrOw9Mwanl6oTc9.jpg
4736,"I Love You, Don't Touch Me!",90414,https://image.tmdb.org/t/p/original/1duymDZA3GKegDhEGmifu3pv9Qk.jpg
4737,20 Dates,111794,https://image.tmdb.org/t/p/original/79TTGQZrOAzwuWxcOy8y6k6Ldm0.jpg
4738,Queen Crab,360188,https://image.tmdb.org/t/p/original/dAiuQy4rDuE2qBXAjIe4jZHhrzA.jpg
4739,Super Size Me,9372,https://image.tmdb.org/t/p/original/zYkbqQaCuIHBxqBDGgnQCwJ9jIG.jpg
4740,The FP,85860,https://image.tmdb.org/t/p/original/nmo8R1FpBEsC80qYOaXtx2vMrSa.jpg
4741,Happy Christmas,244534,https://image.tmdb.org/t/p/original/gjOQUlsprWkmyZP4hhMGr0GP3LG.jpg
4742,The Brain That Wouldn't Die,33468,https://image.tmdb.org/t/p/original/npg6NH4maZ4NTTWzA71KNCTvQNG.jpg
4743,Tiger Orange,294086,https://image.tmdb.org/t/p/original/dxqjlxB346gLTUsbMCdV4LGL0t2.jpg
4744,Supporting Characters,139998,https://image.tmdb.org/t/p/original/rSAfIqMTRwEsW51baMXaNK5i2fg.jpg
4745,Absentia,74777,https://image.tmdb.org/t/p/original/imUIPWoe0Yma5UhZVl6bqX5lF.jpg
4746,The Brothers McMullen,16388,https://image.tmdb.org/t/p/original/6oWsOJP0ed5gs8n2UywcailoxFN.jpg
4747,The Dirties,159770,https://image.tmdb.org/t/p/original/jqQjpun00gReESRGJ6UJL96xf0h.jpg
4748,"Gabriela, Cravo e Canela",42109,https://image.tmdb.org/t/p/original/ho99cPnYeKj1RepZxB4XWYzTyfY.jpg
4749,Tiny Furniture,47607,https://image.tmdb.org/t/p/original/5T81WvUlc1Our3UwmluXBBc3L0k.jpg
4750,Hayride,193603,https://image.tmdb.org/t/p/original/cf1KFMaikSLpxSwFcamDW6DBW7B.jpg
4751,The Naked Ape,84659,https://image.tmdb.org/t/p/original/pGaLUnim5CG5booE4Xe3N7qKooc.jpg
4752,Counting,322745,https://image.tmdb.org/t/p/original/lQzBtr4ganEcNiXxJMnWil1zibr.jpg
4753,The Call of Cthulhu,20981,https://image.tmdb.org/t/p/original/dCrOkzrWs8ux31oVCc1R8tt6zTC.jpg
4754,Bending Steel,174362,https://encrypted-tbn0.gstatic.com/images?q=tbn:ANd9GcRoWcWg0E8pSjBNi0TtiZsqu8uD2PAr_K11DA&s
4755,The Signal,242095,https://image.tmdb.org/t/p/original/r5v3gzfxtnO9bKebs5Ujee6LLP1.jpg
4756,The Image Revolution,250902,https://image.tmdb.org/t/p/original/p49QvZ3Ci0yE5FNgAUThL77QAAt.jpg
4757,This Is Martin Bonner,158895,https://image.tmdb.org/t/p/original/s3Fv2t14mZzN7XqiNPvDb0Aw2NP.jpg
4758,A True Story,222250,https://image.tmdb.org/t/p/original/wkcJMCPQyGZ9BePFkyM6jU69Xd0.jpg
4759,George Washington,18292,https://image.tmdb.org/t/p/original/g9nZi8u5LqSrVKEpSm199EM4hk5.jpg
4760,Smiling Fish & Goat On Fire,125537,https://image.tmdb.org/t/p/original/cGCNG3Md9t0Zvhksr27aqXa1AI9.jpg
4761,Dawn of the Crescent Moon,326576,https://image.tmdb.org/t/p/original/nXnVHrHR0fmmUugxRLHVlIJLp7z.jpg
4762,Raymond Did It,228550,https://image.tmdb.org/t/p/original/tFKSA6EXmA9IV5gr7hwJ3VPbTJJ.jpg
4763,The Last Waltz,13963,https://image.tmdb.org/t/p/original/2K7CFH0AIHnGrA4yQjPCoIB5CmQ.jpg
4764,"Run, Hide, Die",290391,https://image.tmdb.org/t/p/original/zVSkZFH9zuU3oeRs3vgrJ41xkv5.jpg
4765,The Exploding Girl,44770,https://image.tmdb.org/t/p/original/xRJ4wgDtxwoDzKjVRjZ457kf85f.jpg
4766,The Legend of God's Gun,69382,https://image.tmdb.org/t/p/original/7cw3jSGvm3XoHwnRRA9dCrkAFXi.jpg
4767,Mutual Appreciation,40769,https://image.tmdb.org/t/p/original/yjKHIcFue6Et3qsBbxcVUrGjGRM.jpg
4768,Her Cry: La Llorona Investigation,220490,https://image.tmdb.org/t/p/original/r0DF0V4PVzTAgqVxI2i9c4Okruf.jpg
4769,Down Terrace,42151,https://image.tmdb.org/t/p/original/2WMwkZ4Qmsi3X6WvfjvBsC1er6F.jpg
4770,Clerks,2292,https://image.tmdb.org/t/p/original/9IiSgiq4h4siTIS9H3o4nZ3h5L9.jpg
4771,Pink Narcissus,42497,https://image.tmdb.org/t/p/original/3EeA0MTFM4cAFYQPlCqUEtkw9mm.jpg
4772,Funny Ha Ha,33693,https://image.tmdb.org/t/p/original/4UsciNkAvuOZiM7ZfgLbfNR0WNJ.jpg
4773,In the Company of Men,14585,https://image.tmdb.org/t/p/original/1gPJ4H4TbGAiuEA6pFalFtqA0eL.jpg
4774,Manito,185465,https://image.tmdb.org/t/p/original/8Nzotyqv1Yj00Nw5REAvRYjdCTT.jpg
4775,Rampage,38780,https://image.tmdb.org/t/p/original/xZZlA5obgTrQMyAF16yqCiVxHlO.jpg
4776,Slacker,14022,https://image.tmdb.org/t/p/original/8cEWYiKJgVWCgO1aOQItifZBQOw.jpg
4777,Dutch Kills,366967,https://image.tmdb.org/t/p/original/gtPYRWywBpy18CrQTBhULz9RA6Q.jpg
4778,Dry Spell,255266,https://image.tmdb.org/t/p/original/u9oGJbBEFoyiHQ1rE3dRFOcyfqD.jpg
4779,Flywheel,17345,https://image.tmdb.org/t/p/original/5M5h80QGQq5BXxcpoT1wkaxPdwm.jpg
4780,Backmask,226458,https://image.tmdb.org/t/p/original/AwhFI88HW2BE62E6kEsTGPliZKB.jpg
4781,The Puffy Chair,24055,https://image.tmdb.org/t/p/original/p9WtAHP4JeuvGBglmymJpHpLvLZ.jpg
4782,Stories of Our Lives,287625,https://image.tmdb.org/t/p/original/uHa34QtV3B5zDMUozKEdkkQJy2G.jpg
4783,Breaking Upwards,44990,https://image.tmdb.org/t/p/original/mEA5Vs7LoVS4dtotal9dc0kdgHz.jpg
4784,All Superheroes Must Die,86304,https://image.tmdb.org/t/p/original/lt5hf1FtNEjEOHJpjeWO2YD3tNE.jpg
4785,Pink Flamingos,692,https://image.tmdb.org/t/p/original/5yCT7jpANI80dC7JdQCtdbmgszV.jpg
4786,Clean,39851,https://image.tmdb.org/t/p/original/srenglG0ITLow4pR35IvJiAYuiX.jpg
4787,دایره,13898,https://image.tmdb.org/t/p/original/pTiRBOZ2iI4i26A0qNaEkqmZBpO.jpg
4788,Tin Can Man,157185,https://image.tmdb.org/t/p/original/2IMSeaHnjPCYSJ2P2J8BjvbMWZ4.jpg
4789,キュア,36095,https://image.tmdb.org/t/p/original/nLZ2AJFLtMoAAAD54mbT4exj1Wp.jpg
4790,On The Downlow,182291,https://image.tmdb.org/t/p/original/s0NBfjLiE4Six0IQn94zdhuG2fG.jpg
4791,Sanctuary: Quite a Conundrum,286939,https://image.tmdb.org/t/p/original/xwMvze2e4lFjxT90lrCTuE0hFeO.jpg
4792,Bang,124606,https://image.tmdb.org/t/p/original/pDvf5rsulgcJtZx6voFEO05aC3p.jpg
4793,Primer,14337,https://image.tmdb.org/t/p/original/xEoq2WmDzpzxhkHEsmOYOg6BPg6.jpg
4794,Cavite,67238,https://image.tmdb.org/t/p/original/s3pDLyGpJ4ZGvY7fL6ie5bV7Ge7.jpg
4795,El Mariachi,9367,https://image.tmdb.org/t/p/original/zRh7K4SV1xQ419m8gzGITak51vc.jpg
4796,Newlyweds,72766,https://image.tmdb.org/t/p/original/t09NlDBh0z1HEhPu6Xs5c4hRk64.jpg
4797,"Signed, Sealed, Delivered",231617,https://image.tmdb.org/t/p/original/6BVCgmhLeSTF8nPBuE9ncHHcCNv.jpg
4798,Shanghai Calling,126186,https://image.tmdb.org/t/p/original/2a1q1RTxspKxGWbGKVpXFzl6MbV.jpg
4799,My Date with Drew,25975,https://image.tmdb.org/t/p/original/19ChghJMN72BG9mQeDK0D209whF.jpg
