movie_id,cast_names
19995,"Sam Worthington, Zoe Saldana, Sigourney Weaver, Stephen Lang, Michelle Rodriguez"
285,"Johnny Depp, Orlando Bloom, Keira Knightley, Stellan Skarsgård, Chow Yun-fat"
206647,"Daniel Craig, Christoph Waltz, Léa Seydoux, Ralph Fiennes, Monica Bellucci"
49026,"Christian Bale, Michael Caine, Gary Oldman, Anne Hathaway, Tom Hardy"
49529,"Taylor Kitsch, Lynn Collins, Samantha Morton, Willem Dafoe, Thomas Haden Church"
559,"Tobey Maguire, Kirsten Dunst, James Franco, Thomas Haden Church, Topher Grace"
38757,"Zachary Levi, Mandy Moore, Donna Murphy, Ron Perlman, M.C. Gainey"
99861,"Robert Downey Jr., Chris Hemsworth, Mark Ruffalo, Chris Evans, Scarlett Johansson"
767,"Daniel Radcliffe, Rupert Grint, Emma Watson, Tom Felton, Michael Gambon"
209112,"Ben Affleck, Henry Cavill, Gal Gadot, Amy Adams, Jesse Eisenberg"
1452,"Brandon Routh, Kevin Spacey, Kate Bosworth, James Marsden, Parker Posey"
10764,"Daniel Craig, Olga Kurylenko, Mathieu Amalric, Judi Dench, Giancarlo Giannini"
58,"Johnny Depp, Orlando Bloom, Keira Knightley, Stellan Skarsgård, Bill Nighy"
57201,"Johnny Depp, Armie Hammer, William Fichtner, Helena Bonham Carter, James Badge Dale"
49521,"Henry Cavill, Amy Adams, Michael Shannon, Kevin Costner, Diane Lane"
2454,"Ben Barnes, William Moseley, Anna Popplewell, Skandar Keynes, Georgie Henley"
24428,"Robert Downey Jr., Chris Evans, Mark Ruffalo, Chris Hemsworth, Scarlett Johansson"
1865,"Johnny Depp, Penélope Cruz, Ian McShane, Kevin McNally, Geoffrey Rush"
41154,"Will Smith, Tommy Lee Jones, Josh Brolin, Michael Stuhlbarg, Emma Thompson"
122917,"Martin Freeman, Ian McKellen, Richard Armitage, Ken Stott, Graham McTavish"
1930,"Andrew Garfield, Emma Stone, Rhys Ifans, Denis Leary, Campbell Scott"
20662,"Russell Crowe, Cate Blanchett, Max von Sydow, William Hurt, Mark Strong"
57158,"Martin Freeman, Ian McKellen, Richard Armitage, Ken Stott, Graham McTavish"
2268,"Dakota Blue Richards, Nicole Kidman, Daniel Craig, Sam Elliott, Eva Green"
254,"Naomi Watts, Jack Black, Adrien Brody, Thomas Kretschmann, Colin Hanks"
597,"Kate Winslet, Leonardo DiCaprio, Frances Fisher, Billy Zane, Kathy Bates"
271110,"Chris Evans, Robert Downey Jr., Scarlett Johansson, Sebastian Stan, Anthony Mackie"
44833,"Taylor Kitsch, Alexander Skarsgård, Rihanna, Brooklyn Decker, Tadanobu Asano"
135397,"Chris Pratt, Bryce Dallas Howard, Irrfan Khan, Vincent D'Onofrio, Nick Robinson"
37724,"Daniel Craig, Judi Dench, Javier Bardem, Ralph Fiennes, Naomie Harris"
558,"Tobey Maguire, Kirsten Dunst, James Franco, Alfred Molina, Rosemary Harris"
68721,"Robert Downey Jr., Gwyneth Paltrow, Don Cheadle, Guy Pearce, Rebecca Hall"
12155,"Mia Wasikowska, Johnny Depp, Anne Hathaway, Helena Bonham Carter, Crispin Glover"
36668,"Hugh Jackman, Halle Berry, Ian McKellen, Patrick Stewart, Famke Janssen"
62211,"Billy Crystal, John Goodman, Steve Buscemi, Helen Mirren, Noah Johnston"
8373,"Shia LaBeouf, Megan Fox, Josh Duhamel, Rainn Wilson, Tyrese Gibson"
91314,"Mark Wahlberg, Stanley Tucci, Kelsey Grammer, Nicola Peltz, Jack Reynor"
68728,"James Franco, Mila Kunis, Rachel Weisz, Michelle Williams, Zach Braff"
102382,"Andrew Garfield, Emma Stone, Jamie Foxx, Dane DeHaan, Campbell Scott"
20526,"Garrett Hedlund, Jeff Bridges, Olivia Wilde, Bruce Boxleitner, Yaya DaCosta"
49013,"Owen Wilson, Larry the Cable Guy, Michael Caine, Emily Mortimer, John Turturro"
44912,"Ryan Reynolds, Blake Lively, Peter Sarsgaard, Tim Robbins, Mark Strong"
10193,"Tom Hanks, Tim Allen, Ned Beatty, Joan Cusack, Michael Keaton"
534,"Christian Bale, Sam Worthington, Anton Yelchin, Moon Bloodgood, Bryce Dallas Howard"
168259,"Vin Diesel, Paul Walker, Dwayne Johnson, Michelle Rodriguez, Tyrese Gibson"
72190,"Brad Pitt, Mireille Enos, Abigail Hargrove, Sterling Jerins, James Badge Dale"
127585,"Hugh Jackman, James McAvoy, Michael Fassbender, Jennifer Lawrence, Halle Berry"
54138,"Chris Pine, Zachary Quinto, Zoe Saldana, Karl Urban, Simon Pegg"
81005,"Nicholas Hoult, Eleanor Tomlinson, Ewan McGregor, Stanley Tucci, Ian McShane"
64682,"Leonardo DiCaprio, Tobey Maguire, Carey Mulligan, Joel Edgerton, Elizabeth Debicki"
9543,"Jake Gyllenhaal, Gemma Arterton, Ben Kingsley, Alfred Molina, Steve Toussaint"
68726,"Idris Elba, Charlie Hunnam, Charlie Day, Ron Perlman, Burn Gorman"
38356,"Shia LaBeouf, John Malkovich, Ken Jeong, Frances McDormand, Josh Duhamel"
217,"Harrison Ford, Cate Blanchett, Shia LaBeouf, Ray Winstone, Karen Allen"
105864,"Raymond Ochoa, Jack Bright, Jeffrey Wright, Frances McDormand, Maleah Nipay-Padilla"
62177,"Kelly Macdonald, Julie Walters, Billy Connolly, Emma Thompson, Kevin McKidd"
188927,"Chris Pine, Zachary Quinto, Karl Urban, Simon Pegg, Zoe Saldana"
10681,"Ben Burtt, Elissa Knight, Jeff Garlin, Fred Willard, John Ratzenberger"
5174,"Chris Tucker, Jackie Chan, Hiroyuki Sanada, Max von Sydow, Yvan Attal"
14161,"John Cusack, Amanda Peet, Chiwetel Ejiofor, Thandie Newton, Oliver Platt"
17979,"Gary Oldman, Jim Carrey, Steve Valentine, Daryl Sabara, Sage Ryan"
76757,"Mila Kunis, Channing Tatum, Sean Bean, Eddie Redmayne, Douglas Booth"
258489,"Alexander Skarsgård, Margot Robbie, Christoph Waltz, Samuel L. Jackson, Djimon Hounsou"
411,"William Moseley, Anna Popplewell, Skandar Keynes, Georgie Henley, Liam Neeson"
246655,"James McAvoy, Michael Fassbender, Jennifer Lawrence, Nicholas Hoult, Oscar Isaac"
155,"Christian Bale, Heath Ledger, Aaron Eckhart, Michael Caine, Maggie Gyllenhaal"
14160,"Ed Asner, Christopher Plummer, Jordan Nagai, Bob Peterson, Delroy Lindo"
15512,"Seth Rogen, Reese Witherspoon, Hugh Laurie, Paul Rudd, Kiefer Sutherland"
1726,"Robert Downey Jr., Terrence Howard, Jeff Bridges, Shaun Toub, Gwyneth Paltrow"
44826,"Ben Kingsley, Sacha Baron Cohen, Asa Butterfield, Chloë Grace Moretz, Ray Winstone"
8487,"Will Smith, Kevin Kline, Kenneth Branagh, Salma Hayek, M. Emmet Walsh"
1735,"Brendan Fraser, Jet Li, John Hannah, Maria Bello, Luke Ford"
297761,"Will Smith, Margot Robbie, Joel Kinnaman, Viola Davis, Jared Leto"
2698,"Steve Carell, Lauren Graham, John Goodman, Jimmy Bennett, John Michael Higgins"
137113,"Tom Cruise, Emily Blunt, Brendan Gleeson, Bill Paxton, Jonas Armstrong"
9804,"Kevin Costner, Chaim Girafi, Rick Aviles, R. D. Call, Zitto Kazann"
14869,"Dennis Quaid, Channing Tatum, Marlon Wayans, Sienna Miller, Joseph Gordon-Levitt"
150540,"Amy Poehler, Phyllis Smith, Richard Kind, Bill Hader, Lewis Black"
278927,"Neel Sethi, Bill Murray, Ben Kingsley, Idris Elba, Scarlett Johansson"
10138,"Robert Downey Jr., Gwyneth Paltrow, Don Cheadle, Scarlett Johansson, Mickey Rourke"
58595,"Kristen Stewart, Charlize Theron, Chris Hemsworth, Sam Claflin, Ian McShane"
102651,"Angelina Jolie, Elle Fanning, Sharlto Copley, Sam Riley, Juno Temple"
119450,"Andy Serkis, Jason Clarke, Gary Oldman, Keri Russell, Toby Kebbell"
79698,"Josh Hartnett, Simone Kessell, Tamsin Egerton, Alice Englert, Bipasha Basu"
64686,"Keanu Reeves, Hiroyuki Sanada, Kou Shibasaki, Tadanobu Asano, Min Tanaka"
100402,"Chris Evans, Samuel L. Jackson, Scarlett Johansson, Robert Redford, Sebastian Stan"
10192,"Mike Myers, Eddie Murphy, Cameron Diaz, Antonio Banderas, Julie Andrews"
158852,"Britt Robertson, George Clooney, Raffey Cassidy, Thomas Robinson, Hugh Laurie"
177572,"Scott Adsit, Ryan Potter, Daniel Henney, T.J. Miller, Jamie Chung"
82690,"John C. Reilly, Sarah Silverman, Jack McBrayer, Jane Lynch, Alan Tudyk"
5255,"Tom Hanks, Michael Jeter, Nona Gaye, Peter Scolari, Eddie Deezen"
47933,"Liam Hemsworth, Jeff Goldblum, Bill Pullman, Maika Monroe, Sela Ward"
10191,"Jay Baruchel, Gerard Butler, Craig Ferguson, America Ferrera, Jonah Hill"
296,"Arnold Schwarzenegger, Nick Stahl, Claire Danes, Kristanna Loken, David Andrews"
118340,"Chris Pratt, Zoe Saldana, Dave Bautista, Vin Diesel, Bradley Cooper"
157336,"Matthew McConaughey, Jessica Chastain, Anne Hathaway, Michael Caine, Casey Affleck"
27205,"Leonardo DiCaprio, Joseph Gordon-Levitt, Ellen Page, Tom Hardy, Ken Watanabe"
315011,"Hiroki Hasegawa, Yutaka Takenouchi, Satomi Ishihara, Kengo Kora, Matsuo Satoru"
49051,"Ian McKellen, Martin Freeman, Richard Armitage, Andy Serkis, Cate Blanchett"
9799,"Paul Walker, Vin Diesel, Michelle Rodriguez, Jordana Brewster, Rick Yune"
4922,"Cate Blanchett, Brad Pitt, Tilda Swinton, Julia Ormond, Elle Fanning"
49538,"James McAvoy, Michael Fassbender, Jennifer Lawrence, Kevin Bacon, Rose Byrne"
131634,"Jennifer Lawrence, Josh Hutcherson, Liam Hemsworth, Woody Harrelson, Elizabeth Banks"
27022,"Nicolas Cage, Jay Baruchel, Monica Bellucci, Alfred Molina, Teresa Palmer"
503,"Kurt Russell, Richard Dreyfuss, Josh Lucas, Jacinda Barrett, Emmy Rossum"
241259,"Johnny Depp, Mia Wasikowska, Anne Hathaway, Helena Bonham Carter, Alan Rickman"
810,"Mike Myers, Eddie Murphy, Cameron Diaz, Julie Andrews, Antonio Banderas"
68735,"Paula Patton, Travis Fimmel, Ben Foster, Robert Kazinsky, Dominic Cooper"
87101,"Arnold Schwarzenegger, Jason Clarke, Emilia Clarke, Jai Courtney, J.K. Simmons"
10140,"Skandar Keynes, Georgie Henley, Simon Pegg, Gary Sweet, Arthur Angel"
676,"Ben Affleck, Josh Hartnett, Kate Beckinsale, Cuba Gooding Jr., Jon Voight"
1858,"Shia LaBeouf, Josh Duhamel, Megan Fox, Rachael Taylor, Tyrese Gibson"
1966,"Colin Farrell, Angelina Jolie, Val Kilmer, Jared Leto, Jonathan Rhys Meyers"
675,"Daniel Radcliffe, Rupert Grint, Emma Watson, Michael Gambon, Ralph Fiennes"
674,"Daniel Radcliffe, Rupert Grint, Emma Watson, Ralph Fiennes, Michael Gambon"
8960,"Will Smith, Charlize Theron, Jason Bateman, Jae Head, Eddie Marsan"
6479,"Will Smith, Alice Braga, Charlie Tahan, Salli Richardson-Whitfield, Willow Smith"
118,"Johnny Depp, Freddie Highmore, David Kelly, AnnaSophia Robb, Julia Winter"
2062,"Patton Oswalt, Ian Holm, Lou Romano, Brian Dennehy, Peter Sohn"
272,"Christian Bale, Michael Caine, Liam Neeson, Katie Holmes, Gary Oldman"
10527,"Ben Stiller, Jada Pinkett Smith, David Schwimmer, Chris Rock, Cedric the Entertainer"
18360,"Ben Stiller, Amy Adams, Owen Wilson, Hank Azaria, Robin Williams"
2080,"Hugh Jackman, Liev Schreiber, Danny Huston, Lynn Collins, Ryan Reynolds"
605,"Keanu Reeves, Laurence Fishburne, Carrie-Anne Moss, Hugo Weaving, Mary Alice"
109445,"Kristen Bell, Idina Menzel, Jonathan Groff, Josh Gad, Santino Fontana"
604,"Keanu Reeves, Carrie-Anne Moss, Laurence Fishburne, Hugo Weaving, Helmut Bakaitis"
76338,"Chris Hemsworth, Natalie Portman, Tom Hiddleston, Anthony Hopkins, Christopher Eccleston"
76341,"Tom Hardy, Charlize Theron, Nicholas Hoult, Hugh Keays-Byrne, Josh Helman"
13448,"Tom Hanks, Ewan McGregor, Ayelet Zurer, Stellan Skarsgård, Pierfrancesco Favino"
10195,"Chris Hemsworth, Natalie Portman, Tom Hiddleston, Anthony Hopkins, Stellan Skarsgård"
13053,"John Travolta, Miley Cyrus, Susie Essman, Mark Walton, Malcolm McDowell"
19585,"Sam Rockwell, Penélope Cruz, Tracy Morgan, Jon Favreau, Steve Buscemi"
57165,"Sam Worthington, Liam Neeson, Ralph Fiennes, Edgar Ramírez, Toby Kebbell"
62213,"Johnny Depp, Michelle Pfeiffer, Helena Bonham Carter, Jackie Earle Haley, Jonny Lee Miller"
177677,"Tom Cruise, Rebecca Ferguson, Simon Pegg, Jeremy Renner, Ving Rhames"
7978,"Benicio del Toro, Anthony Hopkins, Emily Blunt, Hugo Weaving, Cristina Contes"
5559,"Jerry Seinfeld, Renée Zellweger, Jim Cummings, Matthew Broderick, Patrick Warburton"
49444,"Jack Black, Angelina Jolie, Dustin Hoffman, Gary Oldman, Jackie Chan"
10196,"Noah Ringer, Nicola Peltz, Jackson Rathbone, Dev Patel, Shaun Toub"
956,"Tom Cruise, Philip Seymour Hoffman, Ving Rhames, Billy Crudup, Jonathan Rhys Meyers"
117251,"Channing Tatum, Jamie Foxx, Joey King, Maggie Gyllenhaal, Richard Jenkins"
50321,"Seth Green, Joan Cusack, Dan Fogler, Breckin Meyer, Elisabeth Harnois"
11619,"Hugh Jackman, Kate Winslet, Ian McKellen, Jean Reno, Bill Nighy"
266647,"Levi Miller, Garrett Hedlund, Hugh Jackman, Rooney Mara, Amanda Seyfried"
82703,"Ty Burrell, Max Charles, Ariel Winter, Allison Janney, Ellie Kemper"
652,"Brad Pitt, Orlando Bloom, Eric Bana, Brian Cox, Sean Bean"
80321,"Ben Stiller, Sacha Baron Cohen, David Schwimmer, Frances McDormand, Chris Rock"
36669,"Pierce Brosnan, Halle Berry, Rosamund Pike, Rick Yune, Toby Stephens"
43074,"Melissa McCarthy, Kristen Wiig, Kate McKinnon, Leslie Jones, Chris Hemsworth"
95,"Bruce Willis, Billy Bob Thornton, Ben Affleck, Liv Tyler, Will Patton"
608,"Tommy Lee Jones, Will Smith, Rip Torn, Lara Flynn Boyle, Johnny Knoxville"
2310,"Ray Winstone, Angelina Jolie, Anthony Hopkins, Robin Wright, John Malkovich"
140300,"Jack Black, Bryan Cranston, Dustin Hoffman, Angelina Jolie, J.K. Simmons"
56292,"Tom Cruise, Jeremy Renner, Simon Pegg, Paula Patton, Anil Kapoor"
81188,"Chris Pine, Alec Baldwin, Jude Law, Isla Fisher, Hugh Jackman"
7552,"Jim Carrey, Téa Leoni, Alec Baldwin, Richard Jenkins, Angie Harmon"
616,"Tom Cruise, Ken Watanabe, William Atherton, Chad Lindberg, Billy Connolly"
147441,"Christian Bale, Joel Edgerton, John Turturro, Aaron Paul, Ben Mendelsohn"
13475,"Chris Pine, Zachary Quinto, Leonard Nimoy, Eric Bana, Bruce Greenwood"
557,"Tobey Maguire, Willem Dafoe, Kirsten Dunst, James Franco, Cliff Robertson"
82702,"Jay Baruchel, Gerard Butler, Kristen Wiig, Jonah Hill, Cate Blanchett"
205584,"Brenton Thwaites, Nikolaj Coster-Waldau, Gerard Butler, Courtney Eaton, Elodie Yung"
10048,"Josh Lucas, Jessica Biel, Jamie Foxx, Sam Shepard, Richard Roxburgh"
13183,"Malin Åkerman, Billy Crudup, Carla Gugino, Jeffrey Dean Morgan, Patrick Wilson"
944,"Mel Gibson, Danny Glover, Joe Pesci, Rene Russo, Jet Li"
1927,"Eric Bana, Jennifer Connelly, Sam Elliott, Josh Lucas, Nick Nolte"
72559,"Dwayne Johnson, D.J. Cotrona, Adrianne Palicki, Bruce Willis, Ray Park"
7364,"Matthew McConaughey, Penélope Cruz, Steve Zahn, William H. Macy, Lennie James"
2114,"Donald Sutherland, Ming-Na Wen, Alec Baldwin, Ving Rhames, Steve Buscemi"
1771,"Chris Evans, Hugo Weaving, Tommy Lee Jones, Hayley Atwell, Sebastian Stan"
36643,"Pierce Brosnan, Sophie Marceau, Robert Carlyle, Denise Richards, Robbie Coltrane"
8619,"Russell Crowe, Paul Bettany, James D'Arcy, Billy Boyd, Joseph Morgan"
50620,"Kristen Stewart, Robert Pattinson, Taylor Lautner, Peter Facinelli, Elizabeth Reaser"
65759,"Elijah Wood, Robin Williams, Pink, E.G. Daily, Johnny A. Sanchez"
1724,"Edward Norton, Liv Tyler, Tim Roth, William Hurt, Tim Blake Nelson"
267935,"Ruby Barnhill, Mark Rylance, Rebecca Hall, Jemaine Clement, Bill Hader"
281957,"Leonardo DiCaprio, Tom Hardy, Will Poulter, Domhnall Gleeson, Paul Anderson"
77950,"Ryan Reynolds, Paul Giamatti, Michael Peña, Samuel L. Jackson, Luis Guzmán"
44896,"Johnny Depp, Isla Fisher, Ned Beatty, Bill Nighy, Alfred Molina"
270946,"Tom McGrath, Chris Miller, Christopher Knights, Conrad Vernon, John Malkovich"
2503,"Matt Damon, Julia Stiles, David Strathairn, Scott Glenn, Paddy Considine"
9502,"Jack Black, Dustin Hoffman, Angelina Jolie, Jackie Chan, Lucy Liu"
102899,"Paul Rudd, Michael Douglas, Evangeline Lilly, Corey Stoll, Bobby Cannavale"
101299,"Jennifer Lawrence, Josh Hutcherson, Liam Hemsworth, Woody Harrelson, Elizabeth Banks"
228161,"Jim Parsons, Rihanna, Steve Martin, Jennifer Lopez, Matt Jones"
74,"Tom Cruise, Dakota Fanning, Miranda Otto, Justin Chatwin, Tim Robbins"
8961,"Martin Lawrence, Will Smith, Jordi Mollà, Gabrielle Union, Peter Stormare"
417859,"Antonio Banderas, Salma Hayek, Zach Galifianakis, Billy Bob Thornton, Amy Sedaris"
27576,"Angelina Jolie, Liev Schreiber, Chiwetel Ejiofor, Daniel Olbrychski, August Diehl"
86834,"Russell Crowe, Jennifer Connelly, Emma Watson, Logan Lerman, Anthony Hopkins"
17578,"Jamie Bell, Andy Serkis, Daniel Craig, Nick Frost, Simon Pegg"
673,"Daniel Radcliffe, Rupert Grint, Emma Watson, Gary Oldman, David Thewlis"
6972,"Nicole Kidman, Hugh Jackman, Essie Davis, David Wenham, Bryan Brown"
82700,"Jaden Smith, Will Smith, Sophie Okonedo, Zoë Kravitz, Glenn Morshower"
10567,"D. B. Sweeney, Alfre Woodard, Ossie Davis, Max Casella, Hayden Panettiere"
181533,"Ben Stiller, Rami Malek, Rebel Wilson, Robin Williams, Owen Wilson"
38055,"Will Ferrell, Brad Pitt, Tina Fey, Jonah Hill, David Cross"
671,"Daniel Radcliffe, Rupert Grint, Emma Watson, Richard Harris, Tom Felton"
49524,"Jeff Bridges, Ryan Reynolds, Kevin Bacon, Stephanie Szostak, Mary-Louise Parker"
22,"Johnny Depp, Geoffrey Rush, Orlando Bloom, Keira Knightley, Jack Davenport"
131631,"Jennifer Lawrence, Josh Hutcherson, Liam Hemsworth, Woody Harrelson, Donald Sutherland"
591,"Tom Hanks, Audrey Tautou, Ian McKellen, Paul Bettany, Jean Reno"
172385,"Jesse Eisenberg, Anne Hathaway, Leslie Mann, Jamie Foxx, Andy García"
36658,"Patrick Stewart, Hugh Jackman, Ian McKellen, Halle Berry, Famke Janssen"
51497,"Vin Diesel, Paul Walker, Jordana Brewster, Tyrese Gibson, Ludacris"
58574,"Robert Downey Jr., Jude Law, Jared Harris, Noomi Rapace, Kelly Reilly"
18823,"Sam Worthington, Liam Neeson, Ralph Fiennes, Gemma Arterton, Jason Flemyng"
861,"Arnold Schwarzenegger, Sharon Stone, Rachel Ticotin, Ronny Cox, Michael Ironside"
1911,"Antonio Banderas, Vladimir Kulich, Dennis Storhøi, Daniel Southern, Clive Russell"
49040,"Jeremy Renner, Rachel Weisz, Edward Norton, Scott Glenn, Stacy Keach"
415,"George Clooney, Chris O'Donnell, Arnold Schwarzenegger, Uma Thurman, Alicia Silverstone"
8871,"Jim Carrey, Taylor Momsen, Jeffrey Tambor, Christine Baranski, Bill Irwin"
435,"Dennis Quaid, Jake Gyllenhaal, Emmy Rossum, Dash Mihok, Jay O. Sanders"
955,"Tom Cruise, Dougray Scott, Thandie Newton, Ving Rhames, Richard Roxburgh"
2133,"George Clooney, Mark Wahlberg, Diane Lane, John C. Reilly, William Fichtner"
1979,"Ioan Gruffudd, Jessica Alba, Chris Evans, Michael Chiklis, Julian McMahon"
87827,"Suraj Sharma, Irrfan Khan, Ayush Tandon, Gautam Belur, Adil Hussain"
1250,"Nicolas Cage, Eva Mendes, Wes Bentley, Donal Logue, Sam Elliott"
324668,"Matt Damon, Alicia Vikander, Tommy Lee Jones, Vincent Cassel, Julia Stiles"
9471,"Cameron Diaz, Drew Barrymore, Lucy Liu, Bernie Mac, Robert Patrick"
70981,"Noomi Rapace, Michael Fassbender, Guy Pearce, Idris Elba, Logan Marshall-Green"
10996,"Michael J. Fox, Geena Davis, Hugh Laurie, Jonathan Lipnicki, Anna Hoelck"
68724,"Matt Damon, Jodie Foster, Sharlto Copley, Alice Braga, Diego Luna"
2789,"Vin Diesel, Thandie Newton, Karl Urban, Colm Feore, Linus Roache"
97020,"Joel Kinnaman, Gary Oldman, Michael Keaton, Abbie Cornish, Jackie Earle Haley"
7459,"Emile Hirsch, Christina Ricci, Matthew Fox, Susan Sarandon, Scott Porter"
42888,"Reese Witherspoon, Paul Rudd, Owen Wilson, Jack Nicholson, Kathryn Hahn"
37834,"Tom Cruise, Cameron Diaz, Peter Sarsgaard, Viola Davis, Jordi Mollà"
75612,"Tom Cruise, Morgan Freeman, Olga Kurylenko, Andrea Riseborough, Nikolaj Coster-Waldau"
1895,"Ewan McGregor, Natalie Portman, Hayden Christensen, Ian McDiarmid, Samuel L. Jackson"
1894,"Ewan McGregor, Natalie Portman, Hayden Christensen, Ian McDiarmid, Samuel L. Jackson"
585,"John Goodman, Billy Crystal, Mary Gibbs, Steve Buscemi, James Coburn"
76170,"Hugh Jackman, Hiroyuki Sanada, Famke Janssen, Will Yun Lee, Tao Okamoto"
1893,"Liam Neeson, Ewan McGregor, Natalie Portman, Jake Lloyd, Ian McDiarmid"
49519,"Nicolas Cage, Emma Stone, Ryan Reynolds, Catherine Keener, Cloris Leachman"
2395,"Clovis Cornillac, Gérard Depardieu, Franck Dubosc, José Garcia, Stéphane Rousseau"
12100,"Nicolas Cage, Adam Beach, Peter Stormare, Noah Emmerich, Mark Ruffalo"
290595,"Chris Hemsworth, Charlize Theron, Emily Blunt, Jessica Chastain, Nick Frost"
98566,"Megan Fox, Will Arnett, William Fichtner, Alan Ritchson, Noel Fisher"
49047,"Sandra Bullock, George Clooney, Ed Harris, Orto Ignatiussen, Phaldut Sharma"
9619,"Pierce Brosnan, Linda Hamilton, Jamie Renée Smith, Jeremy Foley, Elizabeth Hoffman"
308531,"Megan Fox, Stephen Amell, Will Arnett, Laura Linney, Pete Ploszek"
166424,"Miles Teller, Kate Mara, Michael B. Jordan, Jamie Bell, Toby Kebbell"
1593,"Ben Stiller, Jake Cherry, Carla Gugino, Robin Williams, Dick Van Dyke"
254128,"Dwayne Johnson, Alexandra Daddario, Carla Gugino, Ioan Gruffudd, Archie Panjabi"
714,"Pierce Brosnan, Jonathan Pryce, Michelle Yeoh, Teri Hatcher, Ricky Jay"
2024,"Mel Gibson, Heath Ledger, Joely Richardson, Jason Isaacs, Tchéky Karyo"
163,"George Clooney, Brad Pitt, Catherine Zeta-Jones, Julia Roberts, Andy García"
787,"Angelina Jolie, Brad Pitt, Vince Vaughn, Adam Brody, Kerry Washington"
262500,"Shailene Woodley, Theo James, Kate Winslet, Ansel Elgort, Miles Teller"
2567,"Leonardo DiCaprio, Cate Blanchett, Kate Beckinsale, John C. Reilly, Alec Baldwin"
38745,"Jack Black, Amanda Peet, Emily Blunt, Jason Segel, Chris O'Dowd"
40805,"Seth Rogen, Jay Chou, Christoph Waltz, Cameron Diaz, Edward Furlong"
53182,"Sullivan Stapleton, Eva Green, Lena Headey, Callan Mulvey, David Wenham"
41513,"Hank Azaria, Neil Patrick Harris, Jayma Mays, Sofía Vergara, Tim Gunn"
13700,"Roseanne Barr, Judi Dench, Jennifer Tilly, Steve Buscemi, G. W. Bailey"
262504,"Shailene Woodley, Theo James, Zoë Kravitz, Miles Teller, Naomi Watts"
39254,"Hugh Jackman, Dakota Goyo, Evangeline Lilly, Anthony Mackie, Kevin Durand"
77931,"Hank Azaria, Neil Patrick Harris, Brendan Gleeson, Jayma Mays, Jonathan Winters"
1639,"Sandra Bullock, Jason Patric, Willem Dafoe, Temuera Morrison, Mike Hagerty"
80274,"Asa Butterfield, Harrison Ford, Hailee Steinfeld, Abigail Breslin, Ben Kingsley"
1571,"Bruce Willis, Justin Long, Timothy Olyphant, Cliff Curtis, Maggie Q"
120,"Elijah Wood, Ian McKellen, Cate Blanchett, Orlando Bloom, Sean Bean"
10204,"Jackie Chan, Steve Coogan, Cécile de France, Robert Fyfe, Jim Broadbent"
8489,"Will Smith, Jamie Foxx, Jon Voight, Mario Van Peebles, Ron Silver"
10588,"Mike Myers, Dakota Fanning, Spencer Breslin, Kelly Preston, Alec Baldwin"
2048,"Will Smith, Bridget Moynahan, Alan Tudyk, James Cromwell, Bruce Greenwood"
1495,"Orlando Bloom, Eva Green, Jeremy Irons, Marton Csokas, Brendan Gleeson"
10137,"Michael J. Fox, Geena Davis, Hugh Laurie, Jonathan Lipnicki, Nathan Lane"
10198,"Anika Noni Rose, Bruno Campos, Keith David, Michael-Leon Wooley, Jennifer Cody"
286217,"Matt Damon, Jessica Chastain, Kristen Wiig, Jeff Daniels, Michael Peña"
1635,"Ewan McGregor, Scarlett Johansson, Djimon Hounsou, Sean Bean, Steve Buscemi"
24113,"Warren Beatty, Diane Keaton, Goldie Hawn, Garry Shandling, Andie MacDowell"
9679,"Nicolas Cage, Angelina Jolie, Giovanni Ribisi, Delroy Lindo, Will Patton"
98,"Russell Crowe, Joaquin Phoenix, Connie Nielsen, Oliver Reed, Richard Harris"
180,"Tom Cruise, Colin Farrell, Samantha Morton, Max von Sydow, Lois Smith"
672,"Daniel Radcliffe, Rupert Grint, Emma Watson, Richard Harris, Alan Rickman"
36557,"Daniel Craig, Eva Green, Mads Mikkelsen, Judi Dench, Jeffrey Wright"
869,"Mark Wahlberg, Tim Roth, Helena Bonham Carter, Michael Clarke Duncan, Kris Kristofferson"
280,"Arnold Schwarzenegger, Linda Hamilton, Robert Patrick, Edward Furlong, Michael Edwards"
11322,"Christian Bale, Johnny Depp, Giovanni Ribisi, Billy Crudup, Marion Cotillard"
4982,"Denzel Washington, Russell Crowe, Chiwetel Ejiofor, Josh Brolin, Lymari Nadal"
36955,"Arnold Schwarzenegger, Jamie Lee Curtis, Tom Arnold, Bill Paxton, Tia Carrere"
18487,"Denzel Washington, John Travolta, Luis Guzmán, Victor Gojcaj, John Turturro"
39451,"Robert De Niro, Ben Stiller, Owen Wilson, Dustin Hoffman, Barbra Streisand"
27581,"Will Ferrell, Mark Wahlberg, Eva Mendes, Samuel L. Jackson, Dwayne Johnson"
9268,"Arnold Schwarzenegger, James Caan, Vanessa Williams, James Coburn, Robert Pastorelli"
68718,"Jamie Foxx, Christoph Waltz, Leonardo DiCaprio, Kerry Washington, Samuel L. Jackson"
10545,"Tom Hulce, Demi Moore, Tony Jay, Kevin Kline, Paul Kandel"
11688,"David Spade, John Goodman, Eartha Kitt, Patrick Warburton, Wendie Malick"
76163,"Sylvester Stallone, Jason Statham, Dolph Lundgren, Bruce Willis, Arnold Schwarzenegger"
2059,"Nicolas Cage, Diane Kruger, Justin Bartha, Sean Bean, Jon Voight"
2486,"Ed Speleers, Jeremy Irons, Sienna Guillory, Robert Carlyle, Djimon Hounsou"
16523,"Max Records, Catherine Keener, Lauren Ambrose, James Gandolfini, Catherine O'Hara"
116711,"Josh Hutcherson, Amanda Seyfried, Colin Farrell, Jason Sudeikis, Aziz Ansari"
37710,"Johnny Depp, Angelina Jolie, Paul Bettany, Timothy Dalton, Steven Berkoff"
9946,"Arnold Schwarzenegger, Gabriel Byrne, Kevin Pollak, Robin Tunney, CCH Pounder"
1372,"Leonardo DiCaprio, Djimon Hounsou, Jennifer Connelly, Kagiso Kuypers, Arnold Vosloo"
106646,"Leonardo DiCaprio, Jonah Hill, Margot Robbie, Kyle Chandler, Rob Reiner"
414,"Val Kilmer, Tommy Lee Jones, Jim Carrey, Nicole Kidman, Chris O'Donnell"
563,"Casper Van Dien, Dina Meyer, Denise Richards, Jake Busey, Neil Patrick Harris"
83542,"Tom Hanks, Halle Berry, Jim Broadbent, Hugo Weaving, Jim Sturgess"
41216,"Emily Barclay, Abbie Cornish, Essie Davis, Joel Edgerton, Deborra-Lee Furness"
314,"Halle Berry, Benjamin Bratt, Sharon Stone, Lambert Wilson, Frances Conroy"
184315,"Dwayne Johnson, Ian McShane, John Hurt, Rufus Sewell, Aksel Hennie"
9016,"Joseph Gordon-Levitt, Brian Murray, David Hyde Pierce, Emma Thompson, Michael Wincott"
18162,"Will Ferrell, Anna Friel, Danny McBride, Jorma Taccone, Matt Lauer"
138103,"Sylvester Stallone, Jason Statham, Harrison Ford, Arnold Schwarzenegger, Mel Gibson"
257088,"Edgar Ramírez, Luke Bracey, Teresa Palmer, Delroy Lindo, Ray Winstone"
10214,"Jamie Kennedy, Alan Cumming, Traylor Howard, Kal Penn, Steven Wright"
205775,"Chris Hemsworth, Benjamin Walker, Cillian Murphy, Brendan Gleeson, Ben Whishaw"
11692,"Eddie Murphy, Randy Quaid, Rosario Dawson, Joe Pantoliano, Jay Mohr"
22972,"Matt Damon, Greg Kinnear, Brendan Gleeson, Amy Ryan, Jason Isaacs"
227973,"Noah Schnapp, Bill Melendez, Venus Schultheis, Hadley Belle Miller, Madisyn Shipman"
29193,"Steve Martin, Campbell Scott, Ben Gazzara, Rebecca Pidgeon, Ricky Jay"
1734,"Brendan Fraser, Rachel Weisz, John Hannah, Arnold Vosloo, Oded Fehr"
3131,"Leonardo DiCaprio, Daniel Day-Lewis, Cameron Diaz, Liam Neeson, Brendan Gleeson"
76758,"Christian Bale, Ni Ni, Tong Dawei, Zhang Xinyi, Shigeo Kobayashi"
9408,"Shia LaBeouf, Jeff Bridges, Zooey Deschanel, Jon Heder, James Woods"
9890,"Nicole Kidman, Matthew Broderick, Bette Midler, Glenn Close, Christopher Walken"
855,"Josh Hartnett, Ewan McGregor, Jason Isaacs, Tom Sizemore, William Fichtner"
77953,"Will Ferrell, Zach Galifianakis, Dylan McDermott, Jason Sudeikis, Sarah Baker"
18,"Bruce Willis, Gary Oldman, Ian Holm, Milla Jovovich, Chris Tucker"
37786,"Sarah Jessica Parker, Kristin Davis, Cynthia Nixon, Kim Cattrall, Chris Noth"
10501,"Kenneth Branagh, Kevin Kline, Rosie Perez, Armand Assante, Edward James Olmos"
57800,"John Leguizamo, Ray Romano, Chris Wedge, Denis Leary, Seann William Scott"
150689,"Lily James, Cate Blanchett, Richard Madden, Helena Bonham Carter, Stellan Skarsgård"
7980,"Rachel Weisz, Mark Wahlberg, Susan Sarandon, Saoirse Ronan, Stanley Tucci"
12,"Albert Brooks, Ellen DeGeneres, Alexander Gould, Willem Dafoe, Brad Garrett"
122,"Elijah Wood, Ian McKellen, Viggo Mortensen, Liv Tyler, Orlando Bloom"
121,"Elijah Wood, Ian McKellen, Viggo Mortensen, Liv Tyler, Orlando Bloom"
68737,"Jeff Bridges, Julianne Moore, Ben Barnes, Alicia Vikander, Kit Harington"
1995,"Angelina Jolie, Jon Voight, Iain Glen, Noah Taylor, Daniel Craig"
157353,"Johnny Depp, Paul Bettany, Rebecca Hall, Kate Mara, Morgan Freeman"
331,"Sam Neill, William H. Macy, Téa Leoni, Trevor Morgan, Alessandro Nivola"
61791,"James Franco, Freida Pinto, John Lithgow, Brian Cox, Tom Felton"
8204,"Freddie Highmore, Mary-Louise Parker, Nick Nolte, Sarah Bolger, Andrew McCarthy"
47964,"Bruce Willis, Jai Courtney, Sebastian Koch, Mary Elizabeth Winstead, Юлия Снигирь"
10733,"Dennis Quaid, Billy Bob Thornton, Jason Patric, Patrick Wilson, Emilio Echevarría"
9806,"Craig T. Nelson, Holly Hunter, Samuel L. Jackson, Jason Lee, Dominique Louis"
1408,"Geena Davis, Matthew Modine, Frank Langella, Maury Chaykin, Patrick Malahide"
32657,"Logan Lerman, Brandon T. Jackson, Alexandra Daddario, Jake Abel, Sean Bean"
607,"Tommy Lee Jones, Will Smith, Linda Fiorentino, Vincent D'Onofrio, Rip Torn"
863,"Tom Hanks, Tim Allen, Joan Cusack, Kelsey Grammer, Don Rickles"
44048,"Denzel Washington, Chris Pine, Rosario Dawson, Ethan Suplee, Kevin Corrigan"
5175,"Chris Tucker, Jackie Chan, Zhang Ziyi, Roselyn Sánchez, Ernie Reyes, Jr."
2655,"Harrison Ford, Michelle Pfeiffer, Diana Scarwid, James Remar, Miranda Otto"
22794,"Bill Hader, Anna Faris, James Caan, Mr. T, Benjamin Bratt"
8355,"Ray Romano, John Leguizamo, Denis Leary, Queen Latifah, Simon Pegg"
116745,"Ben Stiller, Kristen Wiig, Patton Oswalt, Shirley MacLaine, Adam Scott"
4327,"Cameron Diaz, Lucy Liu, Drew Barrymore, Bill Murray, John Forsythe"
1422,"Leonardo DiCaprio, Matt Damon, Jack Nicholson, Mark Wahlberg, Martin Sheen"
10674,"Eddie Murphy, Jackie Chan, Ming-Na Wen, Lea Salonga, June Foray"
7446,"Ben Stiller, Jack Black, Robert Downey Jr., Nick Nolte, Steve Coogan"
65754,"Daniel Craig, Rooney Mara, Christopher Plummer, Goran Visnjic, Stellan Skarsgård"
1572,"Bruce Willis, Jeremy Irons, Samuel L. Jackson, Graham Greene, Colleen Camp"
10528,"Robert Downey Jr., Jude Law, Rachel McAdams, Mark Strong, Eddie Marsan"
271969,"Jack Huston, Toby Kebbell, Rodrigo Santoro, Nazanin Boniadi, Ayelet Zurer"
10865,"Michael J. Fox, Corey Burton, Claudia Christian, James Garner, John Mahoney"
258509,"Jason Lee, Justin Long, Bella Thorne, Matthew Gray Gubler, Jesse McCartney"
2253,"Tom Cruise, Carice van Houten, Kenneth Branagh, Bill Nighy, Terence Stamp"
10661,"Adam Sandler, John Turturro, Emmanuelle Chriqui, Nick Swardson, Lainie Kazan"
257344,"Adam Sandler, Michelle Monaghan, Peter Dinklage, Josh Gad, Kevin James"
644,"Haley Joel Osment, Frances O'Connor, Sam Robards, Jake Thomas, Jude Law"
10756,"Eddie Murphy, Terence Stamp, Nathaniel Parker, Marsha Thomason, Jennifer Tilly"
686,"Jodie Foster, Matthew McConaughey, James Woods, John Hurt, Tom Skerritt"
9383,"Kevin Bacon, Elisabeth Shue, Josh Brolin, Kim Dickens, Rhona Mitra"
179,"Nicole Kidman, Sean Penn, Catherine Keener, Jesper Christensen, Yvan Attal"
76285,"Logan Lerman, Alexandra Daddario, Douglas Smith, Leven Rambin, Brandon T. Jackson"
1996,"Angelina Jolie, Gerard Butler, Noah Taylor, Djimon Hounsou, Til Schweiger"
291805,"Jesse Eisenberg, Woody Harrelson, Mark Ruffalo, Dave Franco, Morgan Freeman"
10003,"Val Kilmer, Elisabeth Shue, Rade Serbedzija, Henry Goodman, Alun Armstrong"
1535,"Robert Redford, Brad Pitt, Catherine McCormack, Stephen Dillane, Larry Bryggman"
2067,"Gary Sinise, Tim Robbins, Don Cheadle, Connie Nielsen, Jerry O'Connell"
46195,"Jesse Eisenberg, Anne Hathaway, Leslie Mann, Jane Lynch, Will.i.am"
2277,"Robin Williams, Sam Neill, Embeth Davidtz, Oliver Platt, Kiersten Warren"
10357,"Tommy Lee Jones, Anne Heche, Gaby Hoffmann, Don Cheadle, Joshua Fardon"
4477,"Harrison Ford, Brad Pitt, Margaret Colin, Rubén Blades, Treat Williams"
8665,"Harrison Ford, Liam Neeson, Peter Sarsgaard, Joss Ackland, John Shrapnel"
9387,"Arnold Schwarzenegger, James Earl Jones, Max von Sydow, Sandahl Bergman, Cassandra Gava"
921,"Russell Crowe, Renée Zellweger, Paul Giamatti, Craig Bierko, Paddy Considine"
49852,"Elle Fanning, Nathan Lane, John Turturro, Frances de la Tour, Charlie Rowe"
4464,"Jeff Bridges, David McCullough, Chris Cooper, Tobey Maguire, Elizabeth Banks"
664,"Helen Hunt, Bill Paxton, Cary Elwes, Jami Gertz, Philip Seymour Hoffman"
8358,"Tom Hanks, Helen Hunt, Chris Noth, Paul Sanchez, Lari White"
9836,"Elijah Wood, Robin Williams, Brittany Murphy, Hugh Jackman, Nicole Kidman"
2502,"Matt Damon, Franka Potente, Brian Cox, Julia Stiles, Karl Urban"
9772,"Harrison Ford, Gary Oldman, Glenn Close, Wendy Crewson, William H. Macy"
161,"George Clooney, Brad Pitt, Matt Damon, Andy García, Julia Roberts"
52451,"Milla Jovovich, Orlando Bloom, Logan Lerman, Ray Stevenson, Matthew Macfadyen"
76492,"Adam Sandler, Steve Buscemi, David Spade, Kevin James, Selena Gomez"
4523,"Amy Adams, Patrick Dempsey, James Marsden, Timothy Spall, Rachel Covey"
59961,"Denzel Washington, Ryan Reynolds, Vera Farmiga, Joel Kinnaman, Brendan Gleeson"
10481,"Glenn Close, Ioan Gruffudd, Alice Evans, Tim McInnerny, Gérard Depardieu"
59108,"Ben Stiller, Eddie Murphy, Casey Affleck, Alan Alda, Matthew Broderick"
1581,"Cameron Diaz, Kate Winslet, Jude Law, Jack Black, Eli Wallach"
9798,"Will Smith, Gene Hackman, Jon Voight, Regina King, Ian Hart"
22897,"Meryl Streep, Alec Baldwin, Steve Martin, John Krasinski, Lake Bell"
298,"George Clooney, Brad Pitt, Matt Damon, Al Pacino, Bernie Mac"
7484,"Martin Lawrence, Ashton Kutcher, Gary Sinise, Debra Messing, Billy Connolly"
157350,"Shailene Woodley, Theo James, Kate Winslet, Miles Teller, Ray Stevenson"
853,"Jude Law, Rachel Weisz, Ed Harris, Joseph Fiennes, Bob Hoskins"
10159,"Dwayne Johnson, Seann William Scott, Rosario Dawson, Christopher Walken, Ernie Reyes, Jr."
9593,"Arnold Schwarzenegger, F. Murray Abraham, Art Carney, Charles Dance, Frank McRae"
1904,"Zhang Ziyi, Gong Li, Youki Kudoh, Tsai Chin, Suzuka Ohgo"
9615,"Lucas Black, Nathalie Kelley, Sung Kang, Shad Moss, Brian Tee"
51052,"James McAvoy, Hugh Laurie, Bill Nighy, Jim Broadbent, Imelda Staunton"
297,"Brad Pitt, Anthony Hopkins, Claire Forlani, Jeffrey Tambor, Marcia Gay Harden"
9884,"Arnold Schwarzenegger, Francesca Neri, Elias Koteas, Cliff Curtis, John Turturro"
16858,"Roy Scheider, Jessica Lange, Leland Palmer, Ann Reinking, Ben Vereen"
62764,"Julia Roberts, Lily Collins, Armie Hammer, Nathan Lane, Martin Klebba"
22538,"Michael Cera, Mary Elizabeth Winstead, Kieran Culkin, Chris Evans, Anna Kendrick"
9341,"Aaron Eckhart, Hilary Swank, Delroy Lindo, Stanley Tucci, Tchéky Karyo"
12107,"Eddie Murphy, Janet Jackson, Larry Miller, John Ales, Richard Gant"
9637,"Freddie Prinze Jr., Sarah Michelle Gellar, Matthew Lillard, Linda Cardellini, Rowan Atkinson"
49049,"Karl Urban, Olivia Thirlby, Lena Headey, Wood Harris, Jason Cope"
9339,"Adam Sandler, Kate Beckinsale, Christopher Walken, David Hasselhoff, Henry Winkler"
16281,"Hal Holbrook, Adrienne Barbeau, Fritz Weaver, Leslie Nielsen, Carrie Nye"
39691,"James Marsden, Nick Nolte, Christina Applegate, Bette Midler, Pascale Hutton"
8247,"Hayden Christensen, Jamie Bell, Samuel L. Jackson, Rachel Bilson, Michael Rooker"
11253,"Ron Perlman, Selma Blair, Jeffrey Tambor, Doug Jones, John Hurt"
1949,"Jake Gyllenhaal, Robert Downey Jr., Mark Ruffalo, Anthony Edwards, Brian Cox"
8452,"Arnold Schwarzenegger, Michael Rapaport, Tony Goldwyn, Michael Rooker, Sarah Wynter"
310,"Jim Carrey, Jennifer Aniston, Philip Baker Hall, Catherine Bell, Lisa Ann Walter"
27578,"Sylvester Stallone, Jason Statham, Dolph Lundgren, Eric Roberts, Randy Couture"
954,"Tom Cruise, Jon Voight, Emmanuelle Béart, Henry Czerny, Jean Reno"
70160,"Jennifer Lawrence, Josh Hutcherson, Liam Hemsworth, Woody Harrelson, Elizabeth Banks"
45243,"Bradley Cooper, Ed Helms, Zach Galifianakis, Justin Bartha, Ken Jeong"
364,"Michael Keaton, Danny DeVito, Michelle Pfeiffer, Christopher Walken, Michael Gough"
7518,"Bruce Willis, Garry Shandling, Steve Carell, Wanda Sykes, William Shatner"
11544,"Chris Sanders, Daveigh Chase, Tia Carrere, David Ogden Stiers, Kevin McDonald"
9986,"Julia Roberts, Steve Buscemi, John Cleese, Oprah Winfrey, Cedric the Entertainer"
8656,"Robert Duvall, Téa Leoni, Elijah Wood, Vanessa Redgrave, Morgan Freeman"
146216,"Bruce Willis, Catherine Zeta-Jones, Anthony Hopkins, Helen Mirren, John Malkovich"
9291,"Adam Sandler, Chris Rock, Burt Reynolds, Michael Irvin, Nelly"
55301,"Jason Lee, David Cross, Jenny Slate, Andy Buckley, Justin Long"
109418,"Adam Sandler, Kevin James, Chris Rock, David Spade, Salma Hayek"
11665,"Steve Carell, Anne Hathaway, Dwayne Johnson, Alan Arkin, Terence Stamp"
6964,"Jack Nicholson, Diane Keaton, Keanu Reeves, Frances McDormand, Amanda Peet"
11324,"Leonardo DiCaprio, Mark Ruffalo, Ben Kingsley, Emily Mortimer, Michelle Williams"
12193,"Vince Vaughn, Reese Witherspoon, Robert Duvall, Sissy Spacek, Jon Voight"
9928,"Robin Williams, Ewan McGregor, Halle Berry, Mel Brooks, Paula Abdul"
754,"John Travolta, Nicolas Cage, Joan Allen, Alessandro Nivola, Gina Gershon"
10202,"Adam Sandler, Keri Russell, Guy Pearce, Courteney Cox, Lucy Lawless"
4147,"Tom Hanks, Tyler Hoechlin, Jennifer Jason Leigh, Liam Aiken, Paul Newman"
50546,"Adam Sandler, Jennifer Aniston, Nicole Kidman, Nick Swardson, Brooklyn Decker"
1701,"Nicolas Cage, John Cusack, John Malkovich, Ving Rhames, Nick Chinlund"
13027,"Shia LaBeouf, Michelle Monaghan, Rosario Dawson, Michael Chiklis, Anthony Mackie"
2289,"Jude Law, Nicole Kidman, Renée Zellweger, Eileen Atkins, Brendan Gleeson"
20504,"Denzel Washington, Gary Oldman, Mila Kunis, Ray Stevenson, Jennifer Beals"
9574,"Robin Williams, Marcia Gay Harden, Christopher McDonald, Raymond J. Barry, Clancy Brown"
11618,"Liam Neeson, Catherine Zeta-Jones, Owen Wilson, Lili Taylor, Bruce Dern"
2300,"Michael Jordan, Wayne Knight, Billy West, Dee Bradley Baker, Theresa Randle"
12096,"Steve Martin, Kevin Kline, Jean Reno, Beyoncé Knowles, Emily Mortimer"
10200,"Keanu Reeves, Jennifer Connelly, Kathy Bates, Jaden Smith, John Cleese"
8834,"Mel Gibson, Julia Roberts, Patrick Stewart, Cylk Cozart, Steve Kahan"
228150,"Brad Pitt, Shia LaBeouf, Logan Lerman, Michael Peña, Jon Bernthal"
6068,"Harrison Ford, Anne Heche, David Schwimmer, Jacqueline Obradors, Temuera Morrison"
41515,"Dan Aykroyd, Justin Timberlake, Anna Faris, Tom Cavanagh, Christine Taylor"
9023,"Matt Damon, James Cromwell, Daniel Studi, Chopper Bernet, Jeff LeBeau"
38317,"Kevin James, Rosario Dawson, Sylvester Stallone, Nick Nolte, Jon Favreau"
2157,"Gary Oldman, William Hurt, Matt LeBlanc, Mimi Rogers, Heather Graham"
14462,"Denzel Washington, Meryl Streep, Liev Schreiber, Jon Voight, Kimberly Elise"
161795,"Stephen Dillane, Victoria Foyt, Vanessa Redgrave, Michael Brandon, Glynis Barber"
159824,"Adam Sandler, Andy Samberg, Selena Gomez, Kevin James, Steve Buscemi"
49948,"Steve Martin, Itzhak Perlman, Quincy Jones, Bette Midler, James Earl Jones"
2135,"Guy Pearce, Mark Addy, Phyllida Law, Sienna Guillory, Laura Kirk"
9822,"Charlize Theron, Rade Serbedzija, Bill Paxton, Regina King, Peter Firth"
9705,"John Travolta, Hugh Jackman, Halle Berry, Don Cheadle, Sam Shepard"
1656,"Antonio Banderas, Catherine Zeta-Jones, Adrián Alonso Barona, Julio Oscar Mechoso, Nick Chinlund"
12159,"Robin Williams, Cuba Gooding Jr., Annabella Sciorra, Max von Sydow, Jessica Brooks Grant"
9678,"Adam Sandler, Patricia Arquette, Harvey Keitel, Rhys Ifans, Tom Lister Jr."
4442,"Heath Ledger, Matt Damon, Mackenzie Crook, Roger Ashton-Griffiths, Peter Stormare"
75,"Jack Nicholson, Glenn Close, Annette Bening, Pierce Brosnan, Danny DeVito"
330770,"Max Brebant, Roxane Duran, Julie-Marie Parmentier, Mathieu Goldfeld, Nissim Renard"
9433,"Alec Baldwin, Anthony Hopkins, Elle Macpherson, Harold Perrineau, L.Q. Jones"
19959,"Bruce Willis, Radha Mitchell, Rosamund Pike, James Cromwell, Ving Rhames"
11973,"Kevin Costner, Bruce Greenwood, Steven Culp, Dylan Baker, Shawn Driscoll"
11228,"Sylvester Stallone, Amy Brenneman, Viggo Mortensen, Dan Hedaya, Jay O. Sanders"
77951,"Charlie Rowe, Justin Long, Karl Urban, Angourie Rice, John Leguizamo"
5491,"John Travolta, Barry Pepper, Forest Whitaker, Kim Coates, Sabine Karsenti"
10715,"Brendan Fraser, Jenna Elfman, Steve Martin, Timothy Dalton, Heather Locklear"
10197,"Judi Dench, Daniel Day-Lewis, Marion Cotillard, Penélope Cruz, Sophia Loren"
9562,"Paul Walker, Frances O'Connor, Gerard Butler, Billy Connolly, David Thewlis"
9922,"Kevin Costner, Will Patton, Olivia Williams, Larenz Tate, Tom Petty"
9447,"James Cromwell, Mary Stein, Mickey Rooney, Magda Szubanski, E.G. Daily"
274854,"Vin Diesel, Rose Leslie, Elijah Wood, Ólafur Darri Ólafsson, Rena Owen"
8870,"Val Kilmer, Carrie-Anne Moss, Benjamin Bratt, Tom Sizemore, Simon Baker"
9992,"Freddie Highmore, Mia Farrow, Ron Crawford, Penny Balfour, Doug Rand"
36970,"Pierce Brosnan, Jacques Perrin, Rie Miyazawa, Aldo Baglio, Matthias Brandt"
10077,"Heike Makatsch, Armin Rohde, David Oyelowo, Wilfried Hochholdinger, Edward Burns"
76649,"Kit Harington, Carrie-Anne Moss, Emily Browning, Adewale Akinnuoye-Agbaje, Jessica Lucas"
293644,"Jason Harris, David Hoffman, Bill Lobley, Darin De Paul, Marieve Herington"
453,"Russell Crowe, Ed Harris, Jennifer Connelly, Christopher Plummer, Paul Bettany"
8587,"Jonathan Taylor Thomas, Matthew Broderick, James Earl Jones, Jeremy Irons, Moira Kelly"
72545,"Dwayne Johnson, Josh Hutcherson, Kristin Davis, Vanessa Hudgens, Luis Guzmán"
109451,"Bill Hader, Anna Faris, James Caan, Will Forte, Andy Samberg"
9533,"Anthony Hopkins, Edward Norton, Ralph Fiennes, Harvey Keitel, Emily Watson"
2023,"Viggo Mortensen, Zuleikha Robinson, Omar Sharif, Adam Alexi-Malle, Louise Lombard"
71880,"Adam Sandler, Katie Holmes, Al Pacino, Eugenio Derbez, Tim Meadows"
584,"Paul Walker, Tyrese Gibson, Eva Mendes, Cole Hauser, Ludacris"
309809,"Jeff Bridges, Rachel McAdams, Paul Rudd, Marion Cotillard, James Franco"
4858,"Nicole Kidman, Daniel Craig, Jeremy Northam, Jeffrey Wright, Jackson Bond"
17711,"Rene Russo, Jason Alexander, Piper Perabo, Randy Quaid, Robert De Niro"
328111,"Louis C.K., Eric Stonestreet, Kevin Hart, Jenny Slate, Lake Bell"
8698,"Sean Connery, Peta Wilson, Shane West, Stuart Townsend, Jason Flemyng"
93456,"Steve Carell, Kristen Wiig, Benjamin Bratt, Miranda Cosgrove, Russell Brand"
602,"Will Smith, Bill Pullman, Jeff Goldblum, Mary McDonnell, Judd Hirsch"
330,"Jeff Goldblum, Julianne Moore, Pete Postlethwaite, Richard Attenborough, Vince Vaughn"
953,"Ben Stiller, Chris Rock, David Schwimmer, Jada Pinkett Smith, Sacha Baron Cohen"
9693,"Clive Owen, Michael Caine, Julianne Moore, Charlie Hunnam, Chiwetel Ejiofor"
36657,"Patrick Stewart, Hugh Jackman, Ian McKellen, Halle Berry, Famke Janssen"
8909,"Angelina Jolie, James McAvoy, Morgan Freeman, Thomas Kretschmann, Terence Stamp"
9802,"Sean Connery, Nicolas Cage, Ed Harris, John Spencer, David Morse"
950,"Ray Romano, John Leguizamo, Denis Leary, Queen Latifah, Seann William Scott"
1824,"Adam Sandler, Drew Barrymore, Rob Schneider, Sean Astin, Lusia Strus"
2976,"John Travolta, Michelle Pfeiffer, Christopher Walken, James Marsden, Queen Latifah"
11026,"Stellan Skarsgård, Izabella Scorupco, James D'Arcy, Julian Wadham, Remy Sweeney"
332,"Matthew Broderick, Rupert Everett, Joely Fisher, Michelle Trachtenberg, Andy Dick"
75656,"Jesse Eisenberg, Mark Ruffalo, Woody Harrelson, Mélanie Laurent, Isla Fisher"
38365,"Adam Sandler, Salma Hayek, Maria Bello, Steve Buscemi, Maya Rudolph"
594,"Tom Hanks, Catherine Zeta-Jones, Stanley Tucci, Chi McBride, Diego Luna"
15189,"Emma Roberts, Jake T. Austin, Don Cheadle, Johnny Simmons, Kyla Pratt"
11678,"Chris O'Donnell, Robin Tunney, Bill Paxton, Scott Glenn, Izabella Scorupco"
6538,"Tom Hanks, Philip Seymour Hoffman, Julia Roberts, Amy Adams, Om Puri"
10555,"Will Smith, Robert De Niro, Renée Zellweger, Jack Black, Angelina Jolie"
1125,"Jamie Foxx, Beyoncé Knowles, Eddie Murphy, Danny Glover, Jennifer Hudson"
4551,"John Travolta, Uma Thurman, Vince Vaughn, Cedric the Entertainer, André Benjamin"
612,"Eric Bana, Daniel Craig, Ciarán Hinds, Mathieu Kassovitz, Hanns Zischler"
9567,"Bruce Willis, Monica Bellucci, Cole Hauser, Eamonn Walker, Johnny Messner"
37821,"Katherine Heigl, Ashton Kutcher, Tom Selleck, Catherine O'Hara, Alex Borstein"
203801,"Henry Cavill, Armie Hammer, Alicia Vikander, Elizabeth Debicki, Luca Calvani"
2539,"Adam Sandler, Téa Leoni, Paz Vega, Cloris Leachman, Shelbie Bruce"
9297,"Ryan Newman, Steve Buscemi, Mitchel Musso, Sam Lerner, Spencer Locke"
3172,"Bruce Willis, Billy Bob Thornton, Cate Blanchett, Troy Garity, William Converse-Roberts"
6520,"Sean Connery, Richard Gere, Julia Ormond, Ben Cross, Liam Cunningham"
1439,"Jodie Foster, Chow Yun-fat, Bai Ling, Tom Felton, Randall Duk Kim"
37958,"Mickey Rourke, Kellan Lutz, Isabel Lucas, Henry Cavill, Luke Evans"
2026,"Bruce Willis, Kevin Pollak, Jimmy Bennett, Michelle Horn, Ben Foster"
7450,"Matt Damon, Bill Pullman, Drew Barrymore, John Leguizamo, Nathan Lane"
11375,"Harrison Ford, Josh Hartnett, Lena Olin, Bruce Greenwood, Isaiah Washington"
9425,"Kurt Russell, Jason Scott Lee, Jason Isaacs, Connie Nielsen, Sean Pertwee"
25769,"Lou Taylor Pucci, Chris Pine, Piper Perabo, Emily VanCamp, Christopher Meloni"
23685,"Brendan Fraser, Bridget Fonda, John Turturro, Chris Kattan, Giancarlo Esposito"
11866,"Dennis Quaid, Tyrese Gibson, Giovanni Ribisi, Miranda Otto, Hugh Laurie"
9741,"Bruce Willis, Samuel L. Jackson, Robin Wright, Spencer Treat Clark, John Patrick Amedori"
211672,"Sandra Bullock, Jon Hamm, Michael Keaton, Allison Janney, Steve Coogan"
23629,"Emily Browning, Abbie Cornish, Jena Malone, Vanessa Hudgens, Jamie Chung"
8688,"Nicolas Cage, Gary Sinise, John Heard, Carla Gugino, Tamara Tunie"
10153,"Dustin Hoffman, Sharon Stone, Samuel L. Jackson, Peter Coyote, Liev Schreiber"
153518,"Jason Sudeikis, Josh Gad, Danny McBride, Maya Rudolph, Bill Hader"
8676,"Matthew McConaughey, Kate Hudson, Donald Sutherland, Ewen Bremner, Alexis Dziena"
20829,"Adam Sandler, Seth Rogen, Leslie Mann, Eric Bana, Jonah Hill"
4349,"Jamie Foxx, Jennifer Garner, Chris Cooper, Jason Bateman, Ali Suliman"
9718,"Will Ferrell, John C. Reilly, Sacha Baron Cohen, Gary Cole, Michael Clarke Duncan"
10808,"Eddie Murphy, Kristen Wilson, Raven-Symoné, Kyla Pratt, Mandy Moore"
197,"Mel Gibson, Catherine McCormack, Sophie Marceau, Patrick McGoohan, Angus Macfadyen"
25,"Jamie Foxx, Jake Gyllenhaal, Scott MacDonald, Lucas Black, Peter Sarsgaard"
35,"Dan Castellaneta, Julie Kavner, Nancy Cartwright, Yeardley Smith, Hank Azaria"
11086,"Jim Carrey, Martin Landau, Laurie Holden, David Ogden Stiers, Hal Holbrook"
10477,"Kip Pardue, Robert Sean Leonard, Til Schweiger, Estella Warren, Sylvester Stallone"
1997,"Maï Anh Le, Guy Pearce, Oanh Nguyen, Jaran 'See Tao' Petcharoen, Stéphanie Lagarde"
6947,"Bryce Dallas Howard, Joaquin Phoenix, Adrien Brody, William Hurt, Sigourney Weaver"
3050,"Eddie Murphy, Ossie Davis, Oliver Platt, Peter Boyle, Richard Schiff"
2675,"Mel Gibson, Joaquin Phoenix, Rory Culkin, Abigail Breslin, Cherry Jones"
809,"Mike Myers, Eddie Murphy, Cameron Diaz, Julie Andrews, Antonio Banderas"
920,"Owen Wilson, Paul Newman, Bonnie Hunt, Larry the Cable Guy, Tony Shalhoub"
4806,"Julia Roberts, Richard Gere, Joan Cusack, Rita Wilson, Héctor Elizondo"
7451,"Vin Diesel, Asia Argento, Samuel L. Jackson, Danny Trejo, Leila Arcieri"
228165,"Tom Kenny, Bill Fagerbakke, Rodger Bumpass, Clancy Brown, Carolyn Lawrence"
3595,"Mel Gibson, Gary Sinise, Delroy Lindo, Rene Russo, Lili Taylor"
16869,"Brad Pitt, Mélanie Laurent, Christoph Waltz, Eli Roth, Michael Fassbender"
879,"Robin Williams, Dustin Hoffman, Julia Roberts, Bob Hoskins, Maggie Smith"
1573,"Bruce Willis, Bonnie Bedelia, William Atherton, Reginald VelJohnson, Franco Nero"
9257,"Samuel L. Jackson, Colin Farrell, Michelle Rodriguez, LL Cool J, Josh Charles"
1903,"Tom Cruise, Penélope Cruz, Cameron Diaz, Kurt Russell, Jason Lee"
9697,"Paul Giamatti, Jeffrey Wright, Bob Balaban, Sarita Choudhury, Cindy Cheung"
395,"Sanaa Lathan, Raoul Bova, Ewen Bremner, Colin Salmon, Tommy Flanagan"
23398,"Zachary Levi, David Cross, Jason Lee, Justin Long, Matthew Gray Gubler"
10590,"Mel Gibson, Greg Kinnear, Madeleine Stowe, Sam Elliott, Chris Klein"
117263,"Gerard Butler, Aaron Eckhart, Angela Bassett, Morgan Freeman, Radha Mitchell"
200,"Patrick Stewart, Jonathan Frakes, Brent Spiner, LeVar Burton, Michael Dorn"
44943,"Aaron Eckhart, Ramón Rodríguez, Will Rothhaar, Cory Hardrict, Jim Parrack"
587,"Ewan McGregor, Albert Finney, Billy Crudup, Jessica Lange, Helena Bonham Carter"
10395,"Jack Nicholson, Christopher Plummer, James Spader, Michelle Pfeiffer, Kate Nelligan"
57212,"Tom Hiddleston, Benedict Cumberbatch, Toby Kebbell, Emily Watson, Jeremy Irvine"
152760,"Matt Damon, Cate Blanchett, George Clooney, Bill Murray, John Goodman"
2756,"Ed Harris, Mary Elizabeth Mastrantonio, Michael Biehn, Leo Burmester, Todd Graff"
33909,"Michael Douglas, Shia LaBeouf, Josh Brolin, Carey Mulligan, Frank Langella"
49017,"Luke Evans, Sarah Gadon, Dominic Cooper, Art Parkinson, Charles Dance"
9882,"Denzel Washington, Annette Bening, Bruce Willis, Tony Shalhoub, Sami Bouajila"
2270,"Claire Danes, Charlie Cox, Michelle Pfeiffer, Robert De Niro, Sienna Miller"
978,"Brad Pitt, Jamyang Jamtsho Wangchuk, David Thewlis, BD Wong, Mako"
44564,"Kevin James, Vince Vaughn, Winona Ryder, Jennifer Connelly, Queen Latifah"
3132,"Anthony Hopkins, Chris Rock, Peter Stormare, Gabriel Macht, Kerry Washington"
8814,"Dwayne Johnson, Karl Urban, Rosamund Pike, Ben Daniels, Deobia Oparei"
8427,"Eddie Murphy, Owen Wilson, Famke Janssen, Keith Dallas, Malcolm McDowell"
52520,"Kate Beckinsale, Stephen Rea, Michael Ealy, Theo James, India Eisley"
80585,"Julianne Hough, Diego Boneta, Tom Cruise, Alec Baldwin, Russell Brand"
10592,"Bruce Willis, Colin Farrell, Terrence Howard, Marcel Iureș, Cole Hauser"
49021,"Jason Statham, Clive Owen, Robert De Niro, Dominic Purcell, Yvonne Strahovski"
11535,"Chris Klein, LL Cool J, Rebecca Romijn, Naveen Andrews, Jean Reno"
10550,"Antonio Banderas, Lucy Liu, Gregg Henry, Ray Park, Talisa Soto"
11258,"Morgan Freeman, Christian Slater, Randy Quaid, Minnie Driver, Ed Asner"
12610,"Chris Rock, Laurence Fishburne, David Hyde Pierce, Brandy Norwood, Bill Murray"
59981,"Lea Michele, Dan Aykroyd, Patrick Stewart, Hugh Dancy, Jim Belushi"
201088,"Chris Hemsworth, Leehom Wang, Tang Wei, Viola Davis, Holt McCallany"
5137,"Jude Law, Gwyneth Paltrow, Giovanni Ribisi, Angelina Jolie, Bai Ling"
3093,"Sharon Stone, David Morrissey, Charlotte Rampling, David Thewlis, Stan Collymore"
107846,"Sylvester Stallone, Arnold Schwarzenegger, Jim Caviezel, Vinnie Jones, 50 Cent"
188207,"Kellan Lutz, Liam McIntyre, Gaia Weiss, Scott Adkins, Roxanne McKee"
4614,"Ben Affleck, Morgan Freeman, James Cromwell, Ken Jenkins, Liev Schreiber"
24021,"Kristen Stewart, Robert Pattinson, Taylor Lautner, Ashley Greene, Peter Facinelli"
11371,"Robert De Niro, Edward Norton, Marlon Brando, Angela Bassett, Paul Soles"
20352,"Steve Carell, Jason Segel, Russell Brand, Julie Andrews, Will Arnett"
11517,"Wesley Snipes, Woody Harrelson, Jennifer Lopez, Robert Blake, Chris Cooper"
214756,"Mark Wahlberg, Seth MacFarlane, Amanda Seyfried, Jessica Barth, Giovanni Ribisi"
26428,"Rachel Weisz, Max Minghella, Oscar Isaac, Ashraf Barhom, Michael Lonsdale"
9824,"Ben Stiller, Geoffrey Rush, Claire Forlani, William H. Macy, Hank Azaria"
48988,"Owen Wilson, Jason Sudeikis, Jenna Fischer, Christina Applegate, Nicky Whelan"
9008,"Al Pacino, Russell Crowe, Christopher Plummer, Diane Venora, Bruce McGill"
300673,"Chris Pine, Casey Affleck, Ben Foster, Eric Bana, Holliday Grainger"
12113,"Leonardo DiCaprio, Russell Crowe, Mark Strong, Ali Suliman, Simon McBurney"
38778,"Steve Carell, Paul Rudd, Stephanie Szostak, Jemaine Clement, Zach Galifianakis"
72331,"Benjamin Walker, Dominic Cooper, Anthony Mackie, Mary Elizabeth Winstead, Rufus Sewell"
1844,"Sean Connery, Catherine Zeta-Jones, Will Patton, Maury Chaykin, Ving Rhames"
846,"David Duchovny, Gillian Anderson, Mitch Pileggi, William B. Davis, John Neville"
9703,"Colin Firth, Ben Kingsley, Aishwarya Rai Bachchan, Peter Mullan, Kevin McKidd"
857,"Tom Hanks, Matt Damon, Vin Diesel, Tom Sizemore, Barry Pepper"
136797,"Aaron Paul, Dominic Cooper, Imogen Poots, Rami Malek, Ramón Rodríguez"
3981,"Helen Hunt, Mel Gibson, Marisa Tomei, Lauren Holly, Mark Feuerstein"
425,"Ray Romano, John Leguizamo, Denis Leary, Goran Visnjic, Jack Black"
6171,"Morgan Freeman, Thomas Jane, Jason Lee, Damian Lewis, Timothy Olyphant"
72976,"Daniel Day-Lewis, Sally Field, David Strathairn, Joseph Gordon-Levitt, James Spader"
603,"Keanu Reeves, Laurence Fishburne, Carrie-Anne Moss, Hugo Weaving, Gloria Foster"
568,"Tom Hanks, Bill Paxton, Kevin Bacon, Gary Sinise, Ed Harris"
9021,"Tim Allen, Elizabeth Mitchell, David Krumholtz, Eric Lloyd, Spencer Breslin"
82695,"Hugh Jackman, Russell Crowe, Anne Hathaway, Amanda Seyfried, Sacha Baron Cohen"
9489,"Tom Hanks, Meg Ryan, Katie Sagona, Greg Kinnear, Parker Posey"
12133,"Will Ferrell, John C. Reilly, Mary Steenburgen, Richard Jenkins, Adam Scott"
9342,"Antonio Banderas, Anthony Hopkins, Catherine Zeta-Jones, Stuart Wilson, Diego Sieres"
41733,"Robert Downey Jr., Zach Galifianakis, Michelle Monaghan, Jamie Foxx, Juliette Lewis"
227306,"Jack O'Connell, Domhnall Gleeson, Garrett Hedlund, Miyavi, Finn Wittrock"
5551,"Clint Eastwood, Tommy Lee Jones, Donald Sutherland, James Garner, James Cromwell"
9350,"Sylvester Stallone, John Lithgow, Michael Rooker, Janine Turner, Rex Linn"
9208,"John Travolta, Christian Slater, Samantha Mathis, Delroy Lindo, Bob Gunton"
4244,"Bruce Willis, Spencer Breslin, Emily Mortimer, Lily Tomlin, Chi McBride"
1852,"Nicolas Cage, Maria Bello, Maggie Gyllenhaal, Michael Peña, Jay Hernandez"
11820,"Julia Roberts, Kirsten Dunst, Julia Stiles, Maggie Gyllenhaal, Ginnifer Goodwin"
76493,"Sacha Baron Cohen, Sayed Badreya, Aasif Mandvi, Megan Fox, Anna Faris"
345,"Tom Cruise, Nicole Kidman, Madison Eginton, Jackie Sawiris, Sydney Pollack"
196867,"Quvenzhané Wallis, Jamie Foxx, Rose Byrne, Cameron Diaz, Bobby Cannavale"
256591,"Will Smith, Margot Robbie, Rodrigo Santoro, Robert Taylor, Gerald McRaney"
59962,"Reese Witherspoon, Chris Pine, Tom Hardy, Laura Vandervoort, Angela Bassett"
36648,"Wesley Snipes, Kris Kristofferson, Dominic Purcell, Jessica Biel, Ryan Reynolds"
1880,"Patrick Swayze, C. Thomas Howell, Lea Thompson, Darren Dalton, Charlie Sheen"
9440,"John Travolta, Emma Thompson, Billy Bob Thornton, Kathy Bates, Adrian Lester"
71679,"Milla Jovovich, Sienna Guillory, Michelle Rodriguez, Aryana Engineer, Li Bingbing"
10483,"Jason Statham, Joan Allen, Ian McShane, Tyrese Gibson, Natalie Martinez"
11412,"Geena Davis, Samuel L. Jackson, Yvonne Zima, Craig Bierko, Tom Amandes"
11983,"Meg Ryan, Russell Crowe, David Morse, Pamela Reed, David Caruso"
6795,"Jonah Bobo, Josh Hutcherson, Dax Shepard, Kristen Stewart, Tim Robbins"
550,"Edward Norton, Brad Pitt, Meat Loaf, Jared Leto, Helena Bonham Carter"
11170,"Matthew McConaughey, Matthew Fox, Anthony Mackie, David Strathairn, Ian McShane"
9292,"Bruce Willis, Danny Aiello, Andie MacDowell, James Coburn, Richard E. Grant"
10783,"John Travolta, Lisa Kudrow, Tim Roth, Ed O'Neill, Michael Rapaport"
100241,"Aaron Eckhart, Yvonne Strahovski, Bill Nighy, Jai Courtney, Miranda Otto"
257,"Barney Clark, Ben Kingsley, Jamie Foreman, Harry Eden, Edward Hardwicke"
9947,"Jennifer Garner, Goran Visnjic, Will Yun Lee, Cary-Hiroyuki Tagawa, Terence Stamp"
189,"Mickey Rourke, Jessica Alba, Josh Brolin, Joseph Gordon-Levitt, Rosario Dawson"
12618,"Harrison Ford, Kristin Scott Thomas, Charles S. Dutton, Bonnie Hunt, Dennis Haysbert"
253412,"Jason Clarke, Jake Gyllenhaal, Josh Brolin, John Hawkes, Sam Worthington"
1427,"Ben Whishaw, Simon Chandler, David Calder, Richard Felix, Birgit Minichmayr"
818,"Mike Myers, Beyoncé Knowles, Seth Green, Michael York, Mindy Sterling"
16577,"Nicolas Cage, Kristen Bell, Bill Nighy, Donald Sutherland, Freddie Highmore"
329,"Sam Neill, Laura Dern, Jeff Goldblum, Richard Attenborough, Bob Peck"
12160,"Kevin Costner, Dennis Quaid, Gene Hackman, David Andrews, Linden Ashby"
9331,"Harrison Ford, Willem Dafoe, Anne Archer, Joaquim de Almeida, Henry Czerny"
300168,"Jackie Chan, John Cusack, Adrien Brody, Sharni Vinson, Benny Urquidez"
9072,"Marlon Wayans, Shawn Wayans, Kerry Washington, John Witherspoon, Tracy Morgan"
3536,"Matthew McConaughey, Bill Paxton, Harvey Keitel, Jon Bon Jovi, David Keith"
9087,"Michael Douglas, Annette Bening, Michael J. Fox, Martin Sheen, Anna Deavere Smith"
12177,"Mike Myers, Jessica Alba, Justin Timberlake, Romany Malco, Meagan Good"
12138,"Kurt Russell, Kevin Costner, Courteney Cox, Christian Slater, Kevin Pollak"
273248,"Samuel L. Jackson, Kurt Russell, Jennifer Jason Leigh, Walton Goggins, Demián Bichir"
9955,"Will Ferrell, Jon Heder, Will Arnett, Amy Poehler, Jenna Fischer"
50359,"Russell Brand, James Marsden, Kaley Cuoco, Hank Azaria, Elizabeth Perkins"
1271,"Gerard Butler, Lena Headey, Dominic West, David Wenham, Vincent Regan"
693,"Ben Stiller, Teri Polo, Robert De Niro, Dustin Hoffman, Barbra Streisand"
14306,"Owen Wilson, Jennifer Aniston, Eric Dane, Kathleen Turner, Alan Arkin"
497,"Tom Hanks, Michael Clarke Duncan, David Morse, Bonnie Hunt, James Cromwell"
11199,"Tim Allen, John Travolta, Martin Lawrence, William H. Macy, Ray Liotta"
9982,"Zach Braff, Joan Cusack, Dan Molina, Steve Zahn, Garry Marshall"
210577,"Ben Affleck, Rosamund Pike, Carrie Coon, Neil Patrick Harris, Tyler Perry"
2501,"Matt Damon, Franka Potente, Chris Cooper, Clive Owen, Brian Cox"
710,"Pierce Brosnan, Sean Bean, Izabella Scorupco, Famke Janssen, Joe Don Baker"
2275,"John Travolta, Madeleine Stowe, James Cromwell, Timothy Hutton, Leslie Stefanson"
37165,"Jim Carrey, Laura Linney, Noah Emmerich, Natascha McElhone, Ed Harris"
9837,"Val Kilmer, Ralph Fiennes, Patrick Stewart, Michelle Pfeiffer, Sandra Bullock"
10708,"Eddie Murphy, Jeff Garlin, Steve Zahn, Regina King, Kevin Nealon"
136400,"Denzel Washington, Mark Wahlberg, Paula Patton, Bill Paxton, Fred Ward"
10992,"Jeff Goldblum, Elizabeth Perkins, Alexander Pollock, Miriam Margolyes, Tobey Maguire"
9654,"Mark Wahlberg, Charlize Theron, Edward Norton, Seth Green, Jason Statham"
2642,"Sandra Bullock, Hugh Grant, Alicia Witt, Dana Ivey, Robert Klein"
8916,"Woody Allen, Dan Aykroyd, Anne Bancroft, Danny Glover, Gene Hackman"
19899,"Vince Vaughn, Malin Åkerman, Jason Bateman, Kristen Bell, Jon Favreau"
2119,"Tom Cruise, Robert Duvall, Nicole Kidman, Randy Quaid, Cary Elwes"
9641,"Steve Martin, Eugene Levy, Bonnie Hunt, Tom Welling, Jonathan Bennett"
294254,"Dylan O'Brien, Kaya Scodelario, Thomas Brodie-Sangster, Giancarlo Esposito, Aidan Gillen"
38167,"Julia Roberts, James Franco, Javier Bardem, Billy Crudup, Richard Jenkins"
5994,"Nicolas Cage, Téa Leoni, Don Cheadle, Saul Rubinek, Amber Valletta"
39514,"Bruce Willis, John Malkovich, Helen Mirren, Mary-Louise Parker, Karl Urban"
9563,"Al Pacino, Cameron Diaz, Dennis Quaid, James Woods, Jamie Foxx"
547,"Robert Redford, Kristin Scott Thomas, Sam Neill, Scarlett Johansson, Dianne Wiest"
1538,"Tom Cruise, Jamie Foxx, Jada Pinkett Smith, Mark Ruffalo, Peter Berg"
9334,"Dwayne Johnson, Kelly Hu, Michael Clarke Duncan, Steven Brand, Bernard Hill"
11128,"Joaquin Phoenix, John Travolta, Jacinda Barrett, Robert Patrick, Morris Chestnut"
75780,"Tom Cruise, Rosamund Pike, Richard Jenkins, David Oyelowo, Werner Herzog"
8914,"Thomas Jane, Saffron Burrows, LL Cool J, Michael Rapaport, Samuel L. Jackson"
13576,"Michael Jackson, Orianthi, Kenny Ortega, Dorian Holley, Patrick Woodroffe"
39538,"Matt Damon, Gwyneth Paltrow, Kate Winslet, Jude Law, Marion Cotillard"
10628,"Jerry O'Connell, Anthony Anderson, Estella Warren, Christopher Walken, Michael Shannon"
14836,"Dakota Fanning, Teri Hatcher, Jennifer Saunders, Dawn French, Keith David"
8645,"Mark Wahlberg, Zooey Deschanel, John Leguizamo, Spencer Breslin, Betty Buckley"
9509,"Denzel Washington, Dakota Fanning, Marc Anthony, Radha Mitchell, Christopher Walken"
10067,"Tim Allen, Kristin Davis, Danny Glover, Spencer Breslin, Robert Downey Jr."
9384,"Ben Stiller, Owen Wilson, Snoop Dogg, Fred Williamson, Vince Vaughn"
9279,"Arnold Schwarzenegger, Phil Hartman, Sinbad, Rita Wilson, Jake Lloyd"
1487,"Ron Perlman, Selma Blair, Rupert Evans, John Hurt, Jeffrey Tambor"
9422,"John Travolta, Robert Duvall, Tony Shalhoub, William H. Macy, Zeljko Ivanek"
77174,"Kodi Smit-McPhee, Tucker Albrizzi, Jodelle Ferland, Anna Kendrick, Casey Affleck"
4824,"Bruce Willis, Richard Gere, Sidney Poitier, Diane Venora, J.K. Simmons"
9620,"Ben Affleck, Aaron Eckhart, Uma Thurman, Paul Giamatti, Colm Feore"
9302,"Robert Redford, Michelle Pfeiffer, Stockard Channing, Joe Mantegna, Kate Nelligan"
10199,"Matthew Broderick, Dustin Hoffman, Emma Watson, Tracey Ullman, Kevin Kline"
10771,"Jackie Chan, Jennifer Love Hewitt, Jason Isaacs, Debi Mazar, Ritchie Coster"
3512,"Steven Seagal, Eric Bogosian, Everett McGill, Katherine Heigl, Morris Chestnut"
137094,"Chris Pine, Keira Knightley, Kevin Costner, Kenneth Branagh, Lenn Kudrjawizki"
274479,"Jennifer Lawrence, Bradley Cooper, Robert De Niro, Dascha Polanco, Edgar Ramírez"
267860,"Gerard Butler, Aaron Eckhart, Morgan Freeman, Angela Bassett, Melissa Leo"
8078,"Sigourney Weaver, Winona Ryder, Brad Dourif, Ron Perlman, Michael Wincott"
7485,"Mark Wahlberg, Michael Peña, Danny Glover, Kate Mara, Elias Koteas"
170687,"Ben Kingsley, Isaac Hempstead-Wright, Elle Fanning, Dee Bradley Baker, Toni Collette"
6435,"Sandra Bullock, Nicole Kidman, Evan Rachel Wood, Goran Visnjic, Stockard Channing"
137106,"Chris Pratt, Will Ferrell, Elizabeth Banks, Will Arnett, Nick Offerman"
10040,"Sandra Bullock, Regina King, Enrique Murciano, William Shatner, Eileen Brennan"
6278,"Christian Bale, Matthew McConaughey, Izabella Scorupco, Gerard Butler, Alexander Siddig"
82682,"Josh Brolin, Ryan Gosling, Nick Nolte, Emma Stone, Sean Penn"
17610,"Jack Black, Michael Cera, Olivia Wilde, Oliver Platt, David Cross"
22954,"Morgan Freeman, Matt Damon, Tony Kgoroge, Patrick Mofokeng, Matt Stern"
16995,"Russell Crowe, Ben Affleck, Rachel McAdams, Robin Wright, Jason Bateman"
16558,"Clive Owen, Julia Roberts, Paul Giamatti, Tom Wilkinson, Lisa Roberts Gillan"
9849,"Jeff Daniels, Elizabeth Hurley, Daryl Hannah, Christopher Lloyd, Wallace Shawn"
5820,"Michael Douglas, Kiefer Sutherland, Eva Longoria, Martin Donovan, Kim Basinger"
16866,"Dwayne Johnson, Seann William Scott, Jessica Biel, Justin Long, Gary Oldman"
201,"Patrick Stewart, Jonathan Frakes, Brent Spiner, LeVar Burton, Michael Dorn"
11775,"George Clooney, Catherine Zeta-Jones, Edward Herrmann, Geoffrey Rush, Richard Jenkins"
87825,"Clint Eastwood, Amy Adams, Justin Timberlake, John Goodman, Matthew Lillard"
12201,"Mel Gibson, Ray Winstone, Danny Huston, Shawn Roberts, Denis O'Hare"
11015,"Penelope Ann Miller, Tom Sizemore, Linda Hunt, James Whitmore, Clayton Rohner"
9932,"Robert De Niro, Billy Crystal, Lisa Kudrow, Joe Viterelli, Cathy Moriarty"
13389,"Robert De Niro, Carla Gugino, 50 Cent, Al Pacino, Donnie Wahlberg"
8838,"Bruce Willis, Alec Baldwin, Miko Hughes, Chi McBride, Kim Dickens"
17332,"Robert Downey Jr., Jamie Foxx, Catherine Keener, Nelsan Ellis, Michael Bunin"
4958,"Matt Damon, Bruce McGill, Charlize Theron, Will Smith, Joel Gretsch"
786,"Kate Hudson, Billy Crudup, Frances McDormand, Jason Lee, Patrick Fugit"
9513,"Bill Murray, Jennifer Love Hewitt, Billy Connolly, Ian Abercrombie, Breckin Meyer"
11679,"Ice Cube, Samuel L. Jackson, Willem Dafoe, Scott Speedman, Peter Strauss"
38321,"Paul Bettany, Karl Urban, Cam Gigandet, Maggie Q, Lily Collins"
14411,"Brad Pitt, Catherine Zeta-Jones, Michelle Pfeiffer, Joseph Fiennes, Dennis Haysbert"
8413,"Laurence Fishburne, Sam Neill, Kathleen Quinlan, Joely Richardson, Richard T. Jones"
10052,"Kevin Costner, Joe Morton, Ron Rifkin, Susanna Thompson, Kathy Bates"
9676,"Josh Hartnett, Scarlett Johansson, Aaron Eckhart, Hilary Swank, Mia Kirshner"
9664,"James Franco, David Ellison, Jean Reno, Philip Winchester, Abdul Salis"
2100,"Robert Redford, James Gandolfini, Mark Ruffalo, Steve Burton, Delroy Lindo"
10384,"James Spader, Angela Bassett, Robert Forster, Lou Diamond Phillips, Peter Facinelli"
137321,"Colin Farrell, Jessica Brown Findlay, Russell Crowe, William Hurt, Jennifer Connelly"
123553,"Lily Collins, Jamie Campbell Bower, Kevin Zegers, Jemima West, Robert Sheehan"
11260,"Eddie Murphy, Elizabeth Banks, Gabrielle Union, Scott Caan, Ed Helms"
9009,"Jennifer Connelly, John C. Reilly, Tim Roth, Dougray Scott, Pete Postlethwaite"
11374,"Matthew McConaughey, Woody Harrelson, Sally Kirkland, Jenna Elfman, Martin Landau"
2309,"Brendan Fraser, Sienna Guillory, Andy Serkis, Eliza Bennett, Paul Bettany"
8285,"Gabriel Macht, Scarlett Johansson, Samuel L. Jackson, Eva Mendes, Paz Vega"
210860,"Johnny Depp, Gwyneth Paltrow, Ewan McGregor, Paul Bettany, Olivia Munn"
2312,"Jason Statham, John Rhys-Davies, Ray Liotta, Leelee Sobieski, Burt Reynolds"
9839,"Angelina Jolie, Clive Owen, Teri Polo, Linus Roache, Noah Emmerich"
381902,"Aaron Kwok, Gong Li, William Feng, Xiao Shen Yang, Him Law"
13922,"Benjamin Bratt, James Franco, Connie Nielsen, Marton Csokas, Joseph Fiennes"
293660,"Ryan Reynolds, Morena Baccarin, Ed Skrein, T.J. Miller, Gina Carano"
9713,"Eddie Murphy, Jeff Goldblum, Kelly Preston, Robert Loggia, Jon Cryer"
190859,"Bradley Cooper, Sienna Miller, Kyle Gallner, Cole Konis, Ben Reed"
257445,"Jack Black, Dylan Minnette, Odeya Rush, Amy Ryan, Jillian Bell"
9007,"Reese Witherspoon, Mark Ruffalo, Donal Logue, Dina Spybey-Waters, Ben Shenkman"
889,"Mark Addy, Stephen Baldwin, Kristen Johnston, Jane Krakowski, Joan Collins"
1370,"Sylvester Stallone, Richard Crenna, Kurtwood Smith, Spiros Focás, Sasson Gabai"
4942,"George Clooney, Renée Zellweger, John Krasinski, Wayne Duvall, Stephen Root"
347969,"Adam Sandler, Taylor Lautner, Steve Buscemi, Terry Crews, Danny Trejo"
24438,"Hugh Grant, Sarah Jessica Parker, Mary Steenburgen, Sam Elliott, Natalia Klimas"
116741,"Owen Wilson, Vince Vaughn, Rose Byrne, Max Minghella, Aasif Mandvi"
35791,"Milla Jovovich, Wentworth Miller, Ali Larter, Kim Coates, Kacey Clarke"
72431,"Bryan Cranston, David Oyelowo, Cuba Gooding Jr., Daniela Ruah, Terrence Howard"
1813,"Keanu Reeves, Al Pacino, Charlize Theron, Jeffrey Jones, Judith Ivey"
87428,"Adam Sandler, Susan Sarandon, Eva Amurri Martino, Leighton Meester, Andy Samberg"
8840,"Dennis Quaid, David Thewlis, Pete Postlethwaite, Dina Meyer, Julie Christie"
10589,"Pierce Brosnan, Salma Hayek, Woody Harrelson, Troy Garity, Russell Hornsby"
71676,"Nicolas Cage, Ciarán Hinds, Violante Placido, Fergus Riordan, Johnny Whitworth"
1722,"Nicolas Cage, Penélope Cruz, John Hurt, Christian Bale, Irene Papas"
10022,"Vin Diesel, Lauren Graham, Faith Ford, Chris Potter, Brittany Snow"
11358,"Dwayne Johnson, Johnny Knoxville, Neal McDonough, Kristen Wilson, Cobie Smulders"
13,"Tom Hanks, Robin Wright, Gary Sinise, Mykelti Williamson, Sally Field"
6477,"Jason Lee, David Cross, Cameron Richardson, Jane Lynch, Justin Long"
1597,"Ben Stiller, Robert De Niro, Teri Polo, Blythe Danner, Owen Wilson"
10530,"Irene Bedard, Mel Gibson, David Ogden Stiers, John Kassir, Russell Means"
1924,"Christopher Reeve, Marlon Brando, Margot Kidder, Gene Hackman, Ned Beatty"
9327,"Eddie Murphy, Jada Pinkett Smith, James Coburn, Larry Miller, Dave Chappelle"
8488,"Will Smith, Eva Mendes, Kevin James, Amber Valletta, Julie Ann Emery"
10603,"Brendan Fraser, Leslie Mann, Thomas Haden Church, John Cleese, Richard Roundtree"
8273,"Jason Biggs, Alyson Hannigan, Seann William Scott, Eddie Kaye Thomas, Thomas Ian Nicholas"
109424,"Tom Hanks, Catherine Keener, Max Martini, Chris Mulkey, Yul Vazquez"
35056,"Tina Fey, Steve Carell, Mark Wahlberg, Taraji P. Henson, Jimmi Simpson"
8839,"Christina Ricci, Bill Pullman, Cathy Moriarty, Eric Idle, Joe Nipote"
156022,"Denzel Washington, Marton Csokas, Chloë Grace Moretz, David Harbour, Haley Bennett"
7303,"Jennifer Lopez, Ralph Fiennes, Natasha Richardson, Stanley Tucci, Tyler Posey"
8963,"Denzel Washington, Gene Hackman, Matt Craven, George Dzundza, Viggo Mortensen"
1402,"Will Smith, Jaden Smith, Thandie Newton, Brian Howe, James Karen"
9315,"Jodie Foster, Peter Sarsgaard, Sean Bean, Kate Beahan, Michael Irby"
8984,"Michael Douglas, Demi Moore, Donald Sutherland, Dylan Baker, Jacqueline Kim"
795,"Nicolas Cage, Meg Ryan, Andre Braugher, Dennis Franz, Colm Feore"
24,"Uma Thurman, Lucy Liu, Vivica A. Fox, Daryl Hannah, David Carradine"
11353,"Steve Martin, Eddie Murphy, Heather Graham, Christine Baranski, Jamie Kennedy"
393,"Uma Thurman, David Carradine, Daryl Hannah, Michael Madsen, Gordon Liu Chia-Hui"
9618,"Sylvester Stallone, Kurt Russell, Teri Hatcher, Jack Palance, Brion James"
9374,"Meryl Streep, Bruce Willis, Goldie Hawn, Isabella Rossellini, Ian Ogilvy"
8584,"Jackie Chan, Owen Wilson, Lucy Liu, Xander Berkeley, Roger Yuan"
2320,"Kurt Russell, Steven Seagal, Halle Berry, John Leguizamo, Oliver Platt"
58224,"Jim Carrey, Carla Gugino, Madeline Carroll, Angela Lansbury, Ophelia Lovibond"
1729,"Jackie Chan, Jet Li, Michael Angarano, Liu Yifei, Li Bingbing"
175574,"Owen Wilson, Woody Harrelson, Amy Poehler, George Takei, Colm Meaney"
8077,"Sigourney Weaver, Charles S. Dutton, Charles Dance, Pete Postlethwaite, Ralph Brown"
8818,"Madonna, Antonio Banderas, Jonathan Pryce, Jimmy Nail, Victoria Sus"
8195,"Robert De Niro, Jean Reno, Natascha McElhone, Stellan Skarsgård, Sean Bean"
10586,"Michael Douglas, Val Kilmer, Tom Wilkinson, John Kani, Emily Mortimer"
116149,"Nicole Kidman, Peter Capaldi, Ben Whishaw, Michael Gambon, Imelda Staunton"
80035,"Ben Stiller, Vince Vaughn, Jonah Hill, Richard Ayoade, Rosemarie DeWitt"
10632,"Tommy Lee Jones, Benicio del Toro, Connie Nielsen, Leslie Stefanson, John Finn"
12117,"Anthony Hopkins, Cuba Gooding Jr., Donald Sutherland, Maura Tierney, George Dzundza"
1792,"Matt Damon, Greg Kinnear, Eva Mendes, Wen Yann Shih, Seymour Cassel"
13260,"Will Ferrell, Maura Tierney, Woody Harrelson, David Koechner, Will Arnett"
72197,"Hugh Grant, Brendan Gleeson, Jeremy Piven, Brian Blessed, Salma Hayek"
3580,"Angelina Jolie, Jeffrey Donovan, John Malkovich, Geoff Pierson, Amy Ryan"
12123,"Keanu Reeves, Morgan Freeman, Rachel Weisz, Fred Ward, Kevin Dunn"
9566,"Robert De Niro, Wesley Snipes, Ellen Barkin, John Leguizamo, Benicio del Toro"
9833,"Gerard Butler, Emmy Rossum, Patrick Wilson, Miranda Richardson, Minnie Driver"
4517,"Cate Blanchett, Clive Owen, Geoffrey Rush, Laurence Fox, Tom Hollander"
8202,"Charlize Theron, Marton Csokas, Jonny Lee Miller, Sophie Okonedo, Frances McDormand"
16072,"Stephen Lang, Jeff Daniels, Robert Duvall, Kevin Conway, C. Thomas Howell"
34314,"Ray Liotta, Lauren Holly, Brendan Gleeson, Héctor Elizondo, Rachel Ticotin"
19724,"Eddie Murphy, Thomas Haden Church, Yara Shahidi, Ronny Cox, Stephen Rannazzisi"
145220,"Ricky Gervais, Ty Burrell, Tina Fey, Steve Whitmire, Eric Jacobson"
14623,"Brady Corbet, Soren Fulton, Debora Weston, Lou Hirsch, Alex Barringer"
42297,"Cher, Christina Aguilera, Eric Dane, Cam Gigandet, Julianne Hough"
2841,"Audrey Tautou, Gaspard Ulliel, Dominique Pinon, Chantal Neuwirth, André Dussollier"
802,"James Mason, Sue Lyon, Shelley Winters, Peter Sellers, Lois Maxwell"
10375,"Sylvester Stallone, Courtney B. Vance, Tom Berenger, Charles S. Dutton, Jeffrey Wright"
36586,"Wesley Snipes, Kris Kristofferson, Ron Perlman, Leonor Varela, Norman Reedus"
11321,"Will Smith, Rosario Dawson, Sarah Jane Morris, Woody Harrelson, Michael Ealy"
70074,"Sylvester Stallone, Sung Kang, Sarah Shahi, Adewale Akinnuoye-Agbaje, Jason Momoa"
242,"Al Pacino, Diane Keaton, Andy García, Talia Shire, Sofia Coppola"
9621,"Orlando Bloom, Kirsten Dunst, Susan Sarandon, Alec Baldwin, Bruce McGill"
1819,"Kate Hudson, Owen Wilson, Matt Dillon, Michael Douglas, Seth Rogen"
8536,"Gene Hackman, Christopher Reeve, Ned Beatty, Jackie Cooper, Sarah Douglas"
8046,"Ben Affleck, Jennifer Lopez, Justin Bartha, Lainie Kazan, Lenny Venito"
1717,"Sean Penn, Jude Law, Kate Winslet, James Gandolfini, Patricia Clarkson"
479,"Samuel L. Jackson, Jeffrey Wright, Christian Bale, Busta Rhymes, Dan Hedaya"
9444,"Meg Ryan, John Cusack, Christopher Lloyd, Angela Lansbury, Hank Azaria"
824,"Nicole Kidman, Ewan McGregor, John Leguizamo, Jim Broadbent, Richard Roxburgh"
11456,"John Travolta, Vince Vaughn, Teri Polo, Matt O'Leary, Steve Buscemi"
261023,"Johnny Depp, Joel Edgerton, Benedict Cumberbatch, Dakota Johnson, Kevin Bacon"
3683,"Ryan Phillippe, Adam Beach, Jesse Bradford, John Benjamin Hickey, John Slattery"
22803,"Jamie Foxx, Gerard Butler, Colm Meaney, Bruce McGill, Leslie Bibb"
285923,"Kurt Russell, Zoë Bell, Rosario Dawson, Vanessa Ferlito, Sydney Tamiia Poitier"
39437,"Oprah Winfrey, Danny Glover, Thandie Newton, Lisa Gay Hamilton, Albert Hall"
1950,"Eric Bana, Drew Barrymore, Robert Duvall, Debra Messing, Robert Downey Jr."
640,"Leonardo DiCaprio, Tom Hanks, Christopher Walken, Martin Sheen, Nathalie Baye"
97630,"Jessica Chastain, Jason Clarke, Mark Strong, Joel Edgerton, Chris Pratt"
9767,"Vince Vaughn, Jennifer Aniston, Joey Lauren Adams, Cole Hauser, Jon Favreau"
11631,"Meryl Streep, Pierce Brosnan, Amanda Seyfried, Colin Firth, Stellan Skarsgård"
32856,"Jessica Alba, Jessica Biel, Bradley Cooper, Eric Dane, Patrick Dempsey"
6519,"Johnny Knoxville, Seann William Scott, Jessica Simpson, Willie Nelson, Burt Reynolds"
8741,"Sean Penn, Adrien Brody, Jim Caviezel, Ben Chaplin, George Clooney"
49520,"Olivia Wilde, Ryan Reynolds, Jason Bateman, Leslie Mann, Mircea Monroe"
1850,"Jim Carrey, Courtney Love, Bob Zmuda, Danny DeVito, Gerry Becker"
524,"Robert De Niro, Sharon Stone, Joe Pesci, James Woods, Don Rickles"
26389,"John Travolta, Jonathan Rhys Meyers, Kasia Smutniak, Richard Durden, Bing Yin"
11817,"Seann William Scott, Jaime King, Karel Roden, Chow Yun-fat, K. C. Collins"
2123,"Jim Carrey, Renée Zellweger, Anthony Anderson, Robert Forster, Richard Jenkins"
9907,"Courteney Cox, Kevin James, Sam Elliott, Danny Glover, Wanda Sykes"
9969,"Danny DeVito, Matthew Broderick, Kristin Davis, Kristin Chenoweth, Fred Armisen"
18239,"Kristen Stewart, Robert Pattinson, Taylor Lautner, Billy Burke, Ashley Greene"
808,"Mike Myers, Eddie Murphy, Cameron Diaz, John Lithgow, Vincent Cassel"
38050,"Matt Damon, Emily Blunt, John Slattery, Anthony Mackie, Lauren Hodges"
8367,"Kevin Costner, Morgan Freeman, Christian Slater, Mary Elizabeth Mastrantonio, Alan Rickman"
9390,"Tom Cruise, Cuba Gooding Jr., Renée Zellweger, Kelly Preston, Alison Armitage"
72105,"Mark Wahlberg, Mila Kunis, Seth MacFarlane, Joel McHale, Giovanni Ribisi"
2898,"Jack Nicholson, Helen Hunt, Greg Kinnear, Cuba Gooding Jr., Skeet Ulrich"
10312,"Robin Williams, Philip Seymour Hoffman, Bob Gunton, Peter Coyote, Michael Jeter"
109443,"Will Ferrell, Steve Carell, Paul Rudd, Christina Applegate, David Koechner"
2022,"Adam Sandler, Winona Ryder, John Turturro, Allen Covert, Peter Gallagher"
37686,"Joel Courtney, Elle Fanning, Riley Griffiths, Kyle Chandler, Ryan Lee"
462,"Julia Roberts, Albert Finney, Aaron Eckhart, Marg Helgenberger, Cherry Jones"
9919,"Kate Hudson, Matthew McConaughey, Kathryn Hahn, Annie Parisse, Adam Goldberg"
187017,"Jonah Hill, Channing Tatum, Dave Franco, Ice Cube, Nick Offerman"
628,"Brad Pitt, Tom Cruise, Kirsten Dunst, Antonio Banderas, Christian Slater"
10201,"Jim Carrey, Zooey Deschanel, Rhys Darby, Sasha Alexander, Fionnula Flanagan"
302699,"Dwayne Johnson, Kevin Hart, Amy Ryan, Aaron Paul, Danielle Nicolet"
9441,"Julia Roberts, Susan Sarandon, Ed Harris, Jena Malone, Liam Aiken"
274167,"Will Ferrell, Mark Wahlberg, Linda Cardellini, Thomas Haden Church, Scarlett Estevez"
224141,"Meryl Streep, Emily Blunt, James Corden, Anna Kendrick, Chris Pine"
388,"Denzel Washington, Clive Owen, Jodie Foster, Christopher Plummer, Willem Dafoe"
2112,"Mel Gibson, Kris Kristofferson, Gregg Henry, Maria Bello, David Paymer"
10329,"Laura Linney, Dylan Walsh, Ernie Hudson, Tim Curry, Grant Heslov"
74465,"Matt Damon, Scarlett Johansson, Thomas Haden Church, Colin Ford, Maggie Elizabeth Jones"
13811,"Nicolas Cage, Rose Byrne, Chandler Canterbury, Ben Mendelsohn, Nadia Townsend"
6877,"Matthew McConaughey, Sarah Jessica Parker, Zooey Deschanel, Justin Bartha, Bradley Cooper"
10320,"Naomi Watts, Simon Baker, Elizabeth Perkins, David Dorfman, Gary Cole"
50646,"Steve Carell, Julianne Moore, Ryan Gosling, Emma Stone, Marisa Tomei"
8920,"Bill Murray, Breckin Meyer, Jennifer Love Hewitt, Stephen Tobolowsky, Evan Arnold"
13673,"Tim Allen, Jamie Lee Curtis, Dan Aykroyd, M. Emmet Walsh, Elizabeth Franz"
60308,"Brad Pitt, Jonah Hill, Philip Seymour Hoffman, Robin Wright, Chris Pratt"
6950,"Dustin Hoffman, Rene Russo, Morgan Freeman, Kevin Spacey, Cuba Gooding Jr."
225574,"Liam Neeson, Julianne Moore, Scoot McNairy, Michelle Dockery, Nate Parker"
13836,"Dwayne Johnson, AnnaSophia Robb, Alexander Ludwig, Carla Gugino, Chris Marquette"
752,"Natalie Portman, Hugo Weaving, Stephen Rea, Stephen Fry, John Hurt"
6038,"Jackie Chan, Owen Wilson, Fann Wong, Aaron Taylor-Johnson, Aidan Gillen"
9975,"Will Ferrell, Drew Barrymore, David Cross, Eugene Levy, Dick Van Dyke"
11451,"Lindsay Lohan, Michael Keaton, Matt Dillon, Breckin Meyer, Justin Long"
12103,"Michael Douglas, Sean Bean, Brittany Murphy, Skye McCole Bartusiak, Guy Torry"
60304,"Jeremy Renner, Gemma Arterton, Famke Janssen, Pihla Viitala, Derek Mears"
2251,"Richard Gere, Diane Lane, Olivier Martinez, Erik Per Sullivan, Zeljko Ivanek"
46529,"Alex Pettyfer, Timothy Olyphant, Teresa Palmer, Dianna Agron, Callan McAuliffe"
231,"George Clooney, Matt Damon, Jeffrey Wright, Chris Cooper, Amanda Peet"
300671,"James Badge Dale, John Krasinski, Max Martini, Pablo Schreiber, Toby Stephens"
228326,"Diego Luna, Channing Tatum, Zoe Saldana, Christina Applegate, Eugenio Derbez"
9754,"Harrison Ford, Paul Bettany, Virginia Madsen, Carly Schroeder, Jimmy Bennett"
66,"Clint Eastwood, Gene Hackman, Ed Harris, Scott Glenn, Laura Linney"
4421,"Demi Moore, Viggo Mortensen, Anne Bancroft, Jason Beghe, Daniel von Bargen"
2649,"Michael Douglas, Sean Penn, Deborah Kara Unger, James Rebhorn, Spike Jonze"
588,"Radha Mitchell, Sean Bean, Laurie Holden, Deborah Kara Unger, Kim Coates"
10393,"Keanu Reeves, Gene Hackman, Brooke Langton, Orlando Jones, Faizon Love"
71552,"Jason Biggs, Alyson Hannigan, Seann William Scott, Chris Klein, Thomas Ian Nicholas"
9631,"Samuel L. Jackson, Kevin Spacey, David Morse, Ron Rifkin, John Spencer"
216282,"Richard Armitage, Sarah Wayne Callies, Matt Walsh, Nathan Kress, Alycia Debnam-Carey"
306,"Eddie Murphy, Judge Reinhold, Héctor Elizondo, Gilbert R. Hill, Timothy Carhart"
928,"Zach Galligan, Phoebe Cates, John Glover, Robert Prosky, Robert Picardo"
205587,"Robert Duvall, Robert Downey Jr., Vera Farmiga, Vincent D'Onofrio, Jeremy Strong"
6623,"George Clooney, Nicole Kidman, Marcel Iureș, Goran Visnjic, Armin Mueller-Stahl"
1577,"Milla Jovovich, Sienna Guillory, Oded Fehr, Thomas Kretschmann, Sophie Vavasseur"
9801,"Renée Zellweger, Hugh Grant, Colin Firth, Jim Broadbent, Gemma Jones"
2116,"Denzel Washington, Eva Mendes, Sanaa Lathan, John Billingsley, Dean Cain"
9624,"Steven Seagal, Michael Caine, Joan Chen, John C. McGinley, R. Lee Ermey"
14199,"Taylor Lautner, Taylor Dooley, Cayden Boyd, David Arquette, Kristin Davis"
1907,"Leonardo DiCaprio, Guillaume Canet, Tilda Swinton, Virginie Ledoyen, Staffan Kihlbom"
4599,"Kate Hudson, John Corbett, Joan Cusack, Hayden Panettiere, Spencer Breslin"
22832,"Rain, Naomie Harris, Sung Kang, Randall Duk Kim, Rick Yune"
10390,"Kevin Costner, Kelly Preston, John C. Reilly, Jena Malone, J.K. Simmons"
9879,"Demi Moore, Burt Reynolds, Armand Assante, Ving Rhames, Robert Patrick"
38579,"Owen Wilson, Emma Stone, George Lopez, Christopher Mintz-Plasse, Steve Coogan"
44603,"Matt Damon, Bryce Dallas Howard, George McLaren, Thierry Neuvic, Cyndi Mayo Davis"
11892,"Sandra Bullock, Ben Chaplin, Ryan Gosling, Michael Pitt, Agnes Bruckner"
9691,"Sylvester Stallone, Antonio Banderas, Julianne Moore, Anatoli Davydov, Muse Watson"
1248,"Gaspard Ulliel, Aaran Thomas, Gong Li, Dominic West, Rhys Ifans"
12220,"Bruce Willis, Michelle Pfeiffer, Rob Reiner, Colleen Rennison, Jake Sandvig"
72710,"Saoirse Ronan, Diane Kruger, Jake Abel, William Hurt, Frances Fisher"
10782,"John Travolta, Connie Nielsen, Samuel L. Jackson, Giovanni Ribisi, Tim Daly"
9573,"Clint Eastwood, Jeff Daniels, Anjelica Huston, Wanda De Jesus, Tina Lifford"
4959,"Clive Owen, Naomi Watts, Armin Mueller-Stahl, Ulrich Thomsen, Brían F. O'Byrne"
10061,"Kurt Russell, Stacy Keach, Steve Buscemi, Pam Grier, Cliff Robertson"
10386,"Eli Marienthal, Jennifer Aniston, Vin Diesel, Christopher McDonald, Harry Connick Jr."
421,"Bill Murray, Anjelica Huston, Cate Blanchett, Willem Dafoe, Owen Wilson"
316152,"Matthew McConaughey, Gugu Mbatha-Raw, Mahershala Ali, Keri Russell, Jacob Lofland"
11615,"Kevin Spacey, Kate Winslet, Laura Linney, Gabriel Mann, Rhona Mitra"
13498,"Tommy Lee Jones, Cedric the Entertainer, Christina Milian, Paula Garcés, Monica Keena"
241554,"Liam Neeson, Ed Harris, Joel Kinnaman, Boyd Holbrook, Bruce McGill"
2252,"Naomi Watts, Viggo Mortensen, Vincent Cassel, Armin Mueller-Stahl, Sinéad Cusack"
11968,"Paul Walker, Jessica Alba, Scott Caan, Ashley Scott, Josh Brolin"
10047,"Milla Jovovich, Dustin Hoffman, Faye Dunaway, John Malkovich, Vincent Cassel"
38319,"Danny McBride, James Franco, Natalie Portman, Zooey Deschanel, Justin Theroux"
69668,"Daniel Craig, Naomi Watts, Rachel Weisz, Marton Csokas, Elias Koteas"
9770,"John Travolta, Dustin Hoffman, Mia Kirshner, Alan Alda, Robert Prosky"
11212,"Joe Mantegna, Lara Flynn Boyle, Joe Pantoliano, Brian Haley, Cynthia Nixon"
10533,"Demi Moore, Gary Oldman, Robert Duvall, Robert Prosky, Edward Hardwicke"
38363,"Naomi Watts, Sean Penn, Ty Burrell, Brooke Smith, Bruce McGill"
9923,"Keira Knightley, Mickey Rourke, Edgar Ramírez, Delroy Lindo, Mo'Nique"
11863,"David Caruso, Linda Fiorentino, Chazz Palminteri, Michael Biehn, Richard Crenna"
18501,"Gerard Butler, Michael C. Hall, Logan Lerman, Amber Valletta, Terry Crews"
109491,"Alden Ehrenreich, Alice Englert, Jeremy Irons, Viola Davis, Emmy Rossum"
9275,"Robin Williams, Catherine Keener, Edward Norton, Danny DeVito, Jon Stewart"
329833,"Ben Stiller, Owen Wilson, Will Ferrell, Penélope Cruz, Kristen Wiig"
12634,"Owen Wilson, Morgan Freeman, Gary Sinise, Sara Foster, Willie Nelson"
10416,"Garry Shandling, Annette Bening, John Goodman, Greg Kinnear, Linda Fiorentino"
47327,"Nicolas Cage, Amber Heard, William Fichtner, Billy Burke, David Morse"
15268,"Kristin Kreuk, Chris Klein, Neal McDonough, Michael Clarke Duncan, Moon Bloodgood"
10796,"Jet Li, Jason Statham, Carla Gugino, Delroy Lindo, James Morrison"
9548,"Andrew Dice Clay, Wayne Newton, Priscilla Presley, Morris Day, Lauren Holly"
18947,"Tom Sturridge, Philip Seymour Hoffman, Rhys Ifans, Bill Nighy, Emma Thompson"
1900,"Michael Douglas, Benicio del Toro, Jacob Vargas, Tomás Milián, Russell G. Jones"
89,"Harrison Ford, Sean Connery, Denholm Elliott, Alison Doody, John Rhys-Davies"
96724,"Keira Knightley, Jude Law, Aaron Taylor-Johnson, Kelly Macdonald, Matthew Macfadyen"
198184,"Sharlto Copley, Dev Patel, Ninja, Yolandi Visser, Jose Pablo Cantillo"
9481,"Denzel Washington, Angelina Jolie, Queen Latifah, Michael Rooker, Michael McGlone"
4547,"Jodie Foster, Kristen Stewart, Forest Whitaker, Dwight Yoakam, Jared Leto"
53953,"Lochlyn Munro, Chandra West, Steve Bacic, Jianna Ballard, Carrie Fleming"
6415,"George Clooney, Mark Wahlberg, Ice Cube, Spike Jonze, Cliff Curtis"
181283,"Tom Hardy, Gary Oldman, Noomi Rapace, Joel Kinnaman, Paddy Considine"
9896,"Cuba Gooding Jr., Seth Green, Whoopi Goldberg, Breckin Meyer, Amy Smart"
167,"Jeff Bridges, Kevin Spacey, Mary McCormack, Alfre Woodard, Ajay Naidu"
11232,"Meg Ryan, Hugh Jackman, Liev Schreiber, Breckin Meyer, Natasha Lyonne"
1636,"Elizabeth Hurley, Brendan Fraser, Frances O'Connor, Orlando Jones, Paul Adelstein"
2148,"Richard Gere, Gregory Hines, Diane Lane, Lonette McKee, Bob Hoskins"
5176,"Russell Crowe, Christian Bale, Logan Lerman, Dallas Roberts, Peter Fonda"
260346,"Liam Neeson, Forest Whitaker, Maggie Grace, Famke Janssen, Dougray Scott"
1389,"George Clooney, Jennifer Lopez, Ving Rhames, Don Cheadle, Albert Brooks"
9894,"Jim Carrey, Matthew Broderick, Leslie Mann, Jack Black, George Segal"
7504,"Aamir Khan, Nandita Das, Maia Sethna, Kitu Gidwani, Arif Zakaria"
8592,"Warren Beatty, Al Pacino, Madonna, Charlie Korsmo, Glenne Headly"
913,"Pierce Brosnan, Rene Russo, Denis Leary, Ben Gazzara, Frankie Faison"
11091,"Drew Barrymore, Steve Zahn, Adam Garcia, Brittany Murphy, Logan Lerman"
1368,"Sylvester Stallone, Richard Crenna, Brian Dennehy, Bill McKinney, Jack Starrett"
593,"Donatas Banionis, Natalya Bondarchuk, Jüri Järvet, Anatoliy Solonitsyn, Nikolay Grinko"
5393,"George Carlin, Andy Dick, Sarah Michelle Gellar, Lisa Kaplan, Michael McShane"
9095,"Julia Roberts, John Malkovich, George Cole, Michael Gambon, Glenn Close"
8874,"Julia Roberts, Dermot Mulroney, Cameron Diaz, Rupert Everett, Philip Bosco"
11467,"Julia Roberts, Billy Crystal, Catherine Zeta-Jones, John Cusack, Hank Azaria"
320,"Al Pacino, Robin Williams, Hilary Swank, Maura Tierney, Martin Donovan"
199,"Patrick Stewart, Jonathan Frakes, Brent Spiner, LeVar Burton, Michael Dorn"
20533,"Josh Brolin, John Malkovich, Megan Fox, Michael Fassbender, Will Arnett"
10684,"Denzel Washington, Meg Ryan, Lou Diamond Phillips, Matt Damon, Michael Moriarty"
1624,"Jim Carrey, Maura Tierney, Cary Elwes, Jennifer Tilly, Swoosie Kurtz"
325789,"Bryan Cranston, Diane Kruger, John Leguizamo, Daniel Mays, Benjamin Bratt"
113464,"Laurence Olivier, Jacqueline Bisset, Ben Gazzara, Toshirō Mifune, Richard Roundtree"
888,"John Goodman, Elizabeth Perkins, Rick Moranis, Rosie O'Donnell, Kyle MacLachlan"
82675,"Liam Neeson, Maggie Grace, Famke Janssen, Rade Serbedzija, Luke Grimes"
4256,"Pamela Anderson, Jenny McCarthy, Marny Eng, Charlie Sheen, Simon Rex"
1493,"Sandra Bullock, Benjamin Bratt, Michael Caine, Candice Bergen, William Shatner"
88751,"Brendan Fraser, Josh Hutcherson, Anita Briem, Seth Meyers, Jean Michel Paré"
11130,"Anne Hathaway, Julie Andrews, Héctor Elizondo, John Rhys-Davies, Heather Matarazzo"
9944,"Julia Roberts, Denzel Washington, Sam Shepard, William Atherton, John Lithgow"
10731,"Susan Sarandon, Tommy Lee Jones, Mary-Louise Parker, Anthony LaPaglia, Bradley Whitford"
7350,"Jack Nicholson, Morgan Freeman, Sean Hayes, Beverly Todd, Alfonso Freeman"
9869,"Harrison Ford, Anne Archer, Patrick Bergin, Thora Birch, James Fox"
4379,"Jennifer Lopez, Jane Fonda, Michael Vartan, Wanda Sykes, Adam Scott"
146233,"Hugh Jackman, Jake Gyllenhaal, Paul Dano, Maria Bello, Melissa Leo"
2034,"Denzel Washington, Ethan Hawke, Scott Glenn, Tom Berenger, Harris Yulin"
926,"Tim Allen, Sigourney Weaver, Alan Rickman, Tony Shalhoub, Sam Rockwell"
4248,"Anna Faris, Marlon Wayans, James DeBello, Shawn Wayans, David Cross"
64328,"Amy Adams, Jason Segel, Emily Blunt, John Krasinski, Zach Galifianakis"
36647,"Wesley Snipes, Stephen Dorff, Kris Kristofferson, N'Bushe Wright, Donal Logue"
7214,"Samuel L. Jackson, Rob Brown, Robert Ri'chard, Rick Gonzalez, Channing Tatum"
1537,"Ben Affleck, Samuel L. Jackson, Kim Staunton, Toni Collette, Sydney Pollack"
9360,"Jennifer Lopez, Ice Cube, Jon Voight, Eric Stoltz, Owen Wilson"
6282,"Piper Perabo, Adam Garcia, John Goodman, Izabella Miko, Tyra Banks"
508,"Keira Knightley, Heike Makatsch, Emma Thompson, Laura Linney, Hugh Grant"
9487,"Kevin Spacey, Julia Louis-Dreyfus, Hayden Panettiere, Phyllis Diller, Bonnie Hunt"
768,"Johnny Depp, Heather Graham, Ian Holm, Robbie Coltrane, Ian Richardson"
2636,"Sylvester Stallone, Sharon Stone, James Woods, Rod Steiger, Eric Roberts"
10478,"Kevin Costner, Don Johnson, Cheech Marin, George Perez, Rene Russo"
27983,"Lucille Ball, Henry Fonda, Van Johnson, Tom Bosley, Louise Troy"
9981,"Will Ferrell, Robert Duvall, Kate Walsh, Musetta Vander, Josh Hutcherson"
7453,"Martin Freeman, Zooey Deschanel, Sam Rockwell, Yasiin Bey, John Malkovich"
15045,"Kenan Thompson, Shedrack Anderson III, Jermaine Williams, Keith Robinson, Alphonso McAuley"
7737,"Milla Jovovich, Oded Fehr, Ali Larter, Iain Glen, Mike Epps"
232672,"Drew Barrymore, Adam Sandler, Wendi McLendon-Covey, Bella Thorne, Terry Crews"
17379,"Queen Latifah, LL Cool J, Timothy Hutton, Giancarlo Esposito, Alicia Witt"
8987,"Meryl Streep, David Strathairn, Kevin Bacon, Benjamin Bratt, John C. Reilly"
11359,"Hal Scardino, Litefoot, Lindsay Crouse, Richard Jenkins, Rishi Bhat"
82525,"Blake Lively, Taylor Kitsch, Aaron Taylor-Johnson, Benicio del Toro, Salma Hayek"
9759,"Chris Evans, Kim Basinger, Jason Statham, Jessica Biel, William H. Macy"
9486,"Rowan Atkinson, John Malkovich, Natalie Imbruglia, Tasha de Vasconcelos, Ben Miller"
9906,"Julia Roberts, Meryl Streep, Nicolas Cage, Paul Giamatti, Bruce Campbell"
841,"Kyle MacLachlan, Francesca Annis, Leonardo Cimino, Brad Dourif, José Ferrer"
4688,"Evan Rachel Wood, Jim Sturgess, Joe Anderson, Dana Fuchs, Martin Luther"
4148,"Leonardo DiCaprio, Kate Winslet, Michael Shannon, Kathryn Hahn, David Harbour"
2207,"Bruce Willis, Yasiin Bey, David Morse, Jenna Stern, David Zayas"
9381,"Vin Diesel, Michelle Yeoh, Mélanie Thierry, Lambert Wilson, Charlotte Rampling"
9625,"Steven Seagal, Keenen Ivory Wayans, Bob Gunton, Brian Cox, Michelle Johnson"
9304,"Michael Keaton, Andie MacDowell, Harris Yulin, Eugene Levy, Zack Duhame"
20856,"Carter Jenkins, Austin Butler, Kevin Nealon, Robert Hoffman, Doris Roberts"
5955,"Jack Nicholson, Aaron Eckhart, Helen Mirren, Robin Wright, Vanessa Redgrave"
9899,"Matthew Broderick, Uma Thurman, Will Ferrell, Eileen Essell, Gary Beach"
9826,"Billy Zane, Kristy Swanson, Treat Williams, Catherine Zeta-Jones, James Remar"
21355,"Matt Damon, Henry Thomas, Penélope Cruz, Sam Shepard, Robert Patrick"
10858,"Anthony Hopkins, Joan Allen, Powers Boothe, Ed Harris, Bob Hoskins"
11439,"Ewan McGregor, Pierce Brosnan, Jon Bernthal, Kim Cattrall, Tom Wilkinson"
9457,"Treat Williams, Famke Janssen, Anthony Heald, Kevin J. O'Connor, Una Damon"
12412,"Derek Luke, Michael Ealy, Laz Alonso, John Turturro, Valentina Cervi"
1494,"Chow Yun-fat, Gong Li, Jay Chou, Liu Ye, Qin Jun-Jie"
13184,"Nicolas Cage, Shahkrit Yamnarm, Charlie Yeung, Panward Hemmanee, Nirattisai Kaljaruek"
2185,"Tim Allen, Rene Russo, Patrick Warburton, Ben Foster, Zooey Deschanel"
6639,"Javier Bardem, Unax Ugalde, Benjamin Bratt, Catalina Sandino Moreno, Héctor Elizondo"
38153,"Charlie Sheen, Donald Sutherland, Linda Hamilton, Stephen Lang, Nicholas Turturro"
58233,"Rowan Atkinson, Dominic West, Gillian Anderson, Rosamund Pike, Daniel Kaluuya"
116977,"Charlie Sheen, Wayne Brady, Hilary Duff, Eva Longoria, Christopher Lloyd"
68734,"Ben Affleck, Bryan Cranston, Alan Arkin, John Goodman, Victor Garber"
5503,"Harrison Ford, Tommy Lee Jones, Sela Ward, Julianne Moore, Joe Pantoliano"
27573,"Gerard Butler, Jennifer Aniston, Gio Perez, Siobhan Fallon, Joel Garland"
819,"Robert De Niro, Brad Pitt, Kevin Bacon, Jason Patric, Ron Eldard"
1369,"Sylvester Stallone, Richard Crenna, Charles Napier, Steven Berkoff, Julia Nickson"
9623,"Demi Moore, Alec Baldwin, Joseph Gordon-Levitt, Anne Heche, James Gandolfini"
10895,"Mel Blanc, Don Brodie, Walter Catlett, Marion Darlington, Frankie Darro"
10935,"Kris Kristofferson, Christopher Walken, John Hurt, Isabelle Huppert, Sam Waterston"
834,"Kate Beckinsale, Scott Speedman, Tony Curran, Shane Brolly, Derek Jacobi"
228066,"James McAvoy, Daniel Radcliffe, Jessica Brown Findlay, Andrew Scott, Charles Dance"
711,"Sean Connery, Rob Brown, F. Murray Abraham, Anna Paquin, Busta Rhymes"
10468,"Sandra Bullock, Viggo Mortensen, Dominic West, Elizabeth Perkins, Alan Tudyk"
10027,"Jet Li, Morgan Freeman, Bob Hoskins, Vincent Regan, Dylan Brown"
11812,"Cameron Diaz, Christina Applegate, Thomas Jane, Selma Blair, Jason Bateman"
37233,"Tom Cruise, Jeanne Tripplehorn, Gene Hackman, Holly Hunter, Ed Harris"
37950,"Zac Efron, Amanda Crew, Charlie Tahan, Augustus Prew, Donal Logue"
27582,"Jason Statham, Ben Foster, Donald Sutherland, Mini Anden, Tony Goldwyn"
64688,"Channing Tatum, Jonah Hill, Brie Larson, Dave Franco, Ellie Kemper"
509,"Julia Roberts, Hugh Grant, Gina McKee, Tim McInnerny, Rhys Ifans"
7443,"Mel Gibson, Miranda Richardson, Timothy Spall, Imelda Staunton, Jane Horrocks"
5966,"Ben Stiller, Jennifer Aniston, Philip Seymour Hoffman, Debra Messing, Alec Baldwin"
11066,"Eddie Murphy, Robin Givens, Halle Berry, David Alan Grier, Grace Jones"
136795,"Sandra Bullock, Melissa McCarthy, Demián Bichir, Michael Rapaport, Taran Killam"
8095,"Elizabeth Taylor, Richard Burton, Rex Harrison, Roddy McDowall, Martin Landau"
87826,"Salma Hayek, Kevin James, Henry Winkler, Joe Rogan, Reggie Lee"
11560,"Ashley Judd, Morgan Freeman, Jim Caviezel, Amanda Peet, Adam Scott"
25189,"Barbra Streisand, Jeff Bridges, Lauren Bacall, George Segal, Mimi Rogers"
2637,"Richard Gere, Laura Linney, Will Patton, Bob Tracey, Debra Messing"
18480,"Sacha Baron Cohen, Richard Bey, Ron Paul, Gustaf Hammarsten, Clifford Bañagale"
709,"Timothy Dalton, Carey Lowell, Robert Davi, Talisa Soto, Anthony Zerbe"
49730,"Amanda Seyfried, Gary Oldman, Billy Burke, Shiloh Fernandez, Max Irons"
2749,"Robert De Niro, Charlize Theron, Edward Burns, Kelsey Grammer, Avery Brooks"
9607,"Bob Hoskins, John Leguizamo, Dennis Hopper, Samantha Mathis, Fisher Stevens"
1830,"Nicolas Cage, Bridget Moynahan, Jared Leto, Ethan Hawke, Eamonn Walker"
79,"Jet Li, Tony Leung Chiu-Wai, Maggie Cheung, Donnie Yen, Zhang Ziyi"
54054,"Katherine Heigl, Jason O'Mara, Daniel Sunjata, John Leguizamo, Sherri Shepherd"
228967,"James Franco, Seth Rogen, Lizzy Caplan, Randall Park, Diana Bang"
46528,"Kate Bosworth, Jang Dong-gun, Geoffrey Rush, Danny Huston, Ti Lung"
27936,"Dany Boon, Dominique Pinon, André Dussollier, Jean-Pierre Marielle, Julie Ferrier"
65,"Eminem, Mekhi Phifer, Brittany Murphy, Kim Basinger, Michael Shannon"
280391,"Jamel Debbouze, Arié Elmaleh, Mélissa Theuriau, Patrice Thibaud, Christian Hecq"
9476,"Heath Ledger, Rufus Sewell, Shannyn Sossamon, Paul Bettany, Laura Fraser"
10610,"Jackie Chan, Lee Evans, Claire Forlani, Julian Sands, John Rhys-Davies"
745,"Bruce Willis, Toni Collette, Olivia Williams, Haley Joel Osment, Donnie Wahlberg"
49527,"Sam Worthington, Elizabeth Banks, Jamie Bell, Ed Harris, Edward Burns"
73937,"Owen Wilson, Steve Martin, Jack Black, Rashida Jones, Jim Parsons"
1885,"Ralph Macchio, Pat Morita, William Zabka, Martin Kove, Chad McQueen"
168672,"Christian Bale, Bradley Cooper, Amy Adams, Jeremy Renner, Jennifer Lawrence"
18240,"Sandra Bullock, Ryan Reynolds, Mary Steenburgen, Craig T. Nelson, Betty White"
10398,"Tommy Lee Jones, Ashley Judd, Bruce Greenwood, Annabeth Gish, Benjamin Weir"
165,"Michael J. Fox, Christopher Lloyd, Lea Thompson, Elisabeth Shue, James Tolkan"
240832,"Scarlett Johansson, Morgan Freeman, Choi Min-sik, Amr Waked, Julian Rhind-Tutt"
216015,"Dakota Johnson, Jamie Dornan, Jennifer Ehle, Eloise Mumford, Victor Rasuk"
12279,"Antonio Banderas, Carla Gugino, Alexa PenaVega, Daryl Sabara, Sylvester Stallone"
1645,"Matthew McConaughey, Sandra Bullock, Samuel L. Jackson, Kevin Spacey, Oliver Platt"
11007,"Steve Martin, Bonnie Hunt, Piper Perabo, Tom Welling, Hilary Duff"
193756,"Mark Wahlberg, Taylor Kitsch, Emile Hirsch, Ben Foster, Yousuf Azami"
11287,"Tom Hanks, Geena Davis, Madonna, Lori Petty, Jon Lovitz"
259693,"Patrick Wilson, Vera Farmiga, Madison Wolfe, Frances O'Connor, Lauren Esposito"
37799,"Jesse Eisenberg, Andrew Garfield, Justin Timberlake, Armie Hammer, Max Minghella"
10184,"Ben Affleck, Jennifer Aniston, Drew Barrymore, Jennifer Connelly, Kevin Connolly"
4257,"Anna Faris, Regina Hall, Craig Bierko, Bill Pullman, Anthony Anderson"
4234,"David Arquette, Neve Campbell, Courteney Cox, Patrick Dempsey, Scott Foley"
196,"Michael J. Fox, Christopher Lloyd, Mary Steenburgen, Thomas F. Wilson, Lea Thompson"
257091,"Will Ferrell, Kevin Hart, Alison Brie, Craig T. Nelson, T.I."
6114,"Gary Oldman, Winona Ryder, Anthony Hopkins, Keanu Reeves, Richard E. Grant"
24803,"Meryl Streep, Amy Adams, Stanley Tucci, Chris Messina, Linda Emond"
109410,"Chadwick Boseman, T.R. Knight, Harrison Ford, Nicole Beharie, Christopher Meloni"
1213,"Matt Damon, Gwyneth Paltrow, Jude Law, Cate Blanchett, Philip Seymour Hoffman"
100042,"Jim Carrey, Jeff Daniels, Rachel Melvin, Kathleen Turner, Brady Bluhm"
9036,"Paul Walker, Bruce Greenwood, Moon Bloodgood, Jason Biggs, Gerard Plunkett"
257211,"Robert De Niro, Anne Hathaway, Rene Russo, Anders Holm, JoJo Kushner"
323675,"Kevin Hart, Ice Cube, Olivia Munn, Tika Sumpter, Ken Jeong"
9361,"Daniel Day-Lewis, Madeleine Stowe, Russell Means, Eric Schweig, Jodhi May"
1677,"Jamie Foxx, Kerry Washington, Regina King, Harry Lennix, Clifton Powell"
187,"Jessica Alba, Devon Aoki, Clive Owen, Rosario Dawson, Mickey Rourke"
7461,"Dennis Quaid, Matthew Fox, Forest Whitaker, Sigourney Weaver, William Hurt"
16538,"Paul Rudd, Jason Segel, Rashida Jones, Andy Samberg, J.K. Simmons"
9889,"Gwyneth Paltrow, Jack Black, Jason Alexander, Joe Viterelli, Bruce McGill"
820,"Kevin Costner, Tommy Lee Jones, Gary Oldman, Kevin Bacon, Michael Rooker"
11565,"Martin Lawrence, Nia Long, Emily Procter, Zachary Levi, Mark Moses"
6073,"Brad Pitt, Julia Roberts, James Gandolfini, J.K. Simmons, Gene Hackman"
16996,"Zac Efron, Leslie Mann, Matthew Perry, Tyler Steelman, Allison Miller"
193610,"Cameron Diaz, Leslie Mann, Kate Upton, Don Johnson, Nikolaj Coster-Waldau"
19912,"Bobby Campo, Shantel VanSanten, Nick Zano, Haley Webb, Krista Allen"
296098,"Tom Hanks, Mark Rylance, Amy Ryan, Alan Alda, Sebastian Koch"
8007,"Owen Wilson, Gene Hackman, Gabriel Macht, Charles Malik Whitfield, David Keith"
32823,"Jonah Hill, Russell Brand, Rose Byrne, Elisabeth Moss, Colm Meaney"
4380,"Richard Gere, Jennifer Lopez, Susan Sarandon, Lisa Ann Walter, Stanley Tucci"
11551,"Gregory Smith, Kirsten Dunst, Denis Leary, Phil Hartman, David Cross"
10336,"Michael Jai White, Martin Sheen, John Leguizamo, Theresa Randle, Nicol Williamson"
11362,"Jim Caviezel, Guy Pearce, Richard Harris, James Frain, Dagmara Domińczyk"
50348,"Matthew McConaughey, Marisa Tomei, Ryan Phillippe, William H. Macy, Josh Lucas"
48138,"Liam Neeson, Diane Kruger, January Jones, Aidan Quinn, Bruno Ganz"
1124,"Hugh Jackman, Christian Bale, Michael Caine, Scarlett Johansson, Andy Serkis"
227159,"Jason Bateman, Jason Sudeikis, Charlie Day, Jennifer Aniston, Kevin Spacey"
68179,"Brendan Fraser, Rob Corddry, Ricky Gervais, Jessica Alba, Sarah Jessica Parker"
1579,"Rudy Youngblood, Raoul Max Trujillo, Gerardo Taracena, Iazua Larios, Antonio Monroy"
708,"Timothy Dalton, Maryam d'Abo, Jeroen Krabbé, Joe Don Baker, John Rhys-Davies"
34851,"Topher Grace, Alice Braga, Laurence Fishburne, Adrien Brody, Danny Trejo"
9930,"Robert Redford, Debra Winger, Daryl Hannah, Brian Dennehy, Terence Stamp"
1586,"Johnny Depp, John Turturro, Timothy Hutton, Charles S. Dutton, Len Cariou"
2044,"Keanu Reeves, Sandra Bullock, Shohreh Aghdashloo, Christopher Plummer, Ebon Moss-Bachrach"
9913,"Kate Hudson, Gena Rowlands, Peter Sarsgaard, John Hurt, Joy Bryant"
71864,"Jennifer Garner, Joel Edgerton, Ron Livingston, Rosemarie DeWitt, CJ Adams"
10761,"Patrick Dempsey, Michelle Monaghan, Kevin McKidd, Chris Messina, Richmond Arquette"
209451,"Christopher Walken, Vincent Piazza, Freya Tingley, James Madio, Sean Whalen"
11975,"Matt Damon, Danny DeVito, Jon Voight, Claire Danes, Mary Kay Place"
4970,"Halle Berry, Robert Downey Jr., Charles S. Dutton, Penélope Cruz, John Carroll Lynch"
11831,"Morgan Freeman, Nigel Hawthorne, Anthony Hopkins, Djimon Hounsou, Matthew McConaughey"
9096,"Sean Connery, Lorraine Bracco, José Wilker, Rodolfo De Alexandre, Angelo Barra Moreira"
440,"Steven Pasquale, Reiko Aylesworth, John Ortiz, Ariel Gade, Sam Trammell"
11011,"Macaulay Culkin, John Larroquette, Edward Herrmann, Christine Ebersole, Michael Maccarone"
10641,"Richard Gere, Winona Ryder, Anthony LaPaglia, Elaine Stritch, Vera Farmiga"
11172,"Drew Barrymore, Hugh Grant, Scott Porter, Brad Garrett, Haley Bennett"
39513,"Seth Rogen, Simon Pegg, Nick Frost, Jason Bateman, Kristen Wiig"
82687,"Seth Rogen, Barbra Streisand, Yvonne Strahovski, Colin Hanks, Adam Scott"
41446,"David Arquette, Neve Campbell, Courteney Cox, Emma Roberts, Hayden Panettiere"
8224,"Nicolas Cage, Joaquin Phoenix, James Gandolfini, Chris Bauer, Anthony Heald"
10537,"Val Kilmer, Meg Ryan, Kyle MacLachlan, Frank Whaley, Kevin Dillon"
225886,"Cameron Diaz, Jason Segel, Rob Corddry, Ellie Kemper, Rob Lowe"
10385,"Meg Ryan, Diane Keaton, Lisa Kudrow, Walter Matthau, Adam Arkin"
55779,"Emma Bell, Nicholas D'Agosto, Miles Fisher, Ellen Wroe, Jacqueline MacInnes Wood"
10154,"Hugh Grant, James Caan, Jeanne Tripplehorn, Burt Young, James Fox"
10647,"Kevin Spacey, Helen Hunt, Haley Joel Osment, Jay Mohr, Jim Caviezel"
11431,"Drew Barrymore, Jimmy Fallon, Jason Spevack, Jack Kehler, Maureen Keiller"
8457,"Owen Wilson, Leslie Mann, Josh Peck, David Dorfman, Nate Hartley"
188161,"Seth MacFarlane, Charlize Theron, Liam Neeson, Amanda Seyfried, Neil Patrick Harris"
8850,"Alec Baldwin, John Lone, Penelope Ann Miller, Peter Boyle, Ian McKellen"
64685,"Thomas Horn, Tom Hanks, Sandra Bullock, Max von Sydow, John Goodman"
38357,"Rachel McAdams, Harrison Ford, Patrick Wilson, Jeff Goldblum, Diane Keaton"
10060,"50 Cent, Joy Bryant, Adewale Akinnuoye-Agbaje, Omar Benson Miller, Terrence Howard"
11398,"Wesley Snipes, Donald Sutherland, Maury Chaykin, Anne Archer, Michael Biehn"
1833,"Anthony Rapp, Adam Pascal, Rosario Dawson, Jesse L. Martin, Wilson Jermaine Heredia"
10391,"Kim Basinger, Angela Bettis, Holliston Coleman, Rufus Sewell, Christina Ricci"
8970,"Steve Martin, Goldie Hawn, John Cleese, Mark McKinney, Jessica Cauffiel"
9306,"Marlon Brando, Val Kilmer, David Thewlis, Fairuza Balk, Daniel Rigney"
11370,"Catherine Deneuve, Mena Suvari, Stephen Rea, Tim Roth, Justin Chambers"
12184,"Natalie Portman, Scarlett Johansson, Eric Bana, Jim Sturgess, Kristin Scott Thomas"
1921,"Keanu Reeves, Charlize Theron, Jason Isaacs, Greg Germann, Lauren Graham"
1683,"Hilary Swank, David Morrissey, Idris Elba, AnnaSophia Robb, Stephen Rea"
203,"Harvey Keitel, Robert De Niro, David Proval, Amy Robinson, Richard Romanus"
11858,"Danny DeVito, Mark Wahlberg, Gregory Hines, James Remar, Ed Begley Jr."
62835,"Zoe Saldana, Cliff Curtis, Callum Blue, Michael Vartan, Lennie James"
18937,"Jessalyn Gilsig, Cary Elwes, Gary Oldman, Don Rickles, Jane Seymour"
13536,"Robert De Niro, James Franco, Frances McDormand, Eliza Dushku, George Dzundza"
15556,"Val Kilmer, Mira Sorvino, Kelly McGillis, Steven Weber, Bruce Davison"
10718,"Martin Henderson, Ice Cube, Monet Mazur, Adam Scott, Matt Schulze"
11062,"Al Pacino, John Cusack, Bridget Fonda, Danny Aiello, Martin Landau"
10802,"Elizabeth Berkley, Kyle MacLachlan, Gina Gershon, Glenn Plummer, Robert Davi"
1887,"Kirsten Dunst, Jason Schwartzman, Judy Davis, Rip Torn, Rose Byrne"
6071,"David Caruso, Samuel L. Jackson, Nicolas Cage, Helen Hunt, Kathryn Erbe"
10461,"Sylvester Stallone, Miranda Richardson, Rachael Leigh Cook, Mickey Rourke, Johnny Strong"
80278,"Naomi Watts, Ewan McGregor, Tom Holland, Samuel Joslin, Oaklee Pendergast"
12704,"Warren Beatty, Dustin Hoffman, Isabelle Adjani, Charles Grodin, Jack Weston"
10315,"George Clooney, Meryl Streep, Jason Schwartzman, Bill Murray, Wallace Wolodarsky"
16643,"Angelina Jolie, Edward Burns, Tony Shalhoub, Christian Kane, Melissa Errico"
2687,"Chevy Chase, Daryl Hannah, Sam Neill, Michael McKean, Stephen Tobolowsky"
194,"Audrey Tautou, Mathieu Kassovitz, Rufus, Jamel Debbouze, Claire Maurier"
11025,"Ashley Olsen, Mary-Kate Olsen, Eugene Levy, Andy Richter, Riley Smith"
8849,"Jude Law, Marisa Tomei, Omar Epps, Jane Krakowski, Renée Taylor"
78698,"Drew Barrymore, John Krasinski, Kristen Bell, Vinessa Shaw, Dermot Mulroney"
30943,"Michelle Pfeiffer, Treat Williams, Whoopi Goldberg, Jonathan Jackson, Cory Buck"
9544,"Stephen Dorff, Natascha McElhone, Stephen Rea, Udo Kier, Amelia Curtis"
24418,"John C. Reilly, Josh Hutcherson, Chris Massoglia, Patrick Fugit, Salma Hayek"
7288,"Ben Stiller, Drew Barrymore, Eileen Essell, Amber Valletta, Justin Theroux"
14655,"Samuel L. Jackson, Bernie Mac, Sharon Leal, Adam Herschman, Sean Hayes"
24575,"M. Emmet Walsh, Richard Jordan, David Selby, Anne Archer, Alec Guinness"
10366,"Jean-Claude Van Damme, Kiana Tom, Bill Goldberg, Michael Jai White, Heidi Schanz"
19898,"Ben Foster, Dennis Quaid, Cam Gigandet, Antje Traue, Cung Le"
4965,"Gary Sinise, Madeleine Stowe, Mekhi Phifer, Vincent D'Onofrio, Tony Shalhoub"
15074,"Devon Sawa, Bridgette Wilson, Rufus Sewell, Rupert Graves, Heino Ferch"
56715,"Jean Reno, Christina Applegate, Christian Clavier, Matt Ross, Tara Reid"
1272,"Cillian Murphy, Rose Byrne, Chris Evans, Michelle Yeoh, Cliff Curtis"
72358,"Eddie Murphy, Allison Janney, Cliff Curtis, Clark Duke, Kerry Washington"
20542,"Freddie Prinze Jr., Jennifer Love Hewitt, Val Kilmer, Anne Bancroft, Chris Kattan"
266396,"Sean Penn, Jasmine Trinca, Javier Bardem, Ray Winstone, Mark Rylance"
9978,"Alex Pettyfer, Sarah Bolger, Ewan McGregor, Robbie Coltrane, Stephen Fry"
8271,"Shia LaBeouf, Sarah Roemer, Carrie-Anne Moss, David Morse, Aaron Yoo"
10428,"Jonny Lee Miller, Angelina Jolie, Jesse Bradford, Matthew Lillard, Renoly Santiago"
5353,"Richard Gere, Terrence Howard, James Brolin, Diane Kruger, Jesse Eisenberg"
11934,"Tim Robbins, Jennifer Jason Leigh, Paul Newman, Charles Durning, John Mahoney"
14392,"Jet Li, Andy Lau, Takeshi Kaneshiro, Xu Jinglei, Wei Zongwan"
19495,"Kuno Becker, Jay Hernandez, Jason Scott Lee, Doskhan Zholzhaksynov, Ayanat Ksenbai"
110415,"Chris Evans, Song Kang-ho, Ed Harris, John Hurt, Tilda Swinton"
77459,"Vanessa Paradis, Mathieu Chedid, Gad Elmaleh, François Cluzet, Ludivine Sagnier"
26486,"Matthew Broderick, Alec Baldwin, Toni Collette, Calista Flockhart, Ray Liotta"
9495,"Brandon Lee, Rochelle Davis, Ernie Hudson, Michael Wincott, Bai Ling"
256040,"Prabhas, Rana Daggubati, Tamanna Bhatia, Anushka Shetty, Ramya Krishnan"
24420,"Eric Bana, Rachel McAdams, Michelle Nolden, Arliss Howard, Ron Livingston"
1257,"Diane Keaton, Mandy Moore, Gabriel Macht, Tom Everett Scott, Lauren Graham"
62214,"Charlie Tahan, Catherine O'Hara, Martin Short, Martin Landau, Atticus Shaffer"
16320,"Nathan Fillion, Gina Torres, Alan Tudyk, Morena Baccarin, Adam Baldwin"
8842,"Meg Ryan, Tony Shalhoub, Joe Cortese, Kerry Washington, Omar Epps"
9531,"Christopher Reeve, Richard Pryor, Jackie Cooper, Marc McClure, Annette O'Toole"
64807,"Robert De Niro, Sylvester Stallone, Alan Arkin, Jon Bernthal, Kevin Hart"
12289,"Chang Chen, Hu Jun, Tony Leung Chiu-Wai, Takeshi Kaneshiro, Song Jia"
11529,"Reese Witherspoon, Josh Lucas, Patrick Dempsey, Candice Bergen, Rhona Mitra"
20943,"Katherine Heigl, Gerard Butler, Eric Winter, Bree Turner, Nick Searcy"
9099,"Steve Martin, Dan Aykroyd, Phil Hartman, Glenne Headly, Daryl Mitchell"
9488,"Antonio Banderas, Carla Gugino, Alexa PenaVega, Daryl Sabara, Steve Buscemi"
193,"Patrick Stewart, Jonathan Frakes, Brent Spiner, LeVar Burton, Michael Dorn"
44865,"Tony Leung Chiu-Wai, Zhang Ziyi, Song Hye-kyo, Chang Chen, Zhao Benshan"
55787,"Robert Pattinson, Reese Witherspoon, Christoph Waltz, Tatum Etheridge, Hal Holbrook"
257932,"Carrie-Anne Moss, Lucas Grabeel, Blythe Auffarth, Charlie Schlatter, Simon Jaglom"
10400,"Denzel Washington, Vicellous Reon Shannon, Deborah Kara Unger, Liev Schreiber, John Hannah"
1957,"Jennifer Lopez, Billy Campbell, Juliette Lewis, Dan Futterman, Fred Ward"
10833,"Sigourney Weaver, Jennifer Love Hewitt, Gene Hackman, Ray Liotta, Jason Lee"
256961,"Kevin James, Raini Rodriguez, Eduardo Verástegui, Daniella Alonso, Neal McDonough"
5852,"Jennifer Lopez, Jim Caviezel, Jeremy Sisto, Terrence Howard, Sônia Braga"
12312,"Tim Allen, Julie Bowen, Kelly Lynch, Greg Germann, Jim Belushi"
622,"Johnny Depp, Frank Langella, Lena Olin, Emmanuelle Seigner, Barbara Jefford"
11306,"Hugh Grant, Gene Hackman, Sarah Jessica Parker, David Morse, Bill Nunn"
12508,"Mark Wahlberg, Jennifer Aniston, Jason Flemyng, Dominic West, Jason Bonham"
25793,"Gabourey Sidibe, Mo'Nique, Paula Patton, Mariah Carey, Lenny Kravitz"
10534,"Jeff Bridges, Caroline Goodall, John Savage, Scott Wolf, Jeremy Sisto"
1091,"Kurt Russell, Keith David, Wilford Brimley, Donald Moffat, Richard Dysart"
87421,"Vin Diesel, Karl Urban, Katee Sackhoff, Jordi Mollà, Bokeem Woodbine"
10871,"Dennis Quaid, Danny Glover, R. Lee Ermey, Claudia Stedelin, Brent Hinkley"
13503,"James Van Der Beek, Rachael Leigh Cook, Ashton Kutcher, Dylan McDermott, Usher Raymond"
13600,"Saoirse Ronan, Harry Treadaway, Mary Kay Place, Bill Murray, Martin Landau"
68722,"Joaquin Phoenix, Philip Seymour Hoffman, Amy Adams, Laura Dern, Jesse Plemons"
14324,"Ryan Cartwright, Hayden Christensen, Mischa Barton, Jay Villiers, Simone Spinazzè"
14325,"Rob Brown, Dennis Quaid, Darrin Henson, Charles S. Dutton, Aunjanue Ellis"
299687,"Chloë Grace Moretz, Nick Robinson, Alex Roe, Maika Monroe, Zackary Arthur"
312221,"Michael B. Jordan, Sylvester Stallone, Graham McTavish, Tessa Thompson, Phylicia Rashād"
23168,"Ben Affleck, Rebecca Hall, Jeremy Renner, Jon Hamm, Blake Lively"
76494,"Cameron Diaz, Jennifer Lopez, Elizabeth Banks, Anna Kendrick, Brooklyn Decker"
4944,"George Clooney, Frances McDormand, Brad Pitt, John Malkovich, Tilda Swinton"
10488,"Abigail Breslin, Jodie Foster, Gerard Butler, Michael Carman, Mark Brady"
96721,"Daniel Brühl, Chris Hemsworth, Olivia Wilde, Alexandra Maria Lara, Natalie Dormer"
334,"Julianne Moore, William H. Macy, John C. Reilly, Tom Cruise, Philip Baker Hall"
23742,"Bruce Willis, Tracy Morgan, Juan Carlos Hernández, Seann William Scott, Michelle Trachtenberg"
259694,"Dakota Johnson, Rebel Wilson, Alison Brie, Nicholas Braun, Damon Wayans Jr."
62837,"Morgan Freeman, Ashley Judd, Harry Connick Jr., Nathan Gamble, Kris Kristofferson"
8966,"Kristen Stewart, Robert Pattinson, Billy Burke, Taylor Lautner, Peter Facinelli"
8470,"Denzel Washington, Robert Duvall, Anne Heche, Kimberly Elise, Daniel E. Smith"
11001,"Martin Lawrence, Luke Wilson, Dave Chappelle, Peter Greene, Nicole Ari Parker"
138832,"Jason Sudeikis, Jennifer Aniston, Will Poulter, Emma Roberts, Ed Helms"
16911,"Vasily Stepanov, Pyotr Fyodorov, Юлия Снигирь, Fyodor Bondarchuk, Sergey Garmash"
2163,"Kurt Russell, J. T. Walsh, Kathleen Quinlan, M.C. Gainey, Jack Noseworthy"
36670,"Sean Connery, Kim Basinger, Klaus Maria Brandauer, Edward Fox, Barbara Carrera"
23048,"John Cusack, Lizzy Caplan, Rob Corddry, Craig Robinson, Clark Duke"
227735,"Morgan Freeman, Ashley Judd, Nathan Gamble, Cozi Zuehlsdorff, Harry Connick Jr."
2155,"Ben Affleck, Gary Sinise, Charlize Theron, Dennis Farina, Donal Logue"
8409,"Vin Diesel, Larenz Tate, Timothy Olyphant, Geno Silva, Jacqueline Obradors"
222936,"Bradley Cooper, Emma Stone, Rachel McAdams, Bill Murray, John Krasinski"
31908,"Alec Baldwin, James Woods, Virginia Madsen, Whoopi Goldberg, Craig T. Nelson"
10219,"Ethan Hawke, Youki Kudoh, Reeve Carney, Anne Suzuki, Rick Yune"
48171,"Anthony Hopkins, Colin O'Donoghue, Alice Braga, Toby Jones, Ciarán Hinds"
782,"Ethan Hawke, Jude Law, Gore Vidal, Uma Thurman, Alan Arkin"
75531,"Bette Midler, Nathan Lane, Stockard Channing, David Hyde Pierce, John Cleese"
11802,"Andy Samberg, Cheryl Hines, Jeff Daniels, Patrick Warburton, Kristin Chenoweth"
9776,"Chris Rock, Bernie Mac, Dylan Baker, Nick Searcy, Lynn Whitfield"
18785,"Bradley Cooper, Ed Helms, Zach Galifianakis, Justin Bartha, Heather Graham"
365222,"Donnie Yen, Lynn Hung, Zhang Jin, Patrick Tam, Karena Ng"
817,"Mike Myers, Heather Graham, Michael York, Robert Wagner, Rob Lowe"
268,"Jack Nicholson, Michael Keaton, Kim Basinger, Michael Gough, Pat Hingle"
45054,"Charlie Cox, Dougray Scott, Wes Bentley, Rodrigo Santoro, Jordi Mollà"
943,"Mel Gibson, Danny Glover, Joe Pesci, Rene Russo, Stuart Wilson"
22881,"Sandra Bullock, Quinton Aaron, Kathy Bates, Tim McGraw, Jae Head"
10054,"Alexa PenaVega, Daryl Sabara, Antonio Banderas, Carla Gugino, Alan Cumming"
51540,"Jennifer Aniston, Jason Bateman, Charlie Day, Jason Sudeikis, Colin Farrell"
44264,"Jeff Bridges, Matt Damon, Josh Brolin, Barry Pepper, Hailee Steinfeld"
350,"Meryl Streep, Anne Hathaway, Emily Blunt, Stanley Tucci, Simon Baker"
152,"William Shatner, Leonard Nimoy, DeForest Kelley, James Doohan, George Takei"
109431,"Jason Bateman, Melissa McCarthy, Jon Favreau, Amanda Peet, T.I."
1598,"Robert De Niro, Nick Nolte, Jessica Lange, Juliette Lewis, Joe Don Baker"
8065,"Jim Sturgess, Kevin Spacey, Kate Bosworth, Aaron Yoo, Liza Lapira"
271718,"Amy Schumer, Bill Hader, Brie Larson, Colin Quinn, Vanessa Bayer"
11638,"Bernie Mac, Ashton Kutcher, Zoe Saldana, Judith Scott, Hal Williams"
409,"Ralph Fiennes, Juliette Binoche, Willem Dafoe, Kristin Scott Thomas, Naveen Andrews"
2118,"Kevin Spacey, Guy Pearce, Danny DeVito, James Cromwell, Kim Basinger"
11459,"Michael Angarano, Kurt Russell, Kelly Preston, Danielle Panabaker, Kevin Heffernan"
10806,"Kevin Kline, Joan Cusack, Tom Selleck, Matt Dillon, Debbie Reynolds"
9348,"Natasha Henstridge, Ben Kingsley, Michael Madsen, Alfred Molina, Forest Whitaker"
377,"John Saxon, Ronee Blakley, Heather Langenkamp, Amanda Wyss, Jsu Garcia"
8843,"Jennifer Lopez, Vincent D'Onofrio, Vince Vaughn, Marianne Jean-Baptiste, Catherine Sutherland"
9313,"Leonardo DiCaprio, Jeremy Irons, Gérard Depardieu, Gabriel Byrne, John Malkovich"
39486,"Diane Lane, John Malkovich, Scott Glenn, Dylan Walsh, Fred Dalton Thompson"
1273,"Chris Evans, Sarah Michelle Gellar, Mako, Kevin Smith, Patrick Stewart"
13920,"Cuba Gooding Jr., Ed Harris, Alfre Woodard, S. Epatha Merkerson, Debra Winger"
50544,"Justin Timberlake, Mila Kunis, Patricia Clarkson, Woody Harrelson, Nolan Gould"
325133,"Seth Rogen, Rose Byrne, Zac Efron, Chloë Grace Moretz, Kiersey Clemons"
140823,"Emma Thompson, Tom Hanks, Paul Giamatti, Colin Farrell, Ruth Wilson"
1883,"Denzel Washington, Angela Bassett, Albert Hall, Al Freeman, Jr., Delroy Lindo"
89492,"Paul Rudd, Leslie Mann, Jason Segel, Maude Apatow, Megan Fox"
22949,"Robin Williams, John Travolta, Seth Green, Justin Long, Matt Dillon"
12437,"Bill Nighy, Michael Sheen, Rhona Mitra, Shane Brolly, Steven Mackintosh"
2959,"Robin Williams, Mandy Moore, John Krasinski, Eric Christian Olsen, Christine Taylor"
9957,"Jon Heder, Rob Schneider, David Spade, Jon Lovitz, Tim Meadows"
11648,"Diane Lane, John Cusack, Elizabeth Perkins, Christopher Plummer, Dermot Mulroney"
9366,"Johnny Depp, Al Pacino, Michael Madsen, Bruno Kirby, James Russo"
1576,"Milla Jovovich, Michelle Rodriguez, Eric Mabius, Ryan McCluskey, Oscar Pearce"
609,"Craig T. Nelson, JoBeth Williams, Beatrice Straight, Heather O'Rourke, Dominique Dunne"
5516,"Tom Hanks, Irma P. Hall, Marlon Wayans, J.K. Simmons, Tzi Ma"
13051,"Mark Wahlberg, Mila Kunis, Beau Bridges, Ludacris, Chris O'Donnell"
49530,"Justin Timberlake, Amanda Seyfried, Cillian Murphy, Olivia Wilde, Alex Pettyfer"
34806,"Jennifer Lopez, Alex O'Loughlin, Danneel Ackles, Eric Christian Olsen, Anthony Anderson"
49022,"Kate Hudson, Ginnifer Goodwin, John Krasinski, Colin Egglesfield, Ashley Williams"
11469,"Martin Lawrence, Marsha Thomason, Tom Wilkinson, Vincent Regan, Daryl Mitchell"
23479,"Walter Matthau, Tatum O'Neal, Ben Piazza, Vic Morrow, Erin Blunt"
11667,"Jean-Claude Van Damme, Raúl Juliá, Ming-Na Wen, Damian Chapa, Kylie Minogue"
423,"Adrien Brody, Thomas Kretschmann, Frank Finlay, Maureen Lipman, Emilia Fox"
2447,"Keisha Castle-Hughes, Oscar Isaac, Hiam Abbass, Shaun Toub, Ciarán Hinds"
10066,"Elisha Cuthbert, Paris Hilton, Brian Van Holt, Jared Padalecki, Chad Michael Murray"
2288,"Julia Roberts, Jude Law, Natalie Portman, Clive Owen, Colin Stinton"
88794,"Leonardo DiCaprio, Josh Hamilton, Geoff Pierson, Armie Hammer, Naomi Watts"
13515,"Kiefer Sutherland, Paula Patton, Amy Smart, Cameron Boyce, Erica Gluck"
11979,"Stuart Townsend, Aaliyah, Marguerite Moreau, Vincent Pérez, Paul McGann"
169,"Kevin Peter Hall, Danny Glover, Gary Busey, Rubén Blades, María Conchita Alonso"
8090,"Diane Lane, Billy Burke, Colin Hanks, Joseph Cross, Mary Beth Hurt"
11622,"Brendan Fraser, Alicia Silverstone, Christopher Walken, Sissy Spacek, Nathan Fillion"
3604,"Sam J. Jones, Melody Anderson, Max von Sydow, Chaim Topol, Ornella Muti"
9541,"Ben Affleck, Raquel Castro, Liv Tyler, Jennifer Lopez, George Carlin"
94348,"Tyler Perry, Rachel Nichols, Jean Reno, Matthew Fox, Giancarlo Esposito"
8197,"John Cusack, Kevin Spacey, Jude Law, Alison Eastwood, Jack Thompson"
336004,"Jeffrey Dean Morgan, Robert De Niro, Kate Bosworth, Dave Bautista, Gina Carano"
35019,"Emma Thompson, Asa Butterfield, Ralph Fiennes, Maggie Gyllenhaal, Maggie Smith"
10410,"Jack Nicholson, Danny DeVito, Armand Assante, J. T. Walsh, John C. Reilly"
8836,"David Duchovny, Gillian Anderson, Amanda Peet, Billy Connolly, Xzibit"
14442,"Anne Hathaway, Hugh Dancy, Cary Elwes, Vivica A. Fox, Joanna Lumley"
321741,"Will Smith, Alec Baldwin, Albert Brooks, Gugu Mbatha-Raw, David Morse"
59965,"Taylor Lautner, Lily Collins, Alfred Molina, Jason Isaacs, Maria Bello"
14175,"Ewan McGregor, Ricky Gervais, Tim Curry, Jim Broadbent, Hugh Laurie"
11004,"Michael Douglas, Tobey Maguire, Frances McDormand, Katie Holmes, Rip Torn"
11918,"Drake Bell, Sara Paxton, Leslie Nielsen, Christopher McDonald, Jeffrey Tambor"
98357,"Mark Wahlberg, Russell Crowe, Catherine Zeta-Jones, Jeffrey Wright, Barry Pepper"
10012,"Portia de Rossi, Christina Ricci, Jesse Eisenberg, Milo Ventimiglia, Judy Greer"
49526,"Joseph Gordon-Levitt, Michael Shannon, Dania Ramirez, Jamie Chung, Wolé Parks"
268920,"Reese Witherspoon, Sofía Vergara, Michael Mosley, John Carroll Lynch, Richard T. Jones"
9093,"Heath Ledger, Wes Bentley, Kate Hudson, Djimon Hounsou, Michael Sheen"
119283,"Jason Statham, Jennifer Lopez, Nick Nolte, Michael Chiklis, Clifton Collins Jr"
11823,"Kirsten Dunst, Paul Bettany, Sam Neill, James McAvoy, Bernard Hill"
35169,"Brendan Fraser, Ken Jeong, Brooke Shields, Angela Kinsey, Rob Riggle"
118957,"Sharni Vinson, Phoebe Tonkin, Julian McMahon, Xavier Samuel, Cariba Heine"
849,"Ken Marshall, Lysette Anthony, Francesca Annis, Alun Armstrong, David Battley"
4515,"Robert Redford, Meryl Streep, Tom Cruise, Michael Peña, Andrew Garfield"
18886,"Danny Glover, Willem Dafoe, Brad Johnson, Rosanna Arquette, Tom Sizemore"
6575,"John C. Reilly, Jenna Fischer, Tim Meadows, Kristen Wiig, Raymond J. Barry"
6440,"Kevin Spacey, Julianne Moore, Cate Blanchett, Judi Dench, Pete Postlethwaite"
13496,"Colin Farrell, Scott Caan, Ali Larter, Gabriel Macht, Gregory Smith"
18320,"Emily Blunt, Jim Broadbent, Mark Strong, Paul Bettany, Miranda Richardson"
22787,"Kate Beckinsale, Gabriel Macht, Tom Skerritt, Columbus Short, Shawn Doyle"
8967,"Brad Pitt, Sean Penn, Jessica Chastain, Hunter McCracken, Finnegan Williams"
37498,"Jean-Claude Van Damme, Lela Rochon, Paul Sorvino, Rob Schneider, Mark Houghton"
144336,"Arnold Schwarzenegger, Sam Worthington, Mireille Enos, Joe Manganiello, Harold Perrineau"
9616,"Heath Ledger, Shannyn Sossamon, Benno Fürmann, Mark Addy, Peter Weller"
13056,"Ray Stevenson, Dominic West, Julie Benz, Colin Salmon, Doug Hutchison"
14113,"Tim Allen, Courteney Cox, Chevy Chase, Spencer Breslin, Kevin Zegers"
285783,"Joseph Gordon-Levitt, Ben Kingsley, Charlotte Le Bon, Ben Schwartz, James Badge Dale"
49478,"Angus Macfadyen, Mario Yedidia, Marley Shelton, Chao Li Chi"
9726,"Russell Crowe, Marion Cotillard, Albert Finney, Tom Hollander, Abbie Cornish"
20763,"Elijah Wood, Lorraine Bracco, Adam Baldwin, John Heard, Joseph Mazzello"
9702,"Damian Chapa, Jesse Borrego, Benjamin Bratt, Enrique Castillo, Victor Rivers"
9311,"Julia Ormond, Gabriel Byrne, Richard Harris, Jim Broadbent, Tom Wilkinson"
9280,"Rebecca Romijn, Antonio Banderas, Peter Coyote, Rie Rasmussen, Gregg Henry"
26843,"Anthony Quinn, Rod Steiger, Oliver Reed, Irene Papas, Raf Vallone"
11876,"Juliette Binoche, Olivier Martinez, Pierre Arditi, François Cluzet, Gérard Depardieu"
22267,"Tobey Maguire, Skeet Ulrich, Jeffrey Wright, Jewel, Jonathan Rhys Meyers"
45958,"Javier Bardem, Maricel Álvarez, Hanaa Bouchaib, Guillermo Estrella, Eduard Fernández"
1969,"Penélope Cruz, Salma Hayek, Dwight Yoakam, Steve Zahn, Denis Arndt"
310706,"Laurence Fishburne, Karl Urban, Brittany Snow, Aisha Tyler, Beverly D'Angelo"
198663,"Dylan O'Brien, Ki Hong Lee, Kaya Scodelario, Aml Ameen, Blake Cooper"
239573,"Vince Vaughn, Dave Franco, James Marsden, June Diane Raphael, Sienna Miller"
10436,"Daniel Day-Lewis, Michelle Pfeiffer, Winona Ryder, Alexis Smith, Geraldine Chaplin"
1381,"Hugh Jackman, Rachel Weisz, Ellen Burstyn, Mark Margolis, Stephen McHattie"
2162,"Cuba Gooding Jr., Skeet Ulrich, Peter Firth, David Paymer, Daniel Hugh Kelly"
127493,"Nicolas Cage, Malin Åkerman, Josh Lucas, Sami Gayle, Danny Huston"
12429,"Yuria Nara, Hiroki Doi, George Tokoro, Tomoko Yamaguchi, Yuki Amami"
228205,"Scott Eastwood, Britt Robertson, Lolita Davidovich, Melissa Benoist, Jack Huston"
2900,"Johnny Depp, Charlize Theron, Joe Morton, Clea DuVall, Nick Cassavetes"
21311,"Kim Basinger, Vincent Pérez, Liam Aiken, Daniel Craig, Eva Marie Saint"
77875,"Gerard Butler, Jessica Biel, Uma Thurman, Catherine Zeta-Jones, Iqbal Theba"
192136,"Idris Elba, Naomie Harris, Tony Kgoroge, Riaad Moosa, Fana Mokoena"
18254,"Warren Beatty, Diane Keaton, Edward Herrmann, Jack Nicholson, Jerzy Kosinski"
881,"Tom Cruise, Jack Nicholson, Demi Moore, Kevin Bacon, Kevin Pollak"
10877,"Steven Seagal, DMX, Isaiah Washington, Anthony Anderson, Bill Duke"
9600,"Martin Lawrence, Nia Long, Paul Giamatti, Jascha Washington, Terrence Howard"
202575,"Brianne Siddall, Joey Camen, Elisa Gabrielli, Robin Atkin Downes, Shanelle Workman"
71469,"Emile Hirsch, Rachael Taylor, Olivia Thirlby, Joel Kinnaman, Max Minghella"
85446,"Kathryn McCormick, Ryan Guzman, Stephen Boss, Megan Boone, Jessica Guadix"
326,"Samuel L. Jackson, Julianna Margulies, Kenan Thompson, Nathan Phillips, Rachel Blanchard"
10685,"James Spader, Keanu Reeves, Marisa Tomei, Ernie Hudson, Chris Ellis"
7220,"Thomas Jane, John Travolta, Will Patton, Roy Scheider, Laura Harring"
9763,"Kuno Becker, Alessandro Nivola, Anna Friel, Stephen Dillane, Gary Lewis"
72387,"Jason Statham, Chris Sarandon, James Hong, Catherine Chan, Robert John Burke"
12596,"John Cusack, Billy Bob Thornton, Cate Blanchett, Angelina Jolie, Gene Dinovi"
1892,"Mark Hamill, Harrison Ford, Carrie Fisher, Billy Dee Williams, Anthony Daniels"
13460,"Rhona Mitra, Bob Hoskins, Malcolm McDowell, Alexander Siddig, David O'Hara"
8055,"Kate Winslet, Ralph Fiennes, David Kross, Jeanette Hain, Bruno Ganz"
50647,"Paul Rudd, Jennifer Aniston, Justin Theroux, Malin Åkerman, Lauren Ambrose"
10719,"Will Ferrell, James Caan, Zooey Deschanel, Mary Steenburgen, Daniel Tay"
9294,"John Travolta, Kyra Sedgwick, Forest Whitaker, Robert Duvall, Jeffrey DeMunn"
11888,"Jim Belushi, Cuba Gooding Jr., James Coburn, M. Emmet Walsh, Sisqó"
9647,"Bill Murray, Karen Allen, John Forsythe, Bobcat Goldthwait, Carol Kane"
9353,"Jack Black, Ana de la Reguera, Héctor Jiménez, Darius Rose, Moisés Arias"
55721,"Kristen Wiig, Rose Byrne, Maya Rudolph, Wendi McLendon-Covey, Ellie Kemper"
109414,"James Franco, Jonah Hill, Seth Rogen, Jay Baruchel, Danny McBride"
10307,"Patricia Arquette, Gabriel Byrne, Jonathan Pryce, Nia Long, Thomas Kopache"
11978,"Robert De Niro, Cuba Gooding Jr., Charlize Theron, Aunjanue Ellis, Hal Holbrook"
22907,"Chris Brown, Hayden Christensen, Matt Dillon, Michael Ealy, Idris Elba"
87567,"Robert De Niro, Diane Keaton, Katherine Heigl, Amanda Seyfried, Topher Grace"
38322,"Martin Lawrence, Brandon T. Jackson, Portia Doubleday, Mari Morrow, Faizon Love"
45612,"Jake Gyllenhaal, Michelle Monaghan, Vera Farmiga, Russell Peters, Michael Arden"
7305,"Ethan Hawke, Vincent Spano, Josh Hamilton, Bruce Ramsay, John Newton"
3594,"Jim Carrey, Virginia Madsen, Logan Lerman, Danny Huston, Lynn Collins"
157841,"Kyle Catlett, Helena Bonham Carter, Judy Davis, Callum Keith Rennie, Niamh Wilson"
11519,"Dan Aykroyd, Ned Beatty, John Belushi, Lorraine Gary, Murray Hamilton"
12920,"Kurt Russell, Dakota Fanning, Kris Kristofferson, Elisabeth Shue, David Morse"
59,"Viggo Mortensen, Maria Bello, Heidi Hayes, Ashton Holmes, William Hurt"
9335,"Jason Statham, Amber Valletta, Kate Nauta, Alessandro Gassman, François Berléand"
12106,"Sharon Stone, Gene Hackman, Russell Crowe, Leonardo DiCaprio, Tobin Bell"
11141,"Pierce Brosnan, Julianne Moore, Michael Sheen, Parker Posey, Frances Fisher"
8649,"Nicolas Cage, Patricia Arquette, John Goodman, Ving Rhames, Tom Sizemore"
31867,"Jude Law, Forest Whitaker, Alice Braga, Liev Schreiber, Carice van Houten"
10253,"Jason Behr, Robert Forster, Aimee Garcia, Chris Mulkey, Elizabeth Peña"
3587,"Whoopi Goldberg, Gérard Depardieu, Haley Joel Osment, Ute Lemper, Andrea Martin"
124459,"Steve Carell, Jim Carrey, Steve Buscemi, Olivia Wilde, James Gandolfini"
24662,"Scott Bakula, Jasmine Guy, Natalie Cole, Ashley Peldon, Lindsay Ridgeway"
32274,"Hank Azaria, Rubén Blades, Joan Cusack, John Cusack, Bill Murray"
182,"George Clooney, Cate Blanchett, Tobey Maguire, Tony Curran, Leland Orser"
5494,"James Purefoy, Piper Perabo, Patrick Swayze, Michael Clarke Duncan, Bill Treacher"
28,"Martin Sheen, Marlon Brando, Robert Duvall, Frederic Forrest, Sam Bottoms"
38073,"Drew Barrymore, Justin Long, Charlie Day, Jason Sudeikis, Christina Applegate"
2054,"Richard Dreyfuss, Glenne Headly, Jay Thomas, Olympia Dukakis, William H. Macy"
302156,"Kevin Costner, Gary Oldman, Tommy Lee Jones, Ryan Reynolds, Jordi Mollà"
606,"Meryl Streep, Robert Redford, Klaus Maria Brandauer, Michael Kitchen, Malick Bowens"
87502,"Denzel Washington, Don Cheadle, Bruce Greenwood, Kelly Reilly, John Goodman"
698,"Roger Moore, Lois Chiles, Michael Lonsdale, Corinne Cléry, Richard Kiel"
120467,"Ralph Fiennes, Tony Revolori, F. Murray Abraham, Mathieu Amalric, Adrien Brody"
11313,"Anthony Hopkins, Anton Yelchin, Hope Davis, Mika Boorem, David Morse"
6488,"Jeff Daniels, Harley Jane Kozak, Garette Ratliff Henson, Marlene Katz, Julian Sands"
10559,"Dennis Quaid, Jim Caviezel, Andre Braugher, Elizabeth Mitchell, Noah Emmerich"
296099,"Ed Helms, Christina Applegate, Skyler Gisondo, Steele Stebbins, Chris Hemsworth"
8012,"John Travolta, Gene Hackman, Rene Russo, Danny DeVito, Dennis Farina"
1574,"Catherine Zeta-Jones, Renée Zellweger, Queen Latifah, Richard Gere, Christine Baranski"
9032,"Adam Sandler, Joey Lauren Adams, Kristy Swanson, Cole Sprouse, Jon Stewart"
2770,"Jason Biggs, Thomas Ian Nicholas, Chris Klein, Seann William Scott, Eddie Kaye Thomas"
862,"Tom Hanks, Tim Allen, Don Rickles, Jim Varney, Wallace Shawn"
1637,"Keanu Reeves, Dennis Hopper, Sandra Bullock, Joe Morton, Jeff Daniels"
72570,"Rachel McAdams, Channing Tatum, Sam Neill, Scott Speedman, Jessica Lange"
27569,"Harrison Ford, Brendan Fraser, Keri Russell, Courtney B. Vance, Meredith Droeger"
10637,"Denzel Washington, Will Patton, Ryan Hurst, Wood Harris, Hayden Panettiere"
1669,"Alec Baldwin, Sean Connery, Scott Glenn, Sam Neill, James Earl Jones"
132363,"Forest Whitaker, David Banner, Michael Rainey Jr., LaJessie Smith, Mariah Carey"
9472,"Vince Vaughn, Christine Taylor, Ben Stiller, Rip Torn, Justin Long"
2907,"Raúl Juliá, Anjelica Huston, Christopher Lloyd, Christina Ricci, Carel Struycken"
9273,"Jim Carrey, Ian McNeice, Simon Callow, Maynard Eziashi, Bob Gunton"
9880,"Anne Hathaway, Julie Andrews, Heather Matarazzo, Robert Schwartzman, Héctor Elizondo"
2925,"Goldie Hawn, Bette Midler, Diane Keaton, Maggie Smith, Dan Hedaya"
807,"Brad Pitt, Morgan Freeman, Gwyneth Paltrow, John C. McGinley, Kevin Spacey"
17654,"Sharlto Copley, Jason Cope, Nathalie Boltt, Sylvaine Strike, Elizabeth Mkandawie"
11836,"Tom Kenny, Clancy Brown, Rodger Bumpass, Bill Fagerbakke, Carolyn Lawrence"
322,"Sean Penn, Tim Robbins, Kevin Bacon, Laurence Fishburne, Marcia Gay Harden"
70,"Clint Eastwood, Hilary Swank, Morgan Freeman, Jay Baruchel, Mike Colter"
9535,"Robert De Niro, Billy Crystal, Lisa Kudrow, Chazz Palminteri, Joe Viterelli"
11036,"Rachel McAdams, Ryan Gosling, Gena Rowlands, James Garner, Sam Shepard"
6557,"Katherine Heigl, James Marsden, Malin Åkerman, Judy Greer, Edward Burns"
18126,"Miley Cyrus, Billy Ray Cyrus, Emily Osment, Jason Earles, Taylor Swift"
16340,"E.G. Daily, Susan Sarandon, John Lithgow, Tara Strong, Cheryl Chase"
10333,"Nick Nolte, Barbra Streisand, Blythe Danner, Kate Nelligan, Jeroen Krabbé"
4476,"Brad Pitt, Anthony Hopkins, Aidan Quinn, Julia Ormond, Henry Thomas"
22947,"George Clooney, Vera Farmiga, Anna Kendrick, Jason Bateman, Melanie Lynskey"
2755,"Jack Nicholson, Kathy Bates, Hope Davis, Dermot Mulroney, June Squibb"
82654,"Nicholas Hoult, Teresa Palmer, Analeigh Tipton, Rob Corddry, Dave Franco"
59967,"Joseph Gordon-Levitt, Bruce Willis, Emily Blunt, Paul Dano, Noah Segan"
16300,"Chris Rock, Regina King, Chazz Palminteri, Eugene Levy, Frankie Faison"
9598,"Christine Cavanaugh, Miriam Margolyes, Danny Mann, Hugo Weaving, Miriam Flynn"
82696,"Meryl Streep, Steve Carell, Tommy Lee Jones, Jean Smart, Marin Ireland"
9870,"Jason Segel, Kristen Bell, Mila Kunis, Russell Brand, Bill Hader"
8292,"Mark Wahlberg, Tyrese Gibson, André Benjamin, Garrett Hedlund, Terrence Howard"
8780,"Tina Fey, Amy Poehler, Dax Shepard, Sigourney Weaver, Greg Kinnear"
9715,"Sandra Bullock, Harry Connick Jr., Gena Rowlands, Mae Whitman, Michael Paré"
10521,"Anne Hathaway, Kate Hudson, Bryan Greenberg, Chris Pratt, Steve Howey"
10762,"Seth Green, Matthew Lillard, Dax Shepard, Antony Starr, Andrew Hampton"
10096,"Jennifer Garner, Mark Ruffalo, Judy Greer, Andy Serkis, Kathy Baker"
59436,"Owen Wilson, Rachel McAdams, Kurt Fuller, Mimi Kennedy, Michael Sheen"
227783,"Will Arnett, Katherine Heigl, Brendan Fraser, Liam Neeson, Stephen Lang"
4133,"Johnny Depp, Penélope Cruz, Ethan Suplee, Ray Liotta, Franka Potente"
10207,"Kevin Costner, Robin Wright, Paul Newman, John Savage, Illeana Douglas"
172,"William Shatner, Leonard Nimoy, DeForest Kelley, James Doohan, George Takei"
21972,"Shad Moss, Morris Chestnut, Jonathan Lipnicki, Brenda Song, Jesse Plemons"
36593,"Leslie Nielsen, Priscilla Presley, George Kennedy, O.J. Simpson, Fred Ward"
707,"Roger Moore, Christopher Walken, Tanya Roberts, Grace Jones, Patrick Macnee"
533,"Peter Sallis, Helena Bonham Carter, Ralph Fiennes, Nicholas Smith, Liz Smith"
6023,"Hilary Swank, Gerard Butler, Lisa Kudrow, Harry Connick Jr., Gina Gershon"
6439,"Frankie Muniz, Mandy Moore, Hayden Panettiere, Bruce Greenwood, Wendie Malick"
4347,"Keira Knightley, James McAvoy, Romola Garai, Saoirse Ronan, Brenda Blethyn"
37056,"Amanda Seyfried, Christopher Egan, Gael García Bernal, Vanessa Redgrave, Franco Nero"
4105,"Michael Douglas, Andy García, Kate Capshaw, Shigeru Kôyama, John Spencer"
76489,"Sean Hayes, Will Sasso, Chris Diamantopoulos, Jane Lynch, Sofía Vergara"
3933,"Johnny Depp, Helena Bonham Carter, Emily Watson, Tracey Ullman, Paul Whitehouse"
9918,"Josh Lucas, Derek Luke, Jon Voight, Austin Nichols, Evan Jones"
273481,"Emily Blunt, Benicio del Toro, Josh Brolin, Victor Garber, Jon Bernthal"
307081,"Jake Gyllenhaal, Rachel McAdams, Forest Whitaker, Oona Laurence, 50 Cent"
16871,"Alison Lohman, Justin Long, Lorna Raver, Dileep Rao, David Paymer"
293863,"Blake Lively, Michiel Huisman, Harrison Ford, Ellen Burstyn, Kathy Baker"
13156,"Michael Caine, Robert Duvall, Haley Joel Osment, Josh Lucas, Kyra Sedgwick"
41233,"Rick Malambri, Adam G. Sevani, Joe Slaughter, Sharni Vinson, Alyson Stoner"
9266,"Kate Bosworth, Matthew Davis, Michelle Rodriguez, Sanoe Lake, Mika Boorem"
1262,"Will Ferrell, Maggie Gyllenhaal, Dustin Hoffman, Emma Thompson, Queen Latifah"
4513,"Josh Hartnett, Melissa George, Ben Foster, Danny Huston, Mark Boone Junior"
22970,"Kristen Connolly, Chris Hemsworth, Anna Hutchison, Fran Kranz, Jesse Williams"
7278,"Sean Maguire, Carmen Electra, Ken Davitian, Kevin Sorbo, Diedrich Bader"
9013,"Robert De Niro, Charles Grodin, Yaphet Kotto, John Ashton, Dennis Farina"
865,"Arnold Schwarzenegger, Richard Dawson, María Conchita Alonso, Yaphet Kotto, Jim Brown"
10776,"Rick Moranis, Ellen Greene, Vincent Gardenia, Steve Martin, Tisha Campbell-Martin"
50456,"Saoirse Ronan, Eric Bana, Vicky Krieps, Cate Blanchett, Tom Hollander"
9823,"Robin Shou, Talisa Soto, James Remar, Sandra Hess, Lynn 'Red' Williams"
59861,"Tom Hanks, Julia Roberts, Bryan Cranston, Cedric the Entertainer, Pam Grier"
133805,"Chloë Grace Moretz, Julianne Moore, Judy Greer, Alex Russell, Portia Doubleday"
12763,"Antonio Banderas, Rob Brown, Yaya DaCosta, Alfre Woodard, John Ortiz"
9766,"Dwayne Johnson, Xzibit, L. Scott Caldwell, Leon Rippy, Kevin Dunn"
14034,"Martin Lawrence, Danny DeVito, John Leguizamo, Glenne Headly, Carmen Ejogo"
12244,"Christopher Plummer, Martin Landau, John C. Reilly, Crispin Glover, Jennifer Connelly"
109421,"Jude Law, Rooney Mara, Catherine Zeta-Jones, Channing Tatum, Vinessa Shaw"
11137,"Julia Stiles, Luke Mably, Ben Miller, Miranda Richardson, James Fox"
51162,"Jim Cummings, Travis Oates, Bud Luckey, Craig Ferguson, Tom Kenny"
10152,"Mimi Rogers, Eric Christian Olsen, Luis Guzmán, Rachel Nichols, Eugene Levy"
9452,"Warren Beatty, Halle Berry, Sean Astin, Christine Baranski, Adilah Barnes"
239566,"Chadwick Boseman, Nelsan Ellis, Dan Aykroyd, Viola Davis, Lennie James"
53113,"Meryl Streep, Renée Zellweger, William Hurt, Tom Everett Scott, Lauren Graham"
9271,"Denzel Washington, Russell Crowe, Kelly Lynch, William Forsythe, Stephen Spinella"
4474,"Uma Thurman, Luke Wilson, Anna Faris, Eddie Izzard, Rainn Wilson"
184346,"Eric Bana, Edgar Ramírez, Olivia Munn, Joel McHale, Sean Harris"
48340,"Ioan Gruffudd, Richard Roxburgh, Alice Parkinson, Daniel Wyllie, Allison Cratchley"
14846,"Brittany Murphy, Holly Hunter, Kathy Bates, Ron Livingston, Kevin Sussman"
72207,"Jason Segel, Emily Blunt, Chris Pratt, Alison Brie, Rhys Ifans"
16232,"Bernie Mac, Angela Bassett, Michael Rispoli, Brian J. White, Dondre Whitfield"
43539,"Russell Crowe, Elizabeth Banks, Brian Dennehy, RZA, Moran Atias"
9920,"Milla Jovovich, Cameron Bright, Nick Chinlund, Sebastien Andrieu, Ida Martin"
8978,"Ethan Hawke, Laurence Fishburne, Gabriel Byrne, Maria Bello, Drea de Matteo"
11702,"Chow Yun-fat, Mira Sorvino, Michael Rooker, Kenneth Tsang, Jürgen Prochnow"
18550,"Laurence Fishburne, Stephen Baldwin, Salma Hayek, Will Patton, Robert John Burke"
8869,"David Arquette, Kari Wuhrer, Scott Terra, Scarlett Johansson, Doug E. Doug"
43347,"Jake Gyllenhaal, Anne Hathaway, Oliver Platt, Hank Azaria, Gabriel Macht"
3489,"Al Pacino, Alicia Witt, Leelee Sobieski, Amy Brenneman, William Forsythe"
9701,"Charlize Theron, Elle Peterson, Thomas Curtis, Frances McDormand, Sean Bean"
2122,"Bruce Willis, Matthew Perry, Amanda Peet, Kevin Pollak, Frank Collison"
37707,"Adrien Brody, Sarah Polley, Delphine Chanéac, David Hewlett, Abigail Chu"
10658,"Lea Thompson, Jeffrey Jones, Tim Robbins, Ed Gale, Holly Robinson Peete"
13150,"Edward Norton, Jon Voight, Colin Farrell, Noah Emmerich, Jennifer Ehle"
9042,"Cole Hauser, Eddie Cibrian, Morris Chestnut, Lena Headey, Piper Perabo"
17813,"Luke Wilson, Kate Hudson, Sophie Marceau, David Paymer, Paul Wilson"
11208,"Josh Hartnett, Rose Byrne, Matthew Lillard, Diane Kruger, Christopher Cousins"
58151,"Anton Yelchin, Colin Farrell, Toni Collette, Christopher Mintz-Plasse, David Tennant"
11400,"Colin Farrell, Q'orianka Kilcher, Christopher Plummer, Christian Bale, August Schellenberg"
10350,"Freddie Prinze Jr., Saffron Burrows, Matthew Lillard, Tchéky Karyo, Jürgen Prochnow"
28902,"Annette Bening, Aidan Quinn, Stephen Rea, Robert Downey Jr., Paul Guilfoyle"
14164,"Chow Yun-fat, Justin Chatwin, Joon Park, Jamie Chung, Emmy Rossum"
76640,"Arnold Schwarzenegger, Forest Whitaker, Rodrigo Santoro, Johnny Knoxville, Jaimie Alexander"
11058,"Greg Kinnear, Rebecca Romijn, Robert De Niro, Cameron Bright, Zoie Palmer"
14844,"Mandy Moore, Stark Sands, Tony Jayawardena, Jeremy Piven, Annabella Sciorra"
57089,"Hayden Panettiere, Bill Hader, Joan Cusack, Patrick Warburton, Glenn Close"
1947,"Robert Redford, Jennifer Lopez, Morgan Freeman, Becca Gardner, Josh Lucas"
8054,"Christopher Plummer, Heath Ledger, Johnny Depp, Jude Law, Colin Farrell"
46829,"Paul Giamatti, Dustin Hoffman, Rosamund Pike, Minnie Driver, Rachelle Lefevre"
146238,"Ben Affleck, Gemma Arterton, Justin Timberlake, Anthony Mackie, David Costabile"
9989,"Ryan Phillippe, Rachael Leigh Cook, Tim Robbins, Claire Forlani, Richard Roundtree"
9665,"Matthew Broderick, Denzel Washington, Cary Elwes, Morgan Freeman, Jihmi Kennedy"
311,"Robert De Niro, James Woods, Elizabeth McGovern, Joe Pesci, Burt Young"
102362,"Colin Farrell, Noomi Rapace, Terrence Howard, Dominic Cooper, Isabelle Huppert"
11162,"Al Pacino, Jeremy Irons, Joseph Fiennes, Lynn Collins, Zuleikha Robinson"
6016,"Nick Nolte, Tchéky Karyo, Nutsa Kukhianidze, Marc Lavoine, Saïd Taghmaoui"
17186,"Steve Howey, Mike Vogel, Cameron Richardson, Sophia Bush, Channing Tatum"
13967,"Ewan McGregor, Renée Zellweger, Emily Watson, Barbara Flynn, Bill Paterson"
2008,"Cecilia Cheung, Liu Ye, Hong Chen, Cheng Qian, Jang Dong-gun"
9053,"Jaime Pressly, Devon Aoki, Holly Valance, Sarah Carter, Natassia Malthe"
4512,"Brad Pitt, Casey Affleck, Sam Shepard, Mary-Louise Parker, Paul Schneider"
76349,"Jackie Chan, Li Bingbing, Joan Chen, Jaycee Chan, Sun Chun"
31203,"Maxime Godart, Valérie Lemercier, Kad Merad, Sandrine Kiberlain, François-Xavier Demaison"
265208,"Jason Statham, Michael Angarano, Milo Ventimiglia, Dominik García-Lorido, Anne Heche"
45610,"Gerard Butler, Michelle Monaghan, Kathy Baker, Richard Goteri, Peter Carey"
50135,"Christoph Maria Herbst, Ralf Schmitz, Thomas Fritsch, Bastian Pastewka, Oliver Kalkofe"
1874,"Joseph Fiennes, Dennis Haysbert, Diane Kruger, Shiloh Henderson, Patrick Lyster"
271331,"Tim Roth, Sam Neill, Thomas Kretschmann, Gérard Depardieu, Jemima West"
215211,"Nicole Kidman, Milo Ventimiglia, Paz Vega, Tim Roth, Parker Posey"
367961,"Maksim Chukharyov, Konstantin Khabenskiy, Mikhail Galustyan, Fyodor Bondarchuk, Natalya Ionova"
10955,"John Malkovich, Ray Winstone, Uwe Mansshardt, Hanns Zischler, Paolo Paoloni"
223702,"Seth Rogen, Kristen Wiig, Jonah Hill, Bill Hader, Michael Cera"
254470,"Anna Kendrick, Rebel Wilson, Hailee Steinfeld, Brittany Snow, Skylar Astin"
69,"Joaquin Phoenix, Reese Witherspoon, Ginnifer Goodwin, Robert Patrick, Tyler Hilton"
4967,"Ben Stiller, Edward Norton, Jenna Elfman, Anne Bancroft, Eli Wallach"
9449,"John Goodman, Jim Broadbent, Celia Imrie, Tom Felton, Hugh Laurie"
11499,"Michael Sheen, Frank Langella, Kevin Bacon, Sam Rockwell, Mark Simich"
4912,"Sam Rockwell, Drew Barrymore, Julia Roberts, Rutger Hauer, Brad Pitt"
12771,"Matthew Perry, Elizabeth Hurley, Vincent Pastore, Bruce Campbell, Cedric the Entertainer"
323676,"Melissa McCarthy, Peter Dinklage, Kristen Bell, Kathy Bates, Kristen Schaal"
12506,"Denzel Washington, Kevin Kline, Penelope Wilton, Kate Hardie, John Matshikiza"
24071,"Loren Dean, Hope Davis, Jason Lee, Alfre Woodard, Zooey Deschanel"
11249,"Brad Dourif, Jennifer Tilly, Billy Boyd, Redman, Hannah Spearritt"
9667,"Adrien Brody, Keira Knightley, Kris Kristofferson, Jennifer Jason Leigh, Kelly Lynch"
812,"Scott Weinger, Robin Williams, Linda Larkin, Jonathan Freeman, Frank Welker"
277216,"O'Shea Jackson Jr., Corey Hawkins, Jason Mitchell, Neil Brown Jr., Aldis Hodge"
87,"Harrison Ford, Kate Capshaw, Jonathan Ke Quan, Amrish Puri, Roshan Seth"
14444,"Whoopi Goldberg, David Spade, E.G. Daily, Tara Strong, Christine Cavanaugh"
2043,"Morgan Freeman, Monica Potter, Michael Wincott, Dylan Baker, Mika Boorem"
315664,"Meryl Streep, Hugh Grant, Rebecca Ferguson, Simon Helberg, Nina Arianda"
1428,"Antonio Banderas, Salma Hayek, Johnny Depp, Eva Mendes, Mickey Rourke"
562,"Bruce Willis, Alan Rickman, Alexander Godunov, Bonnie Bedelia, Reginald VelJohnson"
15373,"Seann William Scott, Paul Rudd, Elizabeth Banks, Christopher Mintz-Plasse, Bobb'e J. Thompson"
318846,"Christian Bale, Steve Carell, Ryan Gosling, Brad Pitt, Melissa Leo"
26320,"Demetri Martin, Imelda Staunton, Henry Goodman, Liev Schreiber, Jonathan Groff"
14292,"Kurt Russell, Patricia Clarkson, Noah Emmerich, Sean McCann, Kenneth Welsh"
924,"Sarah Polley, Ving Rhames, Jake Weber, Mekhi Phifer, Ty Burrell"
2018,"Jennifer Lopez, Matthew McConaughey, Justin Chambers, Joanna Gleason, Lou Myers"
192577,"Shun Oguri, Haruma Miura, Yu Aoi, Arata Furuta, Ayano Fukuda"
9428,"Gene Hackman, Anjelica Huston, Ben Stiller, Gwyneth Paltrow, Luke Wilson"
2832,"John Cusack, Ray Liotta, Amanda Peet, John Hawkes, Alfred Molina"
137093,"Robert De Niro, Morgan Freeman, Michael Douglas, Kevin Kline, Mary Steenburgen"
699,"Roger Moore, Carole Bouquet, Chaim Topol, Lynn-Holly Johnson, Julian Glover"
9778,"John Cusack, Kate Beckinsale, Jeremy Piven, Bridget Moynahan, Eugene Levy"
8831,"Jean-Claude Van Damme, Mia Sara, Ron Silver, Bruce McGill, Gloria Reuben"
9398,"Ben Stiller, Owen Wilson, Christine Taylor, Will Ferrell, Milla Jovovich"
112949,"Julianne Hough, Josh Duhamel, Cobie Smulders, David Lyons, Mike Pniewski"
10439,"Bette Midler, Sarah Jessica Parker, Kathy Najimy, Omri Katz, Thora Birch"
3638,"Catherine Zeta-Jones, Aaron Eckhart, Abigail Breslin, Patricia Clarkson, Jenny Wade"
23483,"Aaron Taylor-Johnson, Chloë Grace Moretz, Christopher Mintz-Plasse, Nicolas Cage, Mark Strong"
62206,"Jesse Eisenberg, Danny McBride, Aziz Ansari, Bianca Kajlich, Nick Swardson"
10577,"Gerard Butler, Christopher Plummer, Jonny Lee Miller, Justine Waddell, Jennifer Esposito"
218778,"Steve Carell, Jennifer Garner, Ed Oxenbould, Dylan Minnette, Kerris Dorsey"
4348,"Keira Knightley, Matthew Macfadyen, Rosamund Pike, Simon Woods, Donald Sutherland"
78,"Harrison Ford, Rutger Hauer, Sean Young, Edward James Olmos, M. Emmet Walsh"
11780,"Liam Neeson, Jessica Lange, John Hurt, Tim Roth, Eric Stoltz"
192102,"Kevin Costner, Amber Heard, Hailee Steinfeld, Connie Nielsen, Tómas Lemarquis"
2001,"Joaquin Phoenix, Eva Mendes, Alex Veadov, Mark Wahlberg, Robert Duvall"
10383,"Winona Ryder, Ben Chaplin, Sarah Wynter, Philip Baker Hall, John Hurt"
11516,"Philippe Labro, Jacques Perrin"
10025,"Lindsay Lohan, Samaire Armstrong, Chris Pine, Missi Pyle, Makenzie Vega Norfolk"
15198,"Russell Crowe, Hank Azaria, Mary McCormack, Burt Reynolds, Colm Meaney"
23172,"Amber Valletta, Lucas Till, Jackie Chan, Billy Ray Cyrus, George Lopez"
17834,"Martin Short, Kathleen Turner, Mara Wilson, Robert Pastorelli, Deborah Odell"
10016,"Natasha Henstridge, Ice Cube, Jason Statham, Clea DuVall, Pam Grier"
10317,"Sandra Bullock, Anthony Mackie, Billy Bob Thornton, Zoe Kazan, Scoot McNairy"
58431,"Lily James, Sam Riley, Jack Huston, Bella Heathcote, Douglas Booth"
9746,"Tenzin Thuthob Tsarong, Tencho Gyalpo, Tsewang Migyur Khangsar, Gyurme Tethong, Robert Lin"
13092,"Kelan Pannell, Janette Scott, Simon Pegg, Megan Fox, Gillian Anderson"
59859,"Aaron Taylor-Johnson, Chloë Grace Moretz, Christopher Mintz-Plasse, Clark Duke, Jim Carrey"
13495,"Viggo Mortensen, Elena Anaya, Unax Ugalde, Eduard Fernández, Eduardo Noriega"
254473,"Paul Walker, David Belle, RZA, Robert Maillet, Carlo Rota"
700,"Roger Moore, Maud Adams, Louis Jourdan, Kristina Wayborn, Kabir Bedi"
4964,"Seth Rogen, Katherine Heigl, Leslie Mann, Paul Rudd, Jason Segel"
10024,"Cameron Diaz, Alec Baldwin, Abigail Breslin, Joan Cusack, Sofia Vassilieva"
13490,"Martin Lawrence, James Earl Jones, Margaret Avery, Joy Bryant, Cedric the Entertainer"
15927,"Judy Davis, Alec Guinness, Peggy Ashcroft, James Fox, Victor Banerjee"
1259,"Judi Dench, Cate Blanchett, Bill Nighy, Juno Temple, Max Lewis"
5125,"Omar Metwally, Reese Witherspoon, Jake Gyllenhaal, Moa Khouas, Zineb Oukach"
174,"William Shatner, Leonard Nimoy, DeForest Kelley, James Doohan, George Takei"
9583,"Sandra Bullock, Ellen Burstyn, Fionnula Flanagan, James Garner, Cherry Jones"
9437,"Morgan Freeman, Ashley Judd, Cary Elwes, Alex McArthur, Tony Goldwyn"
525,"Dan Aykroyd, John Belushi, James Brown, Cab Calloway, Ray Charles"
10188,"Alexis Bledel, Amber Tamblyn, America Ferrera, Blake Lively, Rachel Nichols"
63574,"Queen Latifah, Dolly Parton, Keke Palmer, Jeremy Jordan, Courtney B. Vance"
245,"Hugh Grant, Nicholas Hoult, Toni Collette, Rachel Weisz, Sharon Small"
9825,"Bill Pullman, Bridget Fonda, Oliver Platt, Brendan Gleeson, Betty White"
186,"Josh Hartnett, Bruce Willis, Lucy Liu, Morgan Freeman, Ben Kingsley"
9549,"Fred Ward, Dennis Quaid, Ed Harris, Scott Glenn, Sam Shepard"
61891,"Jamie Campbell Bower, Rhys Ifans, David Thewlis, Joely Richardson, Vanessa Redgrave"
34584,"Barret Oliver, Gerald McRaney, Noah Hathaway, Drum Garrett, Darryl Cooksey"
2666,"Rufus Sewell, William Hurt, Kiefer Sutherland, Jennifer Connelly, Richard O'Brien"
12783,"Keira Knightley, Ralph Fiennes, Aidan McArdle, Simon McBurney, Charlotte Rampling"
13155,"Fairuza Balk, Nicol Williamson, Jean Marsh, Piper Laurie, Matt Clark"
42807,"Matthew McConaughey, Skeet Ulrich, Ethan Hawke, Vincent D'Onofrio, Gail Cronauer"
28355,"Renée Zellweger, Jodelle Ferland, Ian McShane, Kerry O'Malley, Callum Keith Rennie"
8080,"Carrie-Anne Moss, Aaron Eckhart, Ben Kingsley, Harry Lennix, Kevin Chamberlin"
5126,"John Cusack, Bobby Coleman, Amanda Peet, Joan Cusack, Oliver Platt"
56288,"Jessica Alba, Mason Cook, Rowan Blanchard, Joel McHale, Jeremy Piven"
303858,"George Clooney, Julia Roberts, Jack O'Connell, Caitriona Balfe, Dominic West"
1613,"Samuel L. Jackson, Robert Carlyle, Emily Mortimer, Meat Loaf, Rhys Ifans"
31582,"Robert De Niro, Philip Seymour Hoffman, Barry Miller, Chris Bauer, Skipp Sudduth"
16617,"LL Cool J, Jonny Lee Miller, Kathryn Morris, Patricia Velásquez, Clifton Collins Jr"
8944,"Bruce Willis, Robert De Niro, Sean Penn, Robin Wright, Stanley Tucci"
41488,"Michael Caine, Tilda Swinton, Jeremy Northam, Alan Bates, Charlotte Rampling"
37028,"Joseph Kaiser, Amy Carson, René Pape, Lyubov Petrova, Benjamin Jay Davis"
14560,"Kevin James, Keir O'Donnell, Jayma Mays, Raini Rodriguez, Shirley Knight"
10330,"Jamie Lee Curtis, Lindsay Lohan, Mark Harmon, Harold Gould, Haley Hudson"
6957,"Steve Carell, Catherine Keener, Paul Rudd, Romany Malco, Seth Rogen"
1934,"Joseph Fiennes, Gwyneth Paltrow, Geoffrey Rush, Tom Wilkinson, Judi Dench"
169917,"Liam Neeson, Dan Stevens, David Harbour, Boyd Holbrook, Adam David Thompson"
951,"Arnold Schwarzenegger, Penelope Ann Miller, Pamela Reed, Linda Hunt, Richard Tyson"
10189,"Seth Rogen, James Franco, Danny McBride, Gary Cole, Rosie Perez"
9454,"Drew Barrymore, Dougray Scott, Anjelica Huston, Megan Dodds, Melanie Lynskey"
2055,"Kevin Costner, Robert Duvall, Michael Gambon, Michael Jeter, Diego Luna"
1551,"Kiefer Sutherland, Julia Roberts, Kevin Bacon, William Baldwin, Oliver Platt"
5902,"Dirk Bogarde, James Caan, Michael Caine, Sean Connery, Edward Fox"
11460,"Rachel McAdams, Cillian Murphy, Brian Cox, Jayma Mays, Jack Scalia"
9358,"Ali Larter, A.J. Cook, Michael Landes, Tony Todd, Keegan Connor Tracy"
134,"George Clooney, John Turturro, Tim Blake Nelson, John Goodman, Holly Hunter"
22894,"Paul Bettany, Dennis Quaid, Kevin Durand, Kate Walsh, Doug Jones"
134374,"Mark Wahlberg, Dwayne Johnson, Anthony Mackie, Tony Shalhoub, Ed Harris"
1901,"Topher Grace, Scarlett Johansson, Dennis Quaid, Marg Helgenberger, David Paymer"
15028,"Jesse Bradford, Paula Garcés, Robin Thomas, French Stewart, Michael Biehn"
11509,"Kevin Kline, Scott Glenn, Kevin Costner, Danny Glover, Brian Dennehy"
7445,"Tobey Maguire, Jake Gyllenhaal, Natalie Portman, Sam Shepard, Mare Winningham"
17047,"Frankie Muniz, Anthony Anderson, Hannah Spearritt, Alfie Allen, Cynthia Stevenson"
62838,"Robert De Niro, Katherine Heigl, Ashton Kutcher, Carla Gugino, Lea Michele"
2057,"Angelina Jolie, Antonio Banderas, Gregory Itzin, Jack Thompson, Allison Mackie"
70436,"John Cusack, Luke Evans, Alice Eve, Brendan Gleeson, Kevin McNally"
16784,"Ray Romano, Gene Hackman, Marcia Gay Harden, Maura Tierney, June Squibb"
8011,"Christopher Lambert, Mario Van Peebles, Deborah Kara Unger, Mako, Martin Neufeld"
31640,"Jack Nicholson, Stephen Dorff, Jennifer Lopez, Judy Davis, Michael Caine"
9092,"Sigourney Weaver, Sam Neill, Monica Keena, Gil Bellows, Brian Glover"
2779,"Dan Aykroyd, Helen Hunt, Woody Allen, Charlize Theron, David Ogden Stiers"
316002,"Jake Gyllenhaal, Jessica Biel, James Marsden, Catherine Keener, Paul Reubens"
36355,"Elijah Wood, Paul Hogan, Jonathan Banks, Jason Fuchs, Robert Deacon"
238615,"Ryan Reynolds, Ben Kingsley, Natalie Martinez, Matthew Goode, Michelle Dockery"
1985,"Ralph Fiennes, Rachel Weisz, Danny Huston, Bill Nighy, Donald Sumpter"
615,"Jim Caviezel, Maia Morgenstern, Monica Bellucci, Rosalinda Celentano, Sergio Rubini"
788,"Robin Williams, Sally Field, Pierce Brosnan, Harvey Fierstein, Polly Holliday"
380,"Dustin Hoffman, Tom Cruise, Valeria Golino, Gerald R. Molen, Jack Murdock"
13223,"Clint Eastwood, Christopher Carley, Bee Vang, Ahney Her, Brian Haley"
10523,"Josh Brolin, Elizabeth Banks, Ellen Burstyn, Ioan Gruffudd, Thandie Newton"
8681,"Liam Neeson, Famke Janssen, Maggie Grace, Katie Cassidy, Holly Valance"
239571,"Michelle Monaghan, James Marsden, Liana Liberato, Luke Bracey, Gerald McRaney"
619,"Whitney Houston, Kevin Costner, Michele Lamar Richards, Ralph Waite, Gary Kemp"
424,"Liam Neeson, Ben Kingsley, Ralph Fiennes, Caroline Goodall, Jonathan Sagall"
50014,"Emma Stone, Viola Davis, Octavia Spencer, Bryce Dallas Howard, Jessica Chastain"
162903,"Benedict Cumberbatch, Daniel Brühl, Anthony Mackie, David Thewlis, Alicia Vikander"
11024,"Freddie Prinze Jr., Sarah Michelle Gellar, Matthew Lillard, Linda Cardellini, Seth Green"
208763,"Jason Flemyng, Aleksey Chadov, Agniya Ditkovskite, Yuriy Tsurilo, Olga Zaytseva"
6466,"Robert Englund, Ken Kirzinger, Jason Ritter, Monica Keena, Lochlyn Munro"
254024,"Kate Beckinsale, Cara Delevingne, Daniel Brühl, Ava Acres, Corrado Invernizzi"
12589,"Debi Derryberry, Megan Cavanagh, Mark DeCarlo, Jeffrey Garcia, Patrick Stewart"
7191,"Lizzy Caplan, Jessica Lucas, Odette Annable, Michael Stahl-David, Mike Vogel"
1497,"Paige Turco, David Warner, Michelan Sisti, Leif Tilden, Kenn Scott"
117,"Kevin Costner, Sean Connery, Charles Martin Smith, Andy García, Robert De Niro"
6977,"Tommy Lee Jones, Javier Bardem, Josh Brolin, Woody Harrelson, Kelly Macdonald"
168530,"Ice Cube, Kevin Hart, John Leguizamo, Bruce McGill, Tika Sumpter"
634,"Renée Zellweger, Colin Firth, Hugh Grant, Gemma Jones, Jim Broadbent"
392,"Juliette Binoche, Alfred Molina, Johnny Depp, Judi Dench, Leslie Caron"
10327,"Reese Witherspoon, Sally Field, Regina King, Jennifer Coolidge, James Newman"
88042,"Billy Crystal, Bette Midler, Marisa Tomei, Tom Everett Scott, Bailee Madison"
41630,"Natalie Portman, Ashton Kutcher, Kevin Kline, Cary Elwes, Greta Gerwig"
11969,"Kurt Russell, Val Kilmer, Sam Elliott, Bill Paxton, Powers Boothe"
2085,"Jet Li, Aaliyah, Isaiah Washington, Russell Wong, DMX"
794,"Gregory Peck, Lee Remick, David Warner, Billie Whitelaw, Harvey Stephens"
9286,"Mary Elizabeth Winstead, Ryan Merriman, Kris Lemche, Alexz Johnson, Sam Easton"
77877,"Zac Efron, Blythe Danner, Taylor Schilling, Jay R. Ferguson, Riley Thomas Stewart"
1265,"Josh Hutcherson, AnnaSophia Robb, Robert Patrick, Zooey Deschanel, Bailee Madison"
866,"Johnny Depp, Kate Winslet, Julie Christie, Dustin Hoffman, Freddie Highmore"
175555,"Tyler Perry, Anna Maria Horsford, Tika Sumpter, Eric Lively, Chad Michael Murray"
75174,"Liam Neeson, Dermot Mulroney, Frank Grillo, Dallas Roberts, Joe Anderson"
11096,"Robert De Niro, Dakota Fanning, Famke Janssen, Elisabeth Shue, Amy Irving"
8699,"Will Ferrell, Christina Applegate, Paul Rudd, David Koechner, Steve Carell"
769,"Robert De Niro, Ray Liotta, Joe Pesci, Lorraine Bracco, Paul Sorvino"
10923,"Frankie Muniz, Hilary Duff, Angie Harmon, Keith David, Cynthia Stevenson"
11283,"Emma Thompson, Colin Firth, Kelly Macdonald, Thomas Brodie-Sangster, Eliza Bennett"
111,"Al Pacino, Steven Bauer, Michelle Pfeiffer, Mary Elizabeth Mastrantonio, Robert Loggia"
11676,"Tim Robbins, Martin Lawrence, John C. McGinley, Kelly Preston, Irma P. Hall"
746,"John Lone, Peter O'Toole, Joan Chen, Dennis Dun, Ryuichi Sakamoto"
77866,"Mark Wahlberg, Kate Beckinsale, Ben Foster, Giovanni Ribisi, J.K. Simmons"
9416,"Chris Tucker, Charlie Sheen, Heather Locklear, Paul Sorvino, Elise Neal"
7345,"Daniel Day-Lewis, Paul Dano, Dillon Freasier, Ciarán Hinds, Kevin J. O'Connor"
14317,"Lacey Chabert, Tom Kane, Cree Summer, Tim Curry, Lynn Redgrave"
20694,"E.G. Daily, Nancy Cartwright, Kath Soucie, Dionne Quan, Tim Curry"
12277,"Eddie Griffin, Chris Kattan, Denise Richards, Aunjanue Ellis, Chi McBride"
9779,"Amber Tamblyn, Alexis Bledel, America Ferrera, Blake Lively, Jenna Boyd"
2140,"Jet Li, Bridget Fonda, Tchéky Karyo, Max Ryan, Ric Young"
12620,"Anna Faris, Emma Stone, Kat Dennings, Katharine McPhee, Rumer Willis"
14177,"Queen Latifah, Alicia Silverstone, Andie MacDowell, Alfre Woodard, Mena Suvari"
198185,"Jon Hamm, Bill Paxton, Lake Bell, Suraj Sharma, Aasif Mandvi"
227156,"Jeff Bridges, Meryl Streep, Brenton Thwaites, Odeya Rush, Alexander Skarsgård"
10735,"Amanda Bynes, Colin Firth, Kelly Preston, Jonathan Pryce, Oliver James"
11351,"Ray Wise, Jonathan Breck, Garikayi Mutambirwa, Eric Nenninger, Josh Hammond"
10030,"Dane Cook, Jessica Alba, Dan Fogler, Ellia English, Lonny Ross"
10623,"Jet Li, DMX, Kelly Hu, Anthony Anderson, Tom Arnold"
590,"Nicole Kidman, Julianne Moore, Meryl Streep, Stephen Dillane, Miranda Richardson"
9655,"Amanda Bynes, Channing Tatum, Laura Ramsey, Vinnie Jones, David Cross"
1268,"Rowan Atkinson, Max Baldry, Emma de Caunes, Willem Dafoe, Karel Roden"
11237,"Johnny Messner, KaDee Strickland, Matthew Marsden, Nicholas Gonzalez, Eugene Byrd"
190955,"Clive Owen, Billy Crudup, Marion Cotillard, Mila Kunis, Zoe Saldana"
5123,"Freddie Highmore, Keri Russell, Jonathan Rhys Meyers, Terrence Howard, Robin Williams"
4518,"Cate Blanchett, Geoffrey Rush, Christopher Eccleston, Joseph Fiennes, Richard Attenborough"
11932,"Ed Gale, Jennifer Tilly, Brad Dourif, Katherine Heigl, Nick Stabile"
11165,"Martin Balsam, Sô Yamamura, Joseph Cotten, Tatsuya Mihashi, E.G. Marshall"
6116,"Victoria Beckham, Melanie Brown, Emma Bunton, Melanie Chisholm, Geri Halliwell"
57431,"Sam Rockwell, Jonah Hill, Max Records, Ari Graynor, J.B. Smoove"
21724,"Shoshana Bush, Damon Wayans Jr., Essence Atkins, Chris Elliott, David Alan Grier"
278,"Tim Robbins, Morgan Freeman, Bob Gunton, Clancy Brown, Mark Rolston"
9290,"Paul Hogan, Linda Kozlowski, Jere Burns, Jonathan Banks, Alec Wilson"
11543,"Woody Harrelson, Randy Quaid, Vanessa Angel, Bill Murray, Chris Elliott"
284536,"Mark Wahlberg, John Goodman, Brie Larson, Michael Kenneth Williams, Jessica Lange"
152737,"Meryl Streep, Julia Roberts, Chris Cooper, Ewan McGregor, Margo Martindale"
13374,"Michelle Trachtenberg, Joan Cusack, Amy Stewart, Hayden Panettiere, Kim Cattrall"
8976,"Ashton Kutcher, Amanda Peet, Aimee Garcia, Taryn Manning, Ali Larter"
319888,"Taron Egerton, Hugh Jackman, Christopher Walken, Ania Sowinski, Mads Sjøgård Pettersen"
9469,"Denzel Washington, Ray Allen, Milla Jovovich, Rosario Dawson, Hill Harper"
1909,"Johnny Depp, Marlon Brando, Faye Dunaway, Géraldine Pailhas, Bob Dishy"
22971,"Amanda Seyfried, Channing Tatum, Henry Thomas, Richard Jenkins, Scott Porter"
34813,"Jeffrey Dean Morgan, Zoe Saldana, Chris Evans, Idris Elba, Columbus Short"
46261,"Katie Holmes, Guy Pearce, Bailee Madison, Alan Dale, Jack Thompson"
10431,"Jet Li, Jason Statham, John Lone, Devon Aoki, Luis Guzmán"
8051,"Adam Sandler, Emily Watson, Philip Seymour Hoffman, Luis Guzmán, Mary Lynn Rajskub"
9352,"Scott Mechlowicz, Jacob Pitts, Michelle Trachtenberg, Travis Wester, Vinnie Jones"
10167,"Steven Seagal, Morris Chestnut, Ja Rule, Nia Peeples, Claudia Christian"
18147,"Lewis Black, Wilmer Valderrama, Tyler James Williams, Dyllan Christopher, Brett Kelly"
17170,"Michael J. Fox, Kiefer Sutherland, Phoebe Cates, Jason Robards, Dianne Wiest"
18975,"Martin Landau, Jonathan Taylor Thomas, Geneviève Bujold, Udo Kier, Bebe Neuwirth"
15487,"Shia LaBeouf, Stephen Dillane, Josh Flitter, Peter Firth, Peyton List"
22825,"Cameron Diaz, James Marsden, Frank Langella, Michael Zegen, James Rebhorn"
11152,"Shawn Ashmore, Jonathan Tucker, Jena Malone, Laura Ramsey, Joe Anderson"
1831,"Madonna, Rupert Everett, Benjamin Bratt, Malcolm Stumpf, Josef Sommer"
43931,"Max Thieriot, John Magaro, Denzel Whitaker, Zena Grey, Nick Lashaway"
10591,"Emile Hirsch, Elisha Cuthbert, Timothy Olyphant, James Remar, Chris Marquette"
10861,"Jean-Claude Van Damme, Natasha Henstridge, Jean-Hugues Anglade, Zach Grenier, Paul Ben-Victor"
12770,"Jason Lee, Tom Green, Leslie Mann, Dennis Farina, John C. McGinley"
276907,"Tom Hardy, Emily Browning, Christopher Eccleston, David Thewlis, Taron Egerton"
10074,"Andy Samberg, Isla Fisher, Bill Hader, Sissy Spacek, Danny McBride"
65055,"Sara Paxton, Chris Carmack, Joel David Moore, Chris Zylka, Dustin Milligan"
10397,"Emily Watson, Robert Carlyle, Joe Breen, Michael Legge, Ciaran Owens"
200505,"Kevin Costner, Jennifer Garner, Tom Welling, Sam Elliott, Terry Crews"
11954,"Steve Railsback, Peter Firth, Frank Finlay, Mathilda May, Patrick Stewart"
60309,"Evan Rachel Wood, James McAvoy, Kevin Kline, Robin Wright, Alexis Bledel"
9787,"Emile Hirsch, Victor Rasuk, Rebecca De Mornay, John Robinson, Michael Angarano"
293646,"Antonio Banderas, Rodrigo Santoro, Juliette Binoche, James Brolin, Lou Diamond Phillips"
6978,"Kurt Russell, Kim Cattrall, Dennis Dun, James Hong, Victor Wong"
133698,"Diane Kruger, Dany Boon, Alice Pol, Robert Plagnol, Jonathan Cohen"
59440,"Tom Hardy, Jennifer Morrison, Nick Nolte, Joel Edgerton, Frank Grillo"
1770,"Liam Neeson, Aidan Quinn, Stephen Rea, Alan Rickman, Julia Roberts"
10655,"Jeff Daniels, Tom Berenger, Martin Sheen, Sam Elliott, Stephen Lang"
8988,"Ryan Phillippe, Abbie Cornish, Joseph Gordon-Levitt, Channing Tatum, Josef Sommer"
15992,"Katie Holmes, Benjamin Bratt, Charlie Hunnam, Zooey Deschanel, Fred Ward"
17707,"Claire Danes, Kate Beckinsale, Bill Pullman, Jacqueline Kim, Lou Diamond Phillips"
77883,"Jeffrey Dean Morgan, Natasha Calis, Madison Davenport, Kyra Sedgwick, Rob LaBelle"
40001,"Shirley MacLaine, Ricki Lake, Brendan Fraser, Jane Krakowski, Loren Dean"
64639,"James Marsden, Kate Bosworth, Alexander Skarsgård, Dominic Purcell, Laz Alonso"
9903,"Richard Gere, Alfred Molina, Marcia Gay Harden, Hope Davis, Julie Delpy"
21338,"Brian Bosworth, Lance Henriksen, William Forsythe, Arabella Holzbog, Sam McMurray"
20766,"Viggo Mortensen, Kodi Smit-McPhee, Charlize Theron, Robert Duvall, Guy Pearce"
24264,"Tanya Roberts, Ted Wass, Donovan Scott, Elizabeth of Toro, France Zobda"
19803,"Nick Cannon, Roselyn Sánchez, Shawn Ashmore, Cheech Marin, Kelly Hu"
20309,"Chris Klein, Heather Graham, Orlando Jones, Sally Field, Richard Jenkins"
9912,"Anthony Hopkins, Iain Rea, Tessa Mitchell, Aaron Murphy, Tim Shadbolt"
9067,"Lori Petty, Ice-T, Naomi Watts, Malcolm McDowell, Iggy Pop"
27360,"Anthony Anderson, Jay Mohr, Kellita Smith, Brooke D'Orsay, Donald Faison"
8338,"Julianne Moore, Mark Ruffalo, Alice Braga, Gael García Bernal, Danny Glover"
168705,"Kristanna Loken, Ben Kingsley, Michelle Rodriguez, Michael Madsen, Matthew Davis"
72113,"Kate Winslet, Jodie Foster, Christoph Waltz, John C. Reilly, Elvis Polanski"
9729,"Kevin Bacon, Colin Firth, Alison Lohman, David Hayman, Rachel Blanchard"
94352,"Erica Linz, Igor Zaripov, Matt Gillanders, Jason Berrent, Dallas Barnett"
22256,"Billy Crudup, Donald Sutherland, Monica Potter, Jeremy Sisto, Matthew Lillard"
12404,"Zac Efron, Claire Danes, Christian McKay, Imogen Poots, Zoe Kazan"
152742,"Geoffrey Rush, Jim Sturgess, Sylvia Hoeks, Donald Sutherland, Maximilian Dirr"
11699,"Nicolas Cage, Eva Mendes, Val Kilmer, Fairuza Balk, Shawn Hatosy"
49953,"Yuri Lowenthal, Gemma Arterton, Isabelle Fuhrman, Melanie Griffith, Tim Curry"
48034,"François Cluzet, Marion Cotillard, Benoît Magimel, Gilles Lellouche, Jean Dujardin"
39845,"Helen Mirren, Joe Pesci, Sergio Peris-Mencheta, Gina Gershon, Bai Ling"
25353,"Jérôme Deschamps, Yolande Moreau, Louise Wallon, Arthur Deschamps, Jean-Claude Bolle-Reddat"
36696,"Anna Bolshova, Evgeny Mironov, Sergey Garmash, Aleksandr Bashirov, Elena Yakovleva"
109091,"Michael Fassbender, Cameron Diaz, Javier Bardem, Goran Visnjic, Penélope Cruz"
38543,"James Purefoy, Kate Mara, Jason Flemyng, Paul Giamatti, Brian Cox"
33157,"Rod Steiger, Christopher Plummer, Orson Welles, Jack Hawkins, Virginia McKenna"
290864,"Donnie Yen, Charlie Yeung, Wang Baoqiang, Bai Bing, Deep Ng"
242166,"Cam Gigandet, Rachael Leigh Cook, Shane West, Bill Pullman, Brian Krause"
859,"Glenn Close, John Malkovich, Michelle Pfeiffer, Swoosie Kurtz, Keanu Reeves"
83770,"Garrett Hedlund, Sam Riley, Kristen Stewart, Amy Adams, Tom Sturridge"
168,"William Shatner, Leonard Nimoy, DeForest Kelley, James Doohan, George Takei"
1246,"Sylvester Stallone, Burt Young, Milo Ventimiglia, Geraldine Hughes, James Francis Kelly III"
4233,"David Arquette, Neve Campbell, Courteney Cox, Sarah Michelle Gellar, Jamie Kennedy"
174751,"Natalie Portman, Joel Edgerton, Ewan McGregor, Noah Emmerich, Boyd Holbrook"
184098,"Adam Brody, Michael Ealy, Jerry Ferrara, Meagan Good, Regina Hall"
2069,"Bruce Willis, Matthew Perry, Rosanna Arquette, Michael Clarke Duncan, Kevin Pollak"
1788,"Kevin Bacon, John Lithgow, Dianne Wiest, Chris Penn, Lori Singer"
11635,"Luke Wilson, Will Ferrell, Vince Vaughn, Ellen Pompeo, Leah Remini"
177,"Jeff Bridges, Robin Williams, Mercedes Ruehl, Amanda Plummer, Michael Jeter"
3600,"Jennifer Love Hewitt, Freddie Prinze Jr., Mekhi Phifer, Brandy Norwood, Muse Watson"
2621,"David Duchovny, Minnie Driver, Carroll O'Connor, Robert Loggia, Jim Belushi"
10358,"Seth Rogen, Elizabeth Banks, Jennifer Schwalbach Smith, Jason Mewes, Gerry Bednob"
10480,"Renée Zellweger, Morgan Freeman, Chris Rock, Greg Kinnear, Aaron Eckhart"
10313,"George Clooney, Ewan McGregor, Jeff Bridges, Kevin Spacey, Robert Patrick"
18828,"Orlando Jones, Eddie Griffin, Garcelle Beauvais, Gary Grubbs, Daniel Roebuck"
3558,"Winona Ryder, Angelina Jolie, Clea DuVall, Brittany Murphy, Elisabeth Moss"
13476,"Josh Duhamel, Kate Bosworth, Topher Grace, Nathan Lane, Sean Hayes"
10208,"Steve Whitmire, Dave Goelz, Bill Barretta, Frank Oz, Jerry Nelson"
24961,"Diana Ross, Michael Jackson, Nipsey Russell, Ted Ross, Theresa Merritt"
20697,"David Arquette, Scott Caan, Oliver Platt, Rose McGowan, Bill Goldberg"
20761,"Antonio Banderas, Woody Harrelson, Lolita Davidovich, Tom Sizemore, Lucy Liu"
70868,"Sarah Jessica Parker, Pierce Brosnan, Sarah Shahi, Busy Philipps, Olivia Munn"
43593,"Elisabeth Shue, Adam Scott, Jerry O'Connell, Steven R. McQueen, Jessica Szohr"
6478,"Kevin Spacey, Kate Bosworth, John Goodman, Bob Hoskins, Brenda Blethyn"
40688,"Paul Walker, John Ashton, Dennis Hopper, Eric Braeden, Richard Lineback"
26672,"Vincent Price, Anthony Quayle, Sean Connery, Joan Sims, Paul Matthews"
45881,"Gabriel Byrne, F. Murray Abraham, Kathy Bates, Robert De Niro, Harvey Keitel"
41283,"Dwayne Johnson, Billy Bob Thornton, Maggie Grace, Carla Gugino, Tom Berenger"
4935,"Takuya Kimura, Akihiro Miwa, Tatsuya Gashûin, Mitsunori Isaki, Yo Oizumi"
19908,"Jesse Eisenberg, Woody Harrelson, Emma Stone, Abigail Breslin, Amber Heard"
10663,"Adam Sandler, Kathy Bates, Fairuza Balk, Henry Winkler, Jerry Reed"
1891,"Mark Hamill, Harrison Ford, Carrie Fisher, Billy Dee Williams, Anthony Daniels"
9737,"Will Smith, Martin Lawrence, Téa Leoni, Tchéky Karyo, Joe Pantoliano"
37137,"Leslie Nielsen, Priscilla Presley, George Kennedy, O.J. Simpson, Robert Goulet"
9532,"Devon Sawa, Ali Larter, Kerr Smith, Tony Todd, Seann William Scott"
10316,"Ryan Gosling, George Clooney, Philip Seymour Hoffman, Paul Giamatti, Evan Rachel Wood"
2787,"Vin Diesel, Radha Mitchell, Cole Hauser, Lewis Fitz-Gerald, Claudia Black"
12658,"Ashley Judd, Greg Kinnear, Hugh Jackman, Marisa Tomei, Ellen Barkin"
152601,"Joaquin Phoenix, Scarlett Johansson, Rooney Mara, Amy Adams, Olivia Wilde"
10866,"Steve Zahn, Paul Walker, Leelee Sobieski, Jessica Bowman, Stuart Stone"
227707,"Aneurin Barnard, Michael Sheen, Lena Headey, Sam Neill, Ioan Gruffudd"
21349,"Susan Sarandon, Natalie Portman, Hart Bochner, Eileen Ryan, Ray Baker"
19150,"Richard Dreyfuss, Burt Reynolds, Dan Hedaya, Seymour Cassel, Carrie-Anne Moss"
70435,"Gina Carano, Ewan McGregor, Michael Fassbender, Bill Paxton, Channing Tatum"
580,"Lorraine Gary, Lance Guest, Mario Van Peebles, Michael Caine, Karen Young"
9819,"Diane Keaton, Meryl Streep, Leonardo DiCaprio, Robert De Niro, Hume Cronyn"
13579,"Ice Cube, Keke Palmer, Tasha Smith, Jill Marie Jones, Dash Mihok"
20024,"Ralph Fiennes, Stephen Rea, Julianne Moore, James Bolam, Ian Hart"
2453,"Mickey Rourke, Don Johnson, Chelsea Field, Daniel Baldwin, Giancarlo Esposito"
6973,"Tommy Lee Jones, Charlize Theron, Susan Sarandon, Frances Fisher, James Franco"
11156,"Audrey Tautou, Benoît Poelvoorde, Alessandro Nivola, Marie Gillain, Emmanuelle Devos"
354110,"Demi Moore, Kiefer Sutherland, Donald Sutherland, Brian Cox, Siobhan Williams"
22215,"Michelle Pfeiffer, Kathy Bates, Rupert Friend, Felicity Jones, Iben Hjejle"
11632,"Reese Witherspoon, James Purefoy, Jonathan Rhys Meyers, Romola Garai, Gabriel Byrne"
30596,"Donnie Yen, Wang Xue-qi, Tony Leung Ka-Fai, Nicholas Tse, Hu Jun"
3021,"John Cusack, Samuel L. Jackson, Mary McCormack, Jasmine Jessica Anthony, Tony Shalhoub"
957,"Mel Brooks, Rick Moranis, Bill Pullman, Daphne Zuniga, John Candy"
256917,"Russell Crowe, Olga Kurylenko, Yılmaz Erdoğan, Cem Yılmaz, Jai Courtney"
251,"Patrick Swayze, Demi Moore, Whoopi Goldberg, Tony Goldwyn, Vincent Schiavelli"
544,"Cameron Diaz, Ben Stiller, Matt Dillon, Lee Evans, Chris Elliott"
11395,"Tim Allen, Judge Reinhold, Wendy Crewson, David Krumholtz, Peter Boyle"
14635,"Dennis Quaid, Rachel Griffiths, Beth Grant, Angus T. Jones, Brian Cox"
13680,"Dwayne Johnson, Madison Pettis, Kyra Sedgwick, Roselyn Sánchez, Morris Chestnut"
688,"Meryl Streep, Clint Eastwood, Annie Corley, Victor Slezak, Jim Haynie"
11090,"Rob Schneider, Colleen Haskell, John C. McGinley, Ed Asner, Guy Torry"
783,"Ben Kingsley, Candice Bergen, Edward Fox, John Gielgud, Trevor Howard"
228194,"Helen Mirren, Manish Dayal, Om Puri, Charlotte Le Bon, Rohan Chand"
1642,"Sandra Bullock, Jeremy Northam, Dennis Miller, Wendy Gazelle, Ken Howard"
10950,"Sean Penn, Michelle Pfeiffer, Dianne Wiest, Dakota Fanning, Richard Schiff"
235260,"Roma Downey, Diogo Morgado, Louise Delamere, Darwin Shaw, Amber Rose Revah"
277,"Kate Beckinsale, Scott Speedman, Michael Sheen, Shane Brolly, Bill Nighy"
8999,"Clive Owen, Jennifer Aniston, Vincent Cassel, Melissa George, Addison Timlin"
11323,"Matt Damon, Scott Bakula, Joel McHale, Melanie Lynskey, Ann Dowd"
10445,"Anthony Hopkins, Debra Winger, John Wood, Julian Fellowes, Roddy Maude-Roxby"
11453,"Rob Schneider, Eddie Griffin, Jeroen Krabbé, Til Schweiger, Hanna Verboom"
146239,"Vince Vaughn, Cobie Smulders, Chris Pratt, Britt Robertson, Jack Reynor"
205588,"Ewan McGregor, Stellan Skarsgård, Damian Lewis, Naomie Harris, Jeremy Northam"
10878,"Jason Biggs, Steve Zahn, Jack Black, Amanda Peet, Amanda Detmer"
82650,"Zachary Gordon, Robert Capron, Devon Bostick, Rachael Harris, Steve Zahn"
10279,"John Leguizamo, Adrien Brody, Mira Sorvino, Jennifer Esposito, Anthony LaPaglia"
2294,"Kevin Smith, Jason Mewes, Ben Affleck, Jeff Anderson, Brian O'Halloran"
2176,"Leelee Sobieski, Diane Lane, Stellan Skarsgård, Bruce Dern, Kathy Baker"
270487,"Josh Brolin, George Clooney, Alden Ehrenreich, Ralph Fiennes, Scarlett Johansson"
19366,"Rachael Leigh Cook, Rosario Dawson, Tara Reid, Gabriel Mann, Alan Cumming"
204082,"Jason Statham, James Franco, Izabela Vidovic, Winona Ryder, Rachelle Lefevre"
24100,"Richard E. Grant, Jonathan Lipnicki, Jim Carter, Alice Krige, Pamela Gidley"
1599,"Jason Schwartzman, Dustin Hoffman, Lily Tomlin, Jude Law, Mark Wahlberg"
5550,"Robert John Burke, Nancy Allen, Mario Machado, Jodi Long, John Posey"
30379,"Michael York, Michael Biehn, Diane Venora, R. Lee Ermey, Udo Kier"
42586,"Julie Andrews, Rock Hudson, Jeremy Kemp, Lance Percival, Michael Witney"
17709,"Brendan Fraser, Sarah Jessica Parker, Alfred Molina, Eric Idle, Robert Prosky"
287948,"Ed Skrein, Ray Stevenson, Loan Chabanol, Gabriella Wright, Tatjana Pajković"
7548,"Johnny Depp, Samantha Morton, John Malkovich, Rosamund Pike, Paul Ritter"
9075,"Carice van Houten, Sebastian Koch, Thom Hoffman, Halina Reijn, Waldemar Kobus"
11661,"Diane Kruger, Natalie Dessay, Benno Fürmann, Guillaume Canet, Gary Lewis"
109513,"Kristen Bell, Dax Shepard, Tom Arnold, Kristin Chenoweth, Michael Rosenbaum"
12085,"Diane Keaton, Queen Latifah, Katie Holmes, Ted Danson, Roger Cross"
204922,"Nicole Kidman, Colin Firth, Mark Strong, Anne-Marie Duff, Jing Lusi"
38985,"Roy Scheider, Bruno Cremer, Francisco Rabal, Amidou, Ramon Bieri"
44113,"Frances Conroy, Robert De Niro, Edward Norton, Milla Jovovich, Enver Gjokaj"
21494,"Romain Duris, Fabrice Luchini, Edouard Baer, Ludivine Sagnier, Laura Morante"
164457,"Christian Bale, Zoe Saldana, Woody Harrelson, Sam Shepard, Willem Dafoe"
4566,"George Clooney, Tom Wilkinson, Tilda Swinton, Sydney Pollack, Michael O'Keefe"
17795,"Jack Lemmon, James Garner, Dan Aykroyd, John Heard, Wilford Brimley"
1073,"Jeff Bridges, Tim Robbins, Joan Cusack, Hope Davis, Robert Gossett"
153158,"Juan José Campanella, Diego Ramos, Pablo Rago, Axel Kuschevatzky, David Masajnik"
81836,"Ellen Page, Woody Allen, Jesse Eisenberg, Penélope Cruz, Alec Baldwin"
10724,"Clint Eastwood, Freddie Jones, David Huffman, Warren Clarke, Ronald Lacey"
9473,"Trey Parker, Matt Stone, Mary Kay Bergman, Isaac Hayes, George Clooney"
2196,"Matthew Macfadyen, Keeley Hawes, Andy Nyman, Ewen Bremner, Daisy Donovan"
1499,"Paige Turco, Stuart Wilson, Sab Shimono, Vivian Wu, Mark Caso"
20857,"Keanu Reeves, Diane Lane, Michael B. Jordan, D. B. Sweeney, John Hawkes"
82693,"Bradley Cooper, Jennifer Lawrence, Robert De Niro, Jacki Weaver, Chris Tucker"
1646,"Hilary Swank, Scott Glenn, Imelda Staunton, Patrick Dempsey, Mario"
44944,"Kimberly Elise, Janet Jackson, Loretta Devine, Thandie Newton, Anika Noni Rose"
4108,"Jason Statham, Shu Qi, François Berléand, Matt Schulze, Ric Young"
8456,"Sean Faris, Amber Heard, Cam Gigandet, Djimon Hounsou, Evan Peters"
7341,"Emily Bergl, Jason London, Amy Irving, J. Smith-Cameron, Dylan Bruno"
19255,"John Krasinski, Maya Rudolph, Carmen Ejogo, Catherine O'Hara, Jeff Daniels"
10187,"Kevin Costner, Madeline Carroll, Paula Patton, Kelsey Grammer, Dennis Hopper"
31005,"Jake Gyllenhaal, Dustin Hoffman, Susan Sarandon, Aleksia Landeau, Ellen Pompeo"
49517,"John Hurt, Gary Oldman, Kathy Burke, Benedict Cumberbatch, Colin Firth"
44857,"Elisabeth Shue, Aaron Eckhart, Jill Hennessy, Thomas Jane, D.W. Moffett"
50780,"Jodie Foster, Mel Gibson, Jennifer Lawrence, Anton Yelchin, Zachary Booth"
16363,"Burt Reynolds, Dolly Parton, Dom DeLuise, Charles Durning, Jim Nabors"
1946,"Jennifer Jason Leigh, Jude Law, Ian Holm, Willem Dafoe, Don McKellar"
85,"Harrison Ford, Karen Allen, Paul Freeman, Ronald Lacey, John Rhys-Davies"
772,"Macaulay Culkin, Joe Pesci, Catherine O'Hara, Daniel Stern, John Heard"
840,"Richard Dreyfuss, François Truffaut, Teri Garr, Melinda Dillon, Bob Balaban"
9682,"Kristen Bell, Ian Somerhalder, Christina Milian, Rick Gonzalez, Jonathan Tucker"
96,"Eddie Murphy, Judge Reinhold, John Ashton, Ronny Cox, Paul Reiser"
10678,"Steve Martin, Queen Latifah, Eugene Levy, Joan Plowright, Jean Smart"
274,"Jodie Foster, Anthony Hopkins, Scott Glenn, Ted Levine, Anthony Heald"
8872,"Mike Myers, Dana Carvey, Rob Lowe, Tia Carrere, Lara Flynn Boyle"
16290,"Johnny Knoxville, Bam Margera, Ryan Dunn, Steve-O, Chris Pontius"
579,"Roy Scheider, Lorraine Gary, Murray Hamilton, Joseph Mascolo, Jeffrey Kramer"
14405,"Drew Barrymore, Piper Perabo, Andy García, George Lopez, Paul Rodríguez"
138843,"Patrick Wilson, Vera Farmiga, Lili Taylor, Ron Livingston, Shanley Caswell"
11637,"Ice Cube, Nia Long, Aleisha Allen, Philip Bolden, Jay Mohr"
226486,"Melissa McCarthy, Susan Sarandon, Kathy Bates, Allison Janney, Dan Aykroyd"
1584,"Jack Black, Joan Cusack, Mike White, Sarah Silverman, Adam Pascal"
9312,"Christopher Lambert, Robin Shou, Linden Ashby, Cary-Hiroyuki Tagawa, Bridgette Wilson"
12153,"Shawn Wayans, Marlon Wayans, Jaime King, Frankie Faison, Maitland Ward"
65057,"George Clooney, Shailene Woodley, Amara Miller, Nick Krause, Robert Forster"
8326,"Sigourney Weaver, Jon Voight, Tim Blake Nelson, Patricia Arquette, Shia LaBeouf"
35690,"Miley Cyrus, Greg Kinnear, Bobby Coleman, Liam Hemsworth, Hallock Beals"
76203,"Chiwetel Ejiofor, Michael Fassbender, Lupita Nyong'o, Benedict Cumberbatch, Paul Dano"
13497,"Nick Cannon, Zoe Saldana, Orlando Jones, Leonard Roberts, GQ"
35688,"Tyler Perry, Janet Jackson, Jill Scott, Sharon Leal, Malik Yoba"
162,"Johnny Depp, Winona Ryder, Dianne Wiest, Alan Arkin, Anthony Michael Hall"
296096,"Emilia Clarke, Sam Claflin, Janet McTeer, Charles Dance, Brendan Coyle"
103370,"Tyler Perry, Eugene Levy, Denise Richards, Doris Roberts, Devan Leos"
1051,"Gene Hackman, Fernando Rey, Roy Scheider, Tony Lo Bianco, Marcel Bozzuffi"
376659,"Mila Kunis, Kristen Bell, Kathryn Hahn, Christina Applegate, Jada Pinkett Smith"
10073,"Alyson Hannigan, Adam Campbell, Sophie Monk, Jennifer Coolidge, Fred Willard"
16690,"Harriet Owen, Blayne Weaver, Jeff Bennett, Kath Soucie, Corey Burton"
273895,"David Oyelowo, Tom Wilkinson, Carmen Ejogo, André Holland, Omar J. Dorsey"
14873,"John Goodman, Haley Joel Osment, Mae Whitman, Connor Funk, Bob Joles"
8968,"Emily Deschanel, Barry Watson, Skye McCole Bartusiak, Lucy Lawless, Tory Mussett"
9963,"Sandra Bullock, Julian McMahon, Courtney Taylor Burness, Nia Long, Shyann McClure"
15655,"Jim Cummings, Nikita Hopkins, Ken Sansom, John Fiedler, Peter Cullen"
21208,"Vera Farmiga, Peter Sarsgaard, Isabelle Fuhrman, CCH Pounder, Jimmy Bennett"
272878,"Thomas Haden Church, Josh Wiggins, Lauren Graham, Robbie Amell, Mia Xitlali"
9760,"Kal Penn, Adam Campbell, Jennifer Coolidge, Jayma Mays, Faune A. Chambers"
314365,"Mark Ruffalo, Michael Keaton, Rachel McAdams, Liev Schreiber, John Slattery"
13279,"Samuel L. Jackson, Patrick Wilson, Kerry Washington, Ron Glass, Justin Chambers"
1975,"Sarah Michelle Gellar, Amber Tamblyn, Edison Chen, Arielle Kebbel, Jennifer Beals"
33644,"Angela Bassett, Taye Diggs, Whoopi Goldberg, Regina King, Suzzanne Douglas"
1649,"Keanu Reeves, Alex Winter, George Carlin, William Sadler, Joss Ackland"
9895,"Robin Williams, Christopher Walken, Laura Linney, Lewis Black, Jeff Goldblum"
9570,"Maximilian Schell, Anthony Perkins, Robert Forster, Joseph Bottoms, Ernest Borgnine"
27579,"George Clooney, Violante Placido, Thekla Reuten, Paolo Bonacelli, Johan Leysen"
16052,"Jennifer Lopez, Edward James Olmos, Constance Marie, Jon Seda, Lupe Ontiveros"
40264,"Chris Riggi, Matt Lanter, Jenn Proske, Ken Jeong, Bradley Dodds"
1164,"Brad Pitt, Cate Blanchett, Gael García Bernal, Rinko Kikuchi, Adriana Barraza"
239678,"Jason Bateman, Tina Fey, Adam Driver, Rose Byrne, Corey Stoll"
14359,"Meryl Streep, Philip Seymour Hoffman, Amy Adams, Viola Davis, Alice Drummond"
3989,"Trey Parker, Matt Stone, Kristen Miller, Masasa Moyo, Daran Norris"
76617,"Alexandra Daddario, Dan Yeager, Bill Moseley, Marilyn Burns, Tania Raymonde"
1710,"Sigourney Weaver, Holly Hunter, Will Patton, William McNamara, Harry Connick Jr."
4258,"Simon Rex, Ashley Tisdale, Charlie Sheen, Lindsay Lohan, Erica Ash"
20391,"Lee Marvin, Clint Eastwood, Jean Seberg, Harve Presnell, Ray Walston"
10139,"Sean Penn, Emile Hirsch, James Franco, Josh Brolin, Diego Luna"
335778,"Tom Felton, Cliff Curtis, Joseph Fiennes, Peter Firth, Mark Killeen"
9645,"Gabriel Byrne, Julianna Margulies, Desmond Harrington, Ron Eldard, Isaiah Washington"
55465,"Neil Patrick Harris, John Cho, Elias Koteas, Danneel Ackles, Kal Penn"
617,"Matt Dillon, Kevin Bacon, Denise Richards, Neve Campbell, Theresa Russell"
19904,"Dylan Walsh, Sela Ward, Penn Badgley, Amber Heard, Sherry Stringfield"
48289,"Helen Mirren, Ciarán Hinds, Tom Wilkinson, Jessica Chastain, Sam Worthington"
243,"John Cusack, Iben Hjejle, Todd Louiso, Jack Black, Lisa Bonet"
6933,"Shannyn Sossamon, Edward Burns, Ana Claudia Talancón, Ray Wise, Azura Skye"
17182,"Sally Field, Kiefer Sutherland, Ed Harris, Beverly D'Angelo, Charlayne Woodard"
8848,"Jason Statham, Saffron Burrows, Stephen Campbell Moore, Daniel Mays, James Faulkner"
38,"Jim Carrey, Kate Winslet, Kirsten Dunst, Mark Ruffalo, Elijah Wood"
38303,"Kristen Bell, Sigourney Weaver, Betty White, Kristin Chenoweth, Odette Annable"
1266,"Keanu Reeves, Forest Whitaker, Chris Evans, Hugh Laurie, Martha Higareda"
107985,"Simon Pegg, Nick Frost, Martin Freeman, Eddie Marsan, Paddy Considine"
14043,"Emma Roberts, Josh Flitter, Max Thieriot, Rachael Leigh Cook, Tate Donovan"
19901,"Ethan Hawke, Sam Neill, Willem Dafoe, Claudia Karvan, Isabel Lucas"
34016,"Alice Eve, Jay Baruchel, Mike Vogel, Krysten Ritter, Debra Jo Rupp"
59860,"Selena Gomez, Katie Cassidy, Cory Monteith, Leighton Meester, Andie MacDowell"
10069,"Jon Foster, Samaire Armstrong, Frankie Muniz, Jimmi Simpson, Wendell Pierce"
9588,"Tom Selleck, Laura San Giacomo, Alan Rickman, Chris Haywood, Ron Haddrick"
12819,"Hayden Panettiere, Justin Long, Dennis Hopper, Christina Ricci, Danny Glover"
9954,"Steven Strait, Laura Ramsey, Jessica Lucas, Taylor Kitsch, Chace Crawford"
10115,"Jeff Bridges, Missy Peregrym, Vanessa Lengies, Maddy Curley, Nikki SooHoo"
25132,"Jimmy Bennett, Kat Dennings, Jolie Vanier, William H. Macy, James Spader"
577,"Nicole Kidman, Matt Dillon, Joaquin Phoenix, Casey Affleck, Illeana Douglas"
328387,"Emma Roberts, Dave Franco, Emily Meade, Miles Heizer, Juliette Lewis"
12690,"Viggo Mortensen, Ed Harris, Renée Zellweger, Jeremy Irons, Timothy Spall"
9945,"James Woods, Daniel Baldwin, Sheryl Lee, Thomas Ian Griffith, Maximilian Schell"
539,"Anthony Perkins, Vera Miles, John Gavin, Janet Leigh, Martin Balsam"
13596,"Dane Cook, Kate Hudson, Alec Baldwin, Jason Biggs, Diora Baird"
226857,"Alex Pettyfer, Gabriella Wilde, Robert Patrick, Rhys Wakefield, Emma Rigby"
13159,"Jane Fonda, Lindsay Lohan, Felicity Huffman, Dermot Mulroney, Cary Elwes"
47941,"Chevy Chase, Carrie Fisher, Eve Arden, Joseph Maher, Robert Donner"
526,"Matthew Broderick, Rutger Hauer, Michelle Pfeiffer, Alfred Molina, John Wood"
22796,"Jim Carrey, Ashley Judd, Ian Michael Smith, Joseph Mazzello, Oliver Platt"
2355,"Adam Sandler, Don Cheadle, Jada Pinkett Smith, Liv Tyler, Saffron Burrows"
5915,"Emile Hirsch, Marcia Gay Harden, William Hurt, Jena Malone, Brian H. Dierker"
9842,"Billy Bob Thornton, Jon Heder, Jacinda Barrett, Sarah Silverman, Michael Clarke Duncan"
61012,"Adelaide Clemens, Kit Harington, Sean Bean, Carrie-Anne Moss, Radha Mitchell"
755,"George Clooney, Quentin Tarantino, Harvey Keitel, Juliette Lewis, Ernest Liu"
13682,"Jim Cummings, John Fiedler, Nikita Hopkins, Kath Soucie, Ken Sansom"
9089,"Holly Hunter, Robert Downey Jr., Anne Bancroft, Charles Durning, Claire Danes"
9470,"Stephen Chow, Yuen Wah, Yuen Qiu, Lam Tze-Chung, Huang Sheng-Yi"
18357,"Haley Joel Osment, Diedrich Bader, Candy Ford, James Gammon, Brad Garrett"
7979,"Khalid Abdalla, Atossa Leoni, Shaun Toub, Zekeria Ebrahimi, Ahmad Khan Mahmoodzada"
470,"Sean Penn, Naomi Watts, Benicio del Toro, Danny Huston, Carly Nahon"
15644,"Cole Hauser, Robin Tunney, Dennis Farina, Daniel Baldwin, Tom Sizemore"
9582,"Jason Lee, Julia Stiles, Selma Blair, James Brolin, Shawn Hatosy"
10642,"Jason Biggs, Mena Suvari, Zak Orth, Thomas Sadoski, Jimmi Simpson"
22074,"Michael Moore, Thora Birch, William Black, Elijah Cummings, Baron Hill"
2428,"Max von Sydow, Michael Anderson Jr., Carroll Baker, Ina Balin, Victor Buono"
290751,"Chiwetel Ejiofor, Nicole Kidman, Julia Roberts, Dean Norris, Lyndon Smith"
13805,"Matt Lanter, Vanessa Lachey, Nicole Ari Parker, Crista Flanagan, Gary 'G. Thang' Johnson"
4597,"Columbus Short, Laurence Fishburne, Skeet Ulrich, Amaury Nolasco, Matt Dillon"
9414,"Bill Murray, Peter Gallagher, Joanne Whalley, Alfred Molina, Richard Wilson"
63492,"Chris Evans, Anna Faris, Martin Freeman, Chris Pratt, Ari Graynor"
81796,"Guy Pearce, Maggie Grace, Joseph Gilgun, Lennie James, Peter Stormare"
10710,"Ben Stiller, Jack Black, Rachel Weisz, Christopher Walken, Amy Poehler"
15092,"Jason Statham, Amy Smart, Dwight Yoakam, Efren Ramirez, Julanne Chidi Hill"
11382,"John Cusack, Dianne Wiest, Jennifer Tilly, Chazz Palminteri, Mary-Louise Parker"
15005,"Tiffany Dupont, Peter O'Toole, Luke Goss, John Noble, Omar Sharif"
8198,"Michael Caine, Brendan Fraser, Đỗ Thị Hải Yến, Tzi Ma, Rade Serbedzija"
6963,"Nicolas Cage, Michael Caine, Hope Davis, Gemmenne de la Peña, Nicholas Hoult"
15070,"Wesley Snipes, Ving Rhames, Peter Falk, Michael Rooker, Jon Seda"
12797,"Ricky Gervais, Greg Kinnear, Téa Leoni, Billy Campbell, Jordan Carlos"
17134,"John Cena, Aidan Gillen, Ashley Scott, Steve Harris, Brian J. White"
41402,"Kodi Smit-McPhee, Chloë Grace Moretz, Richard Jenkins, Elias Koteas, Sasha Barrese"
18885,"Victor Wong, Max Elliott Slade, Sean Fox, J. Evan Bonifant, Caroline Junko King"
4953,"Jack Black, Yasiin Bey, Danny Glover, Mia Farrow, Marcus Carl Franklin"
10773,"Judi Dench, Bob Hoskins, Will Young, Christopher Guest, Kelly Reilly"
146198,"Casey Affleck, Chiwetel Ejiofor, Woody Harrelson, Kate Winslet, Anthony Mackie"
2639,"Woody Allen, Kirstie Alley, Billy Crystal, Judy Davis, Caroline Aaron"
10563,"Matthew Perry, Neve Campbell, Dylan McDermott, Oliver Platt, Cylk Cozart"
295964,"Bradley Cooper, Sienna Miller, Lily James, Alicia Vikander, Uma Thurman"
5971,"Robert De Niro, Sean Penn, Demi Moore, Hoyt Axton, Bruno Kirby"
9716,"Drew Barrymore, Diva Gray, Natasha Lyonne, Edward Norton, Woody Allen"
11835,"Kevin Bacon, Garrett Hedlund, Kelly Preston, Jordan Garrett, John Goodman"
26171,"Robert De Niro, Drew Barrymore, Kate Beckinsale, Sam Rockwell, Melissa Leo"
31117,"Jon Voight, Scott Baio, Vanessa Angel, Skyler Shaye, Whoopi Goldberg"
9074,"Samuel L. Jackson, Eugene Levy, Luke Goss, Miguel Ferrer, Susie Essman"
14396,"Cedric the Entertainer, Lucy Liu, Nicollette Sheridan, Mark Dacascos, Callum Keith Rennie"
15673,"Nia Vardalos, Toni Collette, David Duchovny, Stephen Spinella, Alec Mapa"
42618,"Shirley MacLaine, John McMartin, Ricardo Montalban, Sammy Davis, Jr., Chita Rivera"
171274,"Joaquin Phoenix, Josh Brolin, Owen Wilson, Katherine Waterston, Reese Witherspoon"
24432,"Daniel Tay, Jimmy Fallon, Jon Stewart, Whoopi Goldberg, William H. Macy"
109417,"Josh Holloway, Josh Peck, Chris Brown, Laz Alonso, Caity Lotz"
13948,"Kevin Farley, Kelsey Grammer, Leslie Nielsen, Trace Adkins, Robert Davi"
106747,"Danny Trejo, Mel Gibson, Amber Heard, Michelle Rodriguez, Sofía Vergara"
10929,"Crispin Glover, R. Lee Ermey, Laura Harring, Jackie Burroughs, Ashlyn Gere"
14220,"Steve Zahn, Allen Covert, Jonah Hill, Kevin Heffernan, Ashley Scott"
46435,"Allan Corduner, Jim Broadbent, Timothy Spall, Dexter Fletcher, Shirley Henderson"
256962,"Jakob Salvati, Emily Watson, Cary-Hiroyuki Tagawa, Michael Rapaport, David Henrie"
48231,"Keira Knightley, Viggo Mortensen, Michael Fassbender, Sarah Gadon, Vincent Cassel"
3509,"Keanu Reeves, Winona Ryder, Woody Harrelson, Robert Downey Jr., Mitch Baker"
82684,"Gerard Butler, Jonny Weston, Elisabeth Shue, Abigail Spencer, Leven Rambin"
12142,"Christian Slater, Tara Reid, Stephen Dorff, Frank C. Turner, Matthew Walker"
23367,"Vanessa Hudgens, Aly Michalka, Gaelan Connell, Lisa Kudrow, Scott Porter"
10740,"Nicole Kidman, Cameron Bright, Danny Huston, Lauren Bacall, Alison Elliott"
241239,"Oscar Isaac, Jessica Chastain, Albert Brooks, Elyes Gabel, David Oyelowo"
14582,"Paul Gross, Caroline Dhavernas, Joe Dinicol, Meredith Bailey, Adam Harrington"
14914,"Aaron Abrams, Alan Alda, Lauren Graham, Greg Kinnear, Tatiana Maslany"
3902,"Cate Blanchett, Heath Ledger, Julianne Moore, Ben Whishaw, Charlotte Gainsbourg"
77948,"Henry Cavill, Verónica Echegui, Sigourney Weaver, Bruce Willis, Caroline Goodall"
21755,"Rachel Weisz, Adrien Brody, Mark Ruffalo, Rinko Kikuchi, Robbie Coltrane"
4960,"Philip Seymour Hoffman, Samantha Morton, Jennifer Jason Leigh, Michelle Williams, Catherine Keener"
128,"Yōji Matsuda, Yuriko Ishida, Yūko Tanaka, Kaoru Kobayashi, Masahiko Nishimura"
14652,"Grégori Derangère, Gérard Depardieu, Isabelle Adjani, Virginie Ledoyen, Yvan Attal"
40932,"Alex Briley, David Hodo, Glenn Hughes, Randy Jones, Felipe Rose"
16608,"Guy Pearce, Ray Winstone, Emily Watson, Danny Huston, David Wenham"
334531,"Aaron Eckhart, Finn Wittrock, Robin Tunney, Sarah Bolger, Michael Reilly Burke"
32316,"Lisa Kudrow, Damon Wayans, Richard Benjamin, Jane Krakowski, Christine Baranski"
7299,"Christian Bale, Taye Diggs, Emily Watson, Angus Macfadyen, Sean Bean"
13405,"Jonathan Rhys Meyers, Radha Mitchell, Chow Yun-fat, Michelle Yeoh"
19457,"Mark Wahlberg, Joaquin Phoenix, Charlize Theron, James Caan, Ellen Burstyn"
112937,"Christopher Lloyd, Cary Elwes, Jaime Pressly, Cloris Leachman, Chazz Palminteri"
314385,"Angelina Jolie, Brad Pitt, Mélanie Laurent, Melvil Poupaud, Niels Arestrup"
8953,"Anne Suzuki, Masane Tsukayama, Katsuo Nakamura, Manami Konishi, Kiyoshi Kodama"
29078,"Gerard Butler, Wes Bentley, Gavin Rossdale, Costas Mandylor, Louis Mandylor"
46503,"Kirsten Dunst, Ryan Gosling, Kristen Wiig, Frank Langella, Lily Rabe"
10448,"Jason Scott Lee, Esai Morales, Sandrine Holt, Eru Potaka-Dewes, Emilio Tuki Hito"
13688,"Stephen Chow, Xu Jiao, Kitty Zhang Yuqi, Lam Tze-Chung, Lee Sheung-Ching"
10353,"Christian Clavier, Jean Reno, Marie-Anne Chazel, Christian Bujeau, Muriel Robin"
43935,"Brandon Routh, Peter Stormare, Sam Huntington, Taye Diggs, Anita Briem"
11458,"Al Pacino, Kim Basinger, Ryan O'Neal, Téa Leoni, Jonathan Walker"
44638,"Helen Mirren, Felicity Jones, Reeve Carney, David Strathairn, Tom Conti"
241257,"Ethan Hawke, Emma Watson, David Thewlis, Lothaire Bluteau, Dale Dickey"
14538,"Sammo Hung, Vanness Wu, Maggie Q, Andy Lau, Ti Lung"
13250,"Pierce Brosnan, Maria Bello, Gerard Butler, Emma Karwandy, Claudette Mink"
133931,"Jeremy Suarez, Samuel L. Jackson, Abigail Breslin, Leonard Nimoy, Jeff Goldblum"
280871,"Abhinay Vaddi, Suhasini Maniratnam, Kevin McGowan, Abbas, Anmol"
239897,"Melissa Leo, Maggie Wheeler, Joey D. Vieira, R. Martin Klein, Thomas Francis Walsh III"
184341,"Robert De Niro, Edgar Ramírez, Jurnee Smollett, Ellen Barkin, Rubén Blades"
334074,"Pierce Brosnan, Milla Jovovich, Dylan McDermott, Angela Bassett, Robert Forster"
199373,"Nicolas Cage, Vanessa Hudgens, John Cusack, Radha Mitchell, Jodi Lyn O'Keefe"
14202,"Edward Norton, Juliet Howland, Naomi Watts, Ian Renwick, Liev Schreiber"
6968,"Martina Gedeck, Moritz Bleibtreu, Johanna Wokalek, Nadja Uhl, Stipe Erceg"
581,"Kevin Costner, Mary McDonnell, Graham Greene, Rodney A. Grant, Floyd Red Crow Westerman"
52449,"Cameron Diaz, Jason Segel, Justin Timberlake, Lucy Punch, Phyllis Smith"
12150,"Al Pacino, Ellen Barkin, John Goodman, Michael Rooker, William Hickey"
11247,"Hilary Duff, Jennifer Coolidge, Chad Michael Murray, Dan Byrd, Regina King"
4232,"David Arquette, Neve Campbell, Courteney Cox, Matthew Lillard, Rose McGowan"
9378,"Tony Shalhoub, Embeth Davidtz, Matthew Lillard, Shannon Elizabeth, Matthew Harrison"
694,"Jack Nicholson, Shelley Duvall, Danny Lloyd, Scatman Crothers, Barry Nelson"
105,"Michael J. Fox, Christopher Lloyd, Lea Thompson, Crispin Glover, Thomas F. Wilson"
11377,"Geoffrey Rush, Famke Janssen, Taye Diggs, Peter Gallagher, Chris Kattan"
26367,"Tyler Perry, Taraji P. Henson, Adam Rodríguez, Mary J. Blige, Gladys Knight"
385383,"Erin O'Brien, Miesha Tate, Holly Holm, Cristiane Justino, Susie Celek"
41210,"Jason Bateman, Jennifer Aniston, Jeff Goldblum, Juliette Lewis, Todd Louiso"
12090,"Ashton Kutcher, Brittany Murphy, Christian Kane, David Moscow, Alex Thomas"
62630,"Dominic Cooper, Ludivine Sagnier, Raad Rawi, Mehmet Ferda, Philip Quast"
16110,"Alec Baldwin, Peter Fonda, Mara Wilson"
29427,"Timothy Olyphant, Radha Mitchell, Joe Anderson, Danielle Panabaker, Christie Lynn Smith"
129,"Rumi Hiiragi, Miyu Irino, Mari Natsuki, Takashi Naito, Yasuko Sawaguchi"
244114,"Andy Lau, Gordon Lam Ka-Tung, Yao Chen, Hu Jun, Ray Lui"
2669,"Mel Gibson, Anthony Hopkins, Laurence Olivier, Edward Fox, Daniel Day-Lewis"
203833,"Geoffrey Rush, Sophie Nélisse, Emily Watson, Nico Liersch, Ben Schnetzer"
13523,"Josh Zuckerman, Amanda Crew, Clark Duke, James Marsden, Seth Green"
25195,"Amy Adams, Matthew Goode, Adam Scott, John Lithgow, Flaminia Cinque"
17277,"Sophia Loren, Stephen Boyd, Alec Guinness, Christopher Plummer, Anthony Quayle"
50725,"Topher Grace, Anna Faris, Dan Fogler, Teresa Palmer, Michelle Trachtenberg"
82631,"Viola Davis, Maggie Gyllenhaal, Ving Rhames, Lance Reddick, Rosie Perez"
73191,"Darci Kistler, Damian Woetzel, Bart Robinson Cook, Kyra Nichols, Jessica Lynn Cohen"
22479,"Jennifer Jason Leigh, Miranda Richardson, Harry Belafonte, Michael Murphy, Dermot Mulroney"
340611,"Logan Lerman, Sarah Gadon, Tracy Letts, Linda Emond, Danny Burstein"
10065,"Ryan Reynolds, Melissa George, Jesse James, Chloë Grace Moretz, Jimmy Bennett"
2757,"Nicolas Cage, Meryl Streep, Chris Cooper, Tilda Swinton, Cara Seymour"
11683,"Simon Baker, John Leguizamo, Dennis Hopper, Robert Joy, Asia Argento"
244339,"Lau Ching-Wan, Angelica Lee, Chen Sicheng, Natalie Tong, Eddie Cheung Siu-Fai"
1878,"Johnny Depp, Benicio del Toro, Tobey Maguire, Christina Ricci, Ellen Barkin"
23082,"Ricky Gervais, Jennifer Garner, Jonah Hill, Louis C.K., Jeffrey Tambor"
195589,"Seth Rogen, Zac Efron, Rose Byrne, Dave Franco, Ike Barinholtz"
854,"Jim Carrey, Cameron Diaz, Nancy Fish, Tim Bagley, Johnny Williams"
2280,"Tom Hanks, Elizabeth Perkins, Robert Loggia, John Heard, Jared Rushton"
496,"Sacha Baron Cohen, Ken Davitian, Luenell, Pamela Anderson, Bob Barr"
8835,"Reese Witherspoon, Luke Wilson, Selma Blair, Matthew Davis, Victor Garber"
157,"William Shatner, Leonard Nimoy, DeForest Kelley, James Doohan, George Takei"
8643,"Laura Linney, Tom Wilkinson, Campbell Scott, Jennifer Carpenter, Kenneth Welsh"
10402,"Rob Schneider, William Forsythe, Eddie Griffin, Arija Bareikis, Oded Fehr"
218043,"Nicolas Cage, Chad Michael Murray, Lea Thompson, Nicky Whelan, Martin Klebba"
9043,"Claire Danes, Diane Keaton, Rachel McAdams, Dermot Mulroney, Sarah Jessica Parker"
21301,"Ice Cube, Cedric the Entertainer, Sean Patrick Thomas, Keke Palmer, Michael Ealy"
10147,"Billy Bob Thornton, Tony Cox, Brett Kelly, Bernie Mac, John Ritter"
816,"Mike Myers, Elizabeth Hurley, Michael York, Mimi Rogers, Seth Green"
302688,"John Corbett, Elena Kampouris, Nia Vardalos, Ian Gomez, John Stamos"
60307,"Zachary Gordon, Devon Bostick, Rachael Harris, Robert Capron, Steve Zahn"
106,"Arnold Schwarzenegger, Carl Weathers, Elpidia Carrillo, Bill Duke, Jesse Ventura"
279,"F. Murray Abraham, Tom Hulce, Elizabeth Berridge, Roy Dotrice, Simon Callow"
8617,"Brittany Snow, Scott Porter, Jessica Stroup, Dana Davis, Kelly Blatz"
10625,"Lindsay Lohan, Rachel McAdams, Tim Meadows, Ana Gasteyer, Amy Poehler"
10934,"Diane Lane, Sandra Oh, Lindsay Duncan, Raoul Bova, Vincent Riotta"
5279,"Helen Mirren, Clive Owen, Maggie Smith, Geraldine Somerville, Jeremy Northam"
10013,"Kathleen Turner, Nicolas Cage, Barry Miller, Catherine Hicks, Joan Allen"
194662,"Michael Keaton, Emma Stone, Zach Galifianakis, Naomi Watts, Edward Norton"
160588,"Cate Blanchett, Alec Baldwin, Sally Hawkins, Bobby Cannavale, Louis C.K."
9829,"J.J. Johnson, Polly Adams, Trish Gates, Nancy McDoniel, Opal Alladin"
10028,"Jessica Alba, Mekhi Phifer, Joy Bryant, Romeo Miller, David Moscow"
10535,"Leslie Nielsen, Nicollette Sheridan, Charles Durning, Marcia Gay Harden, Barry Bostwick"
790,"Adrienne Barbeau, Jamie Lee Curtis, Janet Leigh, John Houseman, Tom Atkins"
43959,"AnnaSophia Robb, Helen Hunt, Lorraine Nicholson, Carrie Underwood, Dennis Quaid"
10364,"Alan Arkin, Martin Balsam, Richard Benjamin, Art Garfunkel, Jack Gilford"
16991,"Seth Rogen, Anna Faris, Michael Peña, Ray Liotta, Collette Wolfe"
9610,"Arnold Schwarzenegger, Grace Jones, Wilt Chamberlain, Tracey Walter, Mako"
1578,"Robert De Niro, Joe Pesci, Cathy Moriarty, Frank Vincent, Nicholas Colasanto"
25643,"Aaron Eckhart, Jennifer Aniston, Judy Greer, Martin Sheen, Deirdre Blades"
11904,"Nicholas Rowe, Alan Cox, Sophie Ward, Anthony Higgins, Susan Fleetwood"
28665,"Kay Panabaker, Naturi Naughton, Kherington Payne, Megan Mullally, Walter Perez"
44115,"James Franco, Kate Mara, Amber Tamblyn, Clémence Poésy, Lizzy Caplan"
10569,"Woody Allen, Carolyn Saxon, Tracey Ullman, Michael Rapaport, Tony Darrow"
10560,"Amanda Schull, Zoe Saldana, Susan May Pratt, Peter Gallagher, Scottie Thompson"
333348,"Steve Martin, Diane Keaton, John Goodman, Alan Arkin, Olivia Wilde"
20483,"Kristen Stewart, Corbin Bleu, Max Thieriot, Jennifer Beals, Sam Robards"
11457,"Kevin Kline, Kristin Scott Thomas, Hayden Christensen, Jena Malone, Mary Steenburgen"
321697,"Michael Fassbender, Kate Winslet, Seth Rogen, Katherine Waterston, Jeff Daniels"
19840,"Hayden Panettiere, Paul Rust, Lauren London, Lauren Storm, Jack Carpenter"
22327,"Michael Cera, Zach Galifianakis, Justin Long, Ray Liotta, Steve Buscemi"
38665,"Christopher Lloyd, Matt Clark, Juanin Clay, Jason Robards, John Bennett Perry"
2575,"Pierce Brosnan, Geoffrey Rush, Jamie Lee Curtis, Leonor Varela, Brendan Gleeson"
11644,"John Travolta, Nancy Allen, John Lithgow, Dennis Franz, Peter Boyden"
146227,"Ethan Hawke, Selena Gomez, Jon Voight, Paul Freeman, Bruce Payne"
68924,"Kevin Kline, Joan Allen, Sigourney Weaver, Henry Czerny, Tobey Maguire"
253235,"Michael Douglas, Diane Keaton, Sterling Jerins, Paloma Guzmán, Frances Sternhagen"
22102,"Shelley Long, Craig T. Nelson, Betty Thomas, Mary Gross, Carla Gugino"
18701,"Michael Gambon, Annette Bening, Leigh Lawson, Shaun Evans, Jeremy Irons"
10068,"Mickey Rourke, Kim Basinger, Margaret Whitton, David Margulies, Christine Baranski"
848,"Peter MacNicol, Caitlin Clarke, Ralph Richardson, John Hallam, Peter Eyre"
36811,"James McAvoy, Christopher Plummer, Helen Mirren, Paul Giamatti, Anne-Marie Duff"
522,"Johnny Depp, Martin Landau, Sarah Jessica Parker, Patricia Arquette, Jeffrey Jones"
130150,"Josh Brolin, Kate Winslet, Gattlin Griffith, Tobey Maguire, Tom Lipinski"
12246,"Tadanobu Asano, Sun Honglei, Khulan Chuluun, Aliya, Ba Sen"
13809,"Mark Strong, Tom Wilkinson, Toby Kebbell, Gerard Butler, Tom Hardy"
27380,"Barry Bostwick, Michael Beck, Persis Khambatta, Henry Silva, George Furth"
10549,"Kenneth Branagh, Derek Jacobi, Julie Christie, Richard Briers, Kate Winslet"
33870,"Chi Cao, Chengwu Guo, Wen Bin Huang, Joan Chen, Bruce Greenwood"
245703,"Michael Shannon, Jaeden Lieberher, Joel Edgerton, Kirsten Dunst, Adam Driver"
10739,"Woody Allen, Jason Biggs, Christina Ricci, Stockard Channing, Danny DeVito"
127560,"Jeremy Irvine, Colin Firth, Stellan Skarsgård, Michael MacKenzie, Nicole Kidman"
37903,"Ursina Lardi, Ulrich Tukur, Burghart Klaußner, Christian Friedel, Leonie Benesch"
396152,"Emily Roya O'Brien, Adrian Gaeta, Zack Ward, Sarah Ann Schultz"
10017,"Charlie Sheen, Nick Cassavetes, Sherilyn Fenn, Randy Quaid, Matthew Barry"
11468,"Val Kilmer, Vincent D'Onofrio, Adam Goldberg, Luis Guzmán, Doug Hutchison"
193613,"Dane DeHaan, Mackenzie Gray, James Hetfield, Lars Ulrich, Kirk Hammett"
17436,"Billy Bob Thornton, Kim Basinger, Mickey Rourke, Winona Ryder, Jon Foster"
43434,"Edgar Ramírez, Alexander Scheer, Fadi Abi Samra, Nora von Waldstätten, Talal El-Jordi"
31166,"Josh Hartnett, Elias Koteas, Takuya Kimura, Lee Byung-hun, Tran Nu Yên-Khê"
69848,"Tom Berenger, Joaquim de Almeida, Daniela Romo, Mark Moses, Stuart Graham"
8408,"Lori Cardille, Terry Alexander, Joseph Pilato, Jarlath Conroy, Anthony Dileo Jr."
332411,"John Travolta, Christopher Meloni, Rebecca De Mornay, Amanda Schull, Patrick St. Esprit"
9389,"Daniel Craig, Catherine McCormack, Romola Garai, Jonathan Pryce, Ian Holm"
9626,"Arnold Schwarzenegger, Brigitte Nielsen, Sandahl Bergman, Paul L. Smith, Ernie Reyes, Jr."
75638,"Sigourney Weaver, Robert De Niro, Cillian Murphy, Elizabeth Olsen, Toby Jones"
8363,"Jonah Hill, Michael Cera, Christopher Mintz-Plasse, Bill Hader, Seth Rogen"
15670,"Tyler Perry, Derek Luke, Keshia Knight Pulliam, Whoopi Goldberg, Ion Overman"
290555,"Jason Momoa, Lucas Till, John Pyper-Ferguson, Stephen McHattie, Merritt Patterson"
8328,"Briana Evigan, Robert Hoffman, Will Kemp, Cassie Ventura, Adam G. Sevani"
10982,"Anne Hathaway, Glenn Close, Jim Belushi, Patrick Warburton, Anthony Anderson"
205,"Don Cheadle, Sophie Okonedo, Nick Nolte, Fana Mokoena, Joaquin Phoenix"
1620,"Timothy Olyphant, Dougray Scott, Olga Kurylenko, Robert Knepper, Ulrich Thomsen"
175541,"Forest Whitaker, Angela Bassett, Jennifer Hudson, Tyrese Gibson, Jacob Latimore"
241254,"Bruce Willis, Jason Patric, John Cusack, Jessica Lowndes, Gia Mantegna"
31932,"Matt Dillon, James Caan, Natascha McElhone, Gérard Depardieu, Stellan Skarsgård"
1933,"Nicole Kidman, Christopher Eccleston, Alakina Mann, James Bentley, Eric Sykes"
679,"Sigourney Weaver, Michael Biehn, James Remar, Paul Reiser, Lance Henriksen"
11113,"Audrey Hepburn, Rex Harrison, Stanley Holloway, Wilfrid Hyde-White, Gladys Cooper"
3597,"Jennifer Love Hewitt, Sarah Michelle Gellar, Ryan Phillippe, Freddie Prinze Jr., Bridgette Wilson"
193893,"Jake Johnson, Damon Wayans Jr., Nina Dobrev, Rob Riggle, James D'Arcy"
9675,"Paul Giamatti, Thomas Haden Church, Virginia Madsen, Sandra Oh, Marylouise Burke"
9988,"Erik Stolhanske, Jay Chandrasekhar, Steve Lemme, Paul Soter, M.C. Gainey"
948,"Donald Pleasence, Jamie Lee Curtis, P.J. Soles, Nancy Kyes, Nick Castle"
21765,"Molly Shannon, Liam Aiken, Matthew Broderick, Donald Faison, Cheech Marin"
146304,"Terrence Howard, Harold Perrineau, Morris Chestnut, Sanaa Lathan, Taye Diggs"
7516,"Ryan Reynolds, Ray Liotta, Joseph Ruskin, Alex Rocco, Wayne Newton"
41439,"Tobin Bell, Costas Mandylor, Betsy Russell, Cary Elwes, Sean Patrick Flanery"
2752,"Josh Hartnett, Shannyn Sossamon, Adam Trese, Emmanuelle Vaugier, Barry Newman"
9429,"Will Ferrell, Chris Kattan, Jennifer Coolidge, Michael Clarke Duncan, Eva Mendes"
38117,"Alex Pettyfer, Vanessa Hudgens, Mary-Kate Olsen, Lisa Gay Hamilton, Neil Patrick Harris"
9792,"Aaron Stanford, Kathleen Quinlan, Vinessa Shaw, Emilie de Ravin, Dan Byrd"
13778,"David Spade, Mary McCormack, Craig Bierko, Scott Terra, Jenna Boyd"
228203,"Kevin Costner, Ramiro Rodriguez, Carlos Pratts, Johnny Ortiz, Rafael Martinez"
41382,"Shad Moss, Brandon T. Jackson, Naturi Naughton, Loretta Devine, Teairra Mari"
13960,"T.I., Evan Ross, Jackie Long, Lauren London, Albert Daniels"
114150,"Anna Kendrick, Skylar Astin, Brittany Snow, Anna Camp, Rebel Wilson"
26602,"Freddie Prinze Jr., Jessica Biel, Fred Ward, Matthew Lillard, Brian Dennehy"
10223,"Bill Paxton, Bridget Fonda, Billy Bob Thornton, Brent Briscoe, Chelcie Ross"
16028,"Laura Regan, Marc Blucas, Ethan Embry, Dagmara Domińczyk, Jon Abrahams"
15639,"Larry the Cable Guy, Iris Bahr, Tony Hale, David Koechner, Brooke Dillman"
16112,"Kevin Clash, Mandy Patinkin, Vanessa Williams, Sonia Manzano, Roscoe Orman"
26390,"Richard Gere, Don Cheadle, Ethan Hawke, Wesley Snipes, Vincent D'Onofrio"
27759,"Charlton Heston, Ava Gardner, David Niven, Burt Kwouk, Flora Robson"
109428,"Jane Levy, Shiloh Fernandez, Lou Taylor Pucci, Jessica Lucas, Elizabeth Blackmore"
23049,"Nia Vardalos, Richard Dreyfuss, Alexis Georgoulis, Alistair McGowan, Harland Williams"
9310,"Hugh Grant, Dennis Quaid, Mandy Moore, Willem Dafoe, Chris Klein"
11411,"Christopher Reeve, Margot Kidder, Gene Hackman, Jackie Cooper, Marc McClure"
16988,"Rutina Wesley, Dwain Murphy, Boyd Banks, Clé Bennett, Nina Dobrev"
7304,"Paul Walker, Cameron Bright, Vera Farmiga, Chazz Palminteri, Karel Roden"
24747,"Jim Caviezel, Claire Forlani, Jeremy Northam, Malcolm McDowell, Aidan Quinn"
58048,"Madonna, Sean Penn, Paul Freeman, Richard Griffiths, Clyde Kusatsu"
1491,"Edward Norton, Jessica Biel, Paul Giamatti, Rufus Sewell, Eddie Marsan"
2989,"Tippi Hedren, Melanie Griffith, Jerry Marshall, Kyalo Mativo, Rick Glassey"
10629,"Cate Blanchett, Gerard McSorley, Ciarán Hinds, Brenda Fricker, Don Wycherley"
255343,"Benicio del Toro, Josh Hutcherson, Brady Corbet, Claudia Traisac, Carlos Bardem"
4723,"Dwayne Johnson, Seann William Scott, Sarah Michelle Gellar, Mandy Moore, Will Sasso"
10800,"Vincent Lindon, Patrick Timsit, Philippe Nahon, Amanda Lear, Marie Drion"
25763,"Jan-Michael Vincent, George Peppard, Dominique Sanda, Paul Winfield, Jackie Earle Haley"
79694,"Ashley Greene, Sebastian Stan, Tom Felton, Julianna Guill, Luke Pasqualino"
4032,"Anna Chlumsky, Macaulay Culkin, Dan Aykroyd, Jamie Lee Curtis, Richard Masur"
18615,"Nicole Kidman, Robert Downey Jr., Ty Burrell, Harris Yulin, Jane Alexander"
10673,"Charlie Sheen, Michael Douglas, Martin Sheen, Daryl Hannah, John C. McGinley"
4584,"Kate Winslet, Emma Thompson, Hugh Grant, Tom Wilkinson, Alan Rickman"
2977,"Anne Hathaway, James McAvoy, Julie Walters, James Cromwell, Maggie Smith"
10760,"Amanda Bynes, Sara Paxton, Matt Long, Jeremy Howard, Danny Strong"
11093,"Jennifer Connelly, Ben Kingsley, Ron Eldard, Frances Fisher, Kim Dickens"
207,"Robin Williams, Ethan Hawke, Robert Sean Leonard, Gale Hansen, Josh Charles"
8467,"Jim Carrey, Jeff Daniels, Lauren Holly, Teri Garr, Mike Starr"
639,"Meg Ryan, Billy Crystal, Carrie Fisher, Bruno Kirby, Steven Ford"
24226,"Paul Newman, Charlotte Rampling, Jack Warden, James Mason, Milo O'Shea"
9285,"Breckin Meyer, Seann William Scott, Amy Smart, Paulo Costanzo, DJ Qualls"
14709,"James Van Der Beek, Amy Smart, Jon Voight, Paul Walker, Ron Lester"
74643,"Jean Dujardin, Bérénice Bejo, John Goodman, James Cromwell, Penelope Ann Miller"
13788,"Odette Annable, Gary Oldman, Meagan Good, Cam Gigandet, Idris Elba"
83666,"Bruce Willis, Edward Norton, Jared Gilman, Kara Hayward, Bill Murray"
10781,"Jordana Brewster, Taylor Handley, Diora Baird, Matt Bomer, R. Lee Ermey"
318850,"Adam Greaves-Neal, Sara Lazzaro, Vincent Walsh, Sean Bean, Jonathan Bailey"
13908,"Dana Carvey, Brent Spiner, Jennifer Esposito, Harold Gould, James Brolin"
1417,"Ivana Baquero, Maribel Verdú, Sergi López, Doug Jones, Ariadna Gil"
39180,"Michael Clarke Duncan, David Arquette, Leslie Bibb, Joe Viterelli, Steve Schirripa"
16161,"Tyrese Gibson, Taraji P. Henson, Omar Gooding, Ving Rhames, Snoop Dogg"
49950,"Minka Kelly, Leighton Meester, Cam Gigandet, Aly Michalka, Matt Lanter"
10956,"David Spade, Brittany Daniel, Dennis Miller, Adam Beach, Jaime Pressly"
9594,"Jean-Claude Van Damme, Geoffrey Lewis, Alonna Shaw, Cory Everson, Philip Chan Yan-Kin"
4638,"Simon Pegg, Nick Frost, Jim Broadbent, Paddy Considine, Rafe Spall"
13972,"Cloris Leachman, India Ennenga, Annette Bening, Eva Mendes, Debra Messing"
5038,"Scarlett Johansson, Rebecca Hall, Javier Bardem, Penélope Cruz, Christopher Evan Welch"
13491,"Joakim Nätterqvist, Sofia Helin, Stellan Skarsgård, Michael Nyqvist, Mirja Turestedt"
10571,"Freddie Prinze Jr., Claire Forlani, Jason Biggs, Amanda Detmer, Alyson Hannigan"
10994,"Alison Lohman, Michelle Pfeiffer, Cole Hauser, Robin Wright, Amy Aquino"
19994,"Megan Fox, Amanda Seyfried, Johnny Simmons, Adam Brody, J.K. Simmons"
25166,"Danny DeVito, Bette Midler, Neve Campbell, Jamie Lee Curtis, Casey Affleck"
30890,"Woody Allen, Mia Farrow, Jeff Daniels, Larry David, Todd Field"
23169,"Robert Pattinson, Emilie de Ravin, Pierce Brosnan, Lena Olin, Chris Cooper"
17403,"Mandy Moore, Trent Ford, Allison Janney, Alexandra Holden, Dylan Baker"
12120,"Dan Aykroyd, Kim Basinger, Jon Lovitz, Alyson Hannigan, Seth Green"
9800,"Tom Hanks, Denzel Washington, Jason Robards, Mary Steenburgen, Antonio Banderas"
1090,"Craig Bierko, Armin Mueller-Stahl, Gretchen Mol, Vincent D'Onofrio, Dennis Haysbert"
18475,"Ja Rule, Tim Meadows, Jenifer Lewis, Jonathan Silverman, Eve"
40160,"Sean Connery, Natalie Wood, Karl Malden, Brian Keith, Martin Landau"
18074,"Gwyneth Paltrow, Scott Speedman, Maria Bello, Paul Giamatti, Andre Braugher"
9689,"Woody Allen, George Hamilton, Téa Leoni, Debra Messing, Mark Rydell"
9781,"Giuseppe Andrews, James DeBello, Edward Furlong, Sam Huntington, Lin Shaye"
8009,"Christopher Lambert, Roxanne Hart, Clancy Brown, Sean Connery, Beatie Edney"
3877,"Halle Berry, Benicio del Toro, David Duchovny, Alison Lohman, Sarah Dubrovsky"
8854,"Shaquille O'Neal, Annabeth Gish, Richard Roundtree, Judd Nelson, Irma P. Hall"
152599,"Marion Cotillard, Jeremy Renner, Joaquin Phoenix, Dagmara Domińczyk, Gabriel Rush"
18840,"Ralph Fiennes, Natasha Richardson, Hiroyuki Sanada, Lynn Redgrave, Vanessa Redgrave"
68727,"James McAvoy, Vincent Cassel, Rosario Dawson, Matt Cross, Danny Sapani"
12657,"Tom Arnold, Kevin Hart, Method Man, Snoop Dogg, K. D. Aubert"
8265,"Kad Merad, Dany Boon, Zoé Félix, Lorenzo Ausilia-Foret, Anne Marivin"
12410,"Viggo Mortensen, Jason Isaacs, Mark Strong, Steven Mackintosh, Jodie Whittaker"
34647,"Nathaniel Brown, Paz de la Huerta, Cyril Roy, Masato Tanno, Jesse Kuhn"
73935,"Alicia Silverstone, Krysten Ritter, Sigourney Weaver, Richard Lewis, Wallace Shawn"
28178,"Richard Gere, Joan Allen, Jason Alexander, Cary-Hiroyuki Tagawa, Sarah Roemer"
185567,"Orlando Bloom, Forest Whitaker, Conrad Kemp, Inge Beckmann, Tinarie Van Wyk-Loots"
264656,"Hilary Swank, Tommy Lee Jones, Grace Gummer, Meryl Streep, Miranda Otto"
35696,"Miguel A. Núñez, Jr., Vivica A. Fox, Kevin Pollak, Tommy Davidson, Ginuwine"
16351,"Simon Abkarian, Charles Aznavour, Christopher Plummer, Arsinée Khanjian, David Alpay"
38717,"Jim Caviezel, Jake Lloyd, Mary McCormack, Bruce Dern, Paul Dooley"
18777,"Ray Liotta, LL Cool J, Mekhi Phifer, Jolene Blalock, Chiwetel Ejiofor"
2110,"Jean Reno, Ryoko Hirosue, Michel Muller, Carole Bouquet, Yoshi Oida"
9035,"Nathan Fillion, Don Thompson, Elizabeth Banks, Gregg Henry, Xantha Radley"
90,"Eddie Murphy, Judge Reinhold, John Ashton, Ronny Cox, Paul Reiser"
771,"Macaulay Culkin, Joe Pesci, Daniel Stern, John Heard, Catherine O'Hara"
12154,"Tom Selleck, Steve Guttenberg, Ted Danson, Nancy Travis, Margaret Colin"
9576,"Dustin Hoffman, Jessica Lange, Teri Garr, Dabney Coleman, Charles Durning"
744,"Tom Cruise, Kelly McGillis, Val Kilmer, Anthony Edwards, Tom Skerritt"
146,"Chow Yun-fat, Michelle Yeoh, Zhang Ziyi, Chang Chen, Cheng Pei-Pei"
14,"Kevin Spacey, Annette Bening, Thora Birch, Wes Bentley, Mena Suvari"
45269,"Colin Firth, Geoffrey Rush, Helena Bonham Carter, Guy Pearce, Timothy Spall"
9493,"Arnold Schwarzenegger, Danny DeVito, Kelly Preston, Chloe Webb, David Caruso"
22556,"William Hurt, Maria Bello, Kristen Stewart, Eddie Redmayne, Veronica Russell"
873,"Whoopi Goldberg, Margaret Avery, Danny Glover, Akosua Busia, Oprah Winfrey"
33196,"Park Joong-hoon, Sol Kyung-gu, Uhm Jung-hwa, Ha Ji-won, Lee Briggs"
205596,"Benedict Cumberbatch, Keira Knightley, Matthew Goode, Rory Kinnear, Allen Leech"
10765,"Goldie Hawn, Eileen Brennan, Armand Assante, Robert Webber, Mary Kay Place"
16769,"Sissy Spacek, Tommy Lee Jones, Levon Helm, Beverly D'Angelo, William Sanderson"
33217,"Zachary Gordon, Robert Capron, Rachael Harris, Steve Zahn, Devon Bostick"
132232,"Jessica Chastain, Nikolaj Coster-Waldau, Megan Charpentier, Isabelle Nélisse, Daniel Kash"
11153,"Chevy Chase, Beverly D'Angelo, Imogene Coca, Randy Quaid, Anthony Michael Hall"
208134,"Johnny Knoxville, Jackson Nicoll, Georgina Cates, Spike Jonze, Catherine Keener"
1165,"Helen Mirren, Michael Sheen, James Cromwell, Sylvia Syms, Helen McCrory"
4011,"Geena Davis, Alec Baldwin, Winona Ryder, Michael Keaton, Catherine O'Hara"
17202,"Tyler Perry, Jill Scott, Janet Jackson, Michael Jai White, Malik Yoba"
9587,"Winona Ryder, Gabriel Byrne, Trini Alvarado, Samantha Mathis, Kirsten Dunst"
65086,"Daniel Radcliffe, Ciarán Hinds, Sidney Johnston, Alisa Khazanova, Mary Stockley"
10053,"Camilla Belle, Katie Cassidy, Tommy Flanagan, Brian Geraghty, Clark Gregg"
11870,"Frankie Muniz, Paul Giamatti, Amanda Bynes, Amanda Detmer, Donald Faison"
11778,"Robert De Niro, John Cazale, John Savage, Christopher Walken, Meryl Streep"
586,"Dustin Hoffman, Robert De Niro, Anne Heche, Woody Harrelson, Jim Belushi"
18736,"Hilary Duff, Adam Lamberg, Hallie Todd, Robert Carradine, Jake Thomas"
134411,"Dwayne Johnson, Barry Pepper, Jon Bernthal, Susan Sarandon, Michael Kenneth Williams"
287903,"Adam Scott, Toni Collette, Allison Tolman, David Koechner, Emjay Anthony"
9276,"Jordana Brewster, Elijah Wood, Clea DuVall, Laura Harris, Josh Hartnett"
15765,"Angela Bassett, Laurence Fishburne, Vanessa Bell Calloway, Rae'Ven Larrymore Kelly, Virginia Capers"
2142,"Sylvester Stallone, Harvey Keitel, Ray Liotta, Robert De Niro, Michael Rapaport"
11397,"Chyler Leigh, Chris Evans, Jaime Pressly, Eric Christian Olsen, Mia Kirshner"
77016,"Jake Gyllenhaal, Michael Peña, Natalie Martinez, Anna Kendrick, David Harbour"
11478,"Joshua Jackson, Paul Walker, Hill Harper, Leslie Bibb, Christopher McDonald"
266856,"Eddie Redmayne, Felicity Jones, Charlie Cox, Emily Watson, Simon McBurney"
13411,"Jamie Kennedy, Taye Diggs, Anthony Anderson, Regina Hall, Blair Underwood"
10564,"Natalie Portman, Ashley Judd, Stockard Channing, Joan Cusack, Sally Field"
947,"Peter O'Toole, Alec Guinness, Anthony Quinn, Jack Hawkins, Omar Sharif"
24150,"Scout Taylor-Compton, Sheri Moon Zombie, Tyler Mane, Chase Wright Vanek, Brad Dourif"
228970,"Reese Witherspoon, Laura Dern, Thomas Sadoski, Keene McRae, Michiel Huisman"
18405,"Garret Dillahunt, Michael Bowen, Joshua Cox, Riki Lindhome, Aaron Paul"
6961,"Debra Messing, Dermot Mulroney, Amy Adams, Jack Davenport, Jeremy Sheffield"
11442,"Jamie Lee Curtis, Brad Loree, Busta Rhymes, Bianca Kajlich, Katee Sackhoff"
2493,"Cary Elwes, Robin Wright, Mandy Patinkin, André the Giant, Chris Sarandon"
14047,"Denzel Washington, Nate Parker, Forest Whitaker, Denzel Whitaker, Kimberly Elise"
64690,"Ryan Gosling, Carey Mulligan, Bryan Cranston, Albert Brooks, Oscar Isaac"
11132,"Lindsay Lohan, Adam Garcia, Glenne Headly, Alison Pill, Megan Fox"
17127,"Jennifer Aniston, Paul Rudd, Hayden Panettiere, Alan Alda, Allison Janney"
1562,"Imogen Poots, Robert Carlyle, Rose Byrne, Jeremy Renner, Harold Perrineau"
232679,"Jim Caviezel, Michael Chiklis, Laura Dern, Clancy Brown, Ser'Darius Blain"
17880,"Jeff Daniels, AnnaSophia Robb, Cicely Tyson, Eva Marie Saint, Dave Matthews"
14736,"Chris Warren, Jr., Kyla Pratt, Sanaa Lathan, Omar Epps, Alfre Woodard"
9434,"John Cusack, Minnie Driver, Dan Aykroyd, Joan Cusack, Alan Arkin"
23706,"Sandra Bullock, Thomas Haden Church, Bradley Cooper, Ken Jeong, DJ Qualls"
11531,"Kim Director, Jeffrey Donovan, Erica Leerhsen, Tristine Skyler, Stephen Barker Turner"
9100,"Robin Tunney, Fairuza Balk, Neve Campbell, Rachel True, Skeet Ulrich"
116,"Jonathan Rhys Meyers, Scarlett Johansson, Emily Mortimer, Brian Cox, Penelope Wilton"
38843,"Joey King, Selena Gomez, John Corbett, Bridget Moynahan, Ginnifer Goodwin"
1245,"Anthony Hopkins, Emma Thompson, James Fox, Christopher Reeve, Hugh Grant"
4995,"Mark Wahlberg, Burt Reynolds, John C. Reilly, Julianne Moore, Thomas Jane"
10413,"Jean-Claude Van Damme, Rosanna Arquette, Kieran Culkin, Ted Levine, Tiffany Taubman"
14012,"Tim McGraw, Maria Bello, Armie Hammer, Alison Lohman, Ryan Kwanten"
9793,"Michael Bailey Smith, Archie Kao, Jay Acovone, Jeff Kober, Philip Pavel"
12212,"Jennifer Morrison, Matthew Davis, Loretta Devine, Hart Bochner, Anthony Anderson"
13768,"Alexis Bledel, William Hurt, Sissy Spacek, Jonathan Jackson, Scott Bairstow"
8975,"John Cena, Kelly Carlson, Robert Patrick, Abigail Bianca, Anthony Ray Parker"
342521,"Jordan Peele, Keegan-Michael Key, Tiffany Haddish, Method Man, Darrell Britt-Gibson"
45272,"Gwyneth Paltrow, Garrett Hedlund, Tim McGraw, Leighton Meester, Marshall Chapman"
9424,"James Marsden, Katie Holmes, Nick Stahl, Steve Railsback, Bruce Greenwood"
97367,"Ryan Gosling, Bradley Cooper, Eva Mendes, Dane DeHaan, Emory Cohen"
254904,"Pierce Brosnan, Luke Bracey, Olga Kurylenko, Bill Smitrovich, Amila Terzimehic"
18681,"Ewan McGregor, Ashley Judd, Patrick Bergin, k.d. lang, Geneviève Bujold"
12162,"Jeremy Renner, Anthony Mackie, Brian Geraghty, Guy Pearce, Ralph Fiennes"
11495,"David Keith, Drew Barrymore, Freddie Jones, Heather Locklear, Martin Sheen"
64689,"Brad Pitt, Scoot McNairy, Ben Mendelsohn, James Gandolfini, Ray Liotta"
157849,"Philip Seymour Hoffman, Rachel McAdams, Robin Wright, Daniel Brühl, Willem Dafoe"
13166,"Tom Green, Rip Torn, Marisa Coughlan, Eddie Kaye Thomas, Harland Williams"
15511,"Phil Vischer, Mike Nawrocki, Cam Clarke, Laura Gerow, Yuri Lowenthal"
37003,"Bono, The Edge, Adam Clayton,  Larry Mullen Jr."
12211,"Christopher Lambert, Bruce Payne, Adrian Paul, Donnie Yen, Lisa Barbuscia"
13816,"André Benjamin, Paula Patton, Terrence Howard, Faizon Love, Malinda Williams"
51828,"Anne Hathaway, Jim Sturgess, Patricia Clarkson, Ken Stott, Romola Garai"
22798,"Ellen Page, Alia Shawkat, Kristen Wiig, Drew Barrymore, Shannon Eagen"
7501,"Barry Pepper, Andy Davoli, Seth Green, Vin Diesel, John Malkovich"
10743,"Edward Burns, Rachel Weisz, Morris Chestnut, Dustin Hoffman, Andy García"
37718,"Albert Brooks, Sharon Stone, Andie MacDowell, Jeff Bridges, Cybill Shepherd"
15237,"Kevin Kline, Ashley Judd, Jonathan Pryce, Kevin McNally, Sandra Nelson"
9686,"Woody Allen, Marvin Chatinover, Mae Questel, Mia Farrow, Molly Regan"
17644,
97430,"Russell Crowe, Lucy Liu, Jamie Chung, RZA, Zhu Zhu"
12257,"Drew Barrymore, Catherine O'Hara, Luke Wilson, Jake Busey, Shelley Duvall"
13539,"Leelee Sobieski, Chris Klein, Josh Hartnett, Michael Rooker, Annie Corley"
68,"Jonathan Pryce, Robert De Niro, Katherine Helmond, Ian Holm, Bob Hoskins"
14024,"Hilary Duff, Oliver James, David Keith, Johnny Lewis, Rita Wilson"
115,"Jeff Bridges, John Goodman, Julianne Moore, Steve Buscemi, Philip Seymour Hoffman"
7874,"Samuel L. Jackson, Christina Ricci, Justin Timberlake, S. Epatha Merkerson, John Cothran, Jr."
4911,"Kurt Russell, Scott Speedman, Michael Michele, Brendan Gleeson, Ving Rhames"
1988,"Angelina Jolie, Dan Futterman, Irrfan Khan, Archie Panjabi, Denis O'Hare"
16222,"Jodi Lyn O'Keefe, Shane West, Marla Sokoloff, James Franco, Aaron Paul"
9557,"Cuba Gooding Jr., Horatio Sanz, Roselyn Sánchez, Vivica A. Fox, Maurice Godin"
9026,"Rupert Everett, Colin Firth, Reese Witherspoon, Judi Dench, Tom Wilkinson"
57943,"Campbell Scott, Jennifer Jason Leigh, David Dukes, Estelle Parsons"
18276,"Luke Wilson, Logan Lerman, Brie Larson, Tim Blake Nelson, Cody Linley"
8321,"Colin Farrell, Brendan Gleeson, Ralph Fiennes, Clémence Poésy, Thekla Reuten"
72359,"Craig Robinson, Kerry Washington, David Alan Grier, S. Epatha Merkerson, Tyler James Williams"
10186,"Rainn Wilson, Josh Gad, Christina Applegate, Emma Stone, Teddy Geiger"
25704,"Alexis Bledel, Zach Gilford, Rodrigo Santoro, Jane Lynch, Carol Burnett"
133694,"Matt Damon, John Krasinski, Frances McDormand, Rosemarie DeWitt, Lucas Black"
19265,"Larry David, Evan Rachel Wood, Adam Brooks, Michael McKean, Lyle Kanouse"
36047,"Susan Ward, Lori Heuring, Matthew Settle, Nathan Bexton, Tess Harper"
8053,"Tommy Lee Jones, Barry Pepper, Dwight Yoakam, January Jones, Melissa Leo"
2290,"Robin Williams, Armin Mueller-Stahl, Hannah Taylor-Gordon, Éva Igó, István Bálint"
5236,"Robert Downey Jr., Val Kilmer, Michelle Monaghan, Corbin Bernsen, Dash Mihok"
6552,"Devon Sawa, Seth Green, Jessica Alba, Vivica A. Fox, Christopher Hart"
1018,"Naomi Watts, Laura Harring, Ann Miller, Dan Hedaya, Justin Theroux"
10075,"Agnes Bruckner, Hugh Dancy, Katja Riemann, Olivier Martinez, Bryan Dick"
38031,"Gemma Jones, Anthony Hopkins, Naomi Watts, Josh Brolin, Antonio Banderas"
42188,"Carey Mulligan, Andrew Garfield, Keira Knightley, Domhnall Gleeson, Andrea Riseborough"
112430,"Chris O'Donnell, Alfred Molina, Michael Keaton, Rory Cochrane, Alessandro Nivola"
6687,"Woody Harrelson, Emily Mortimer, Kate Mara, Eduardo Noriega, Thomas Kretschmann"
13853,"Daryl Hannah, Pamela Reed, James Remar, Thomas G. Waites, John Doolittle"
31306,"Melanie Griffith, David Morse, Lucas Black, Cathy Moriarty, Meat Loaf"
8461,"Naomi Watts, Tim Roth, Michael Pitt, Brady Corbet, Devon Gearhart"
331592,"Thomas Stroppel, Artie Ahr, Amber Marie Bollinger, Christine Haeberman, Steve Hanks"
47692,"Bob Hoskins, Elaine Cassidy, Arsinée Khanjian, Peter McDonald, Gerard McSorley"
19,"Brigitte Helm, Alfred Abel, Gustav Fröhlich, Rudolf Klein-Rogge, Fritz Rasp"
10045,"David Belle, Cyril Raffaelli, Tony D'Amario, Dany Verissimo-Petit, Bibi Naceri"
400,"Andy García, Christopher Lloyd, William Forsythe, Bill Nunn, Treat Williams"
253450,"Shu Qi, Chang Chen, Nikki Hsieh, Sheu Fang-Yi, Ethan Juan"
9104,"Joaquin Phoenix, Ed Harris, Scott Glenn, Anna Paquin, Elizabeth McGovern"
11190,"Vladimir Garin, Konstantin Lavronenko, Nataliya Vdovina, Vanya Dobronravov, Yelizaveta Aleksandrova"
16353,"Tony Jaa, Sarunyu Wongkrachang, Sorapong Chatree, Primorata Dejudom"
23759,"Michael Fassbender, Olga Kurylenko, David Morrissey, Liam Cunningham, Dominic West"
24206,"Dolph Lundgren, Gina Bellman, Conrad Dunn, Christopher Heyerdahl"
10185,"Bradley Cooper, Vinnie Jones, Brooke Shields, Leslie Bibb, Roger Bart"
75033,"Elias Koteas, Terrence Howard, Jennifer Hudson, Wendy Crewson, Angelique Pretorius"
74536,"Channing Tatum, Al Pacino, Juliette Binoche, Katie Holmes, James Ransone"
31668,"Matt LeBlanc, Eddie Izzard, James Cosmo, Nicolette Krebitz, David Tristan Birkin"
13501,"Penélope Cruz, Martin Freeman, Gwyneth Paltrow, Simon Pegg, Danny DeVito"
15208,"Anna Friel, Karel Roden, Hans Matheson, Vincent Regan, Franco Nero"
172391,"Jake T. Austin, Liam Neeson, Steve Buscemi, AnnaSophia Robb, Laurence Fishburne"
262543,"Antonio Banderas, Birgitte Hjort Sørensen, Dylan McDermott, Robert Forster, Tim McInnerny"
9288,"Bruce Payne, Mark Dymond, Clemency Burton-Hill, Ellie Chidzey, Tim Stern"
370980,"Rodrigo de la Serna, Sergio Hernández, Àlex Brendemühl, Maximilian Dirr, Mercedes Morán"
20083,"Jackie Chan, Naoto Takenaka, Daniel Wu, Xu Jinglei, Fan Bingbing"
40880,"Linus Roache, John Hannah, Samantha Morton, Emily Woof, Andrea Lowe"
137,"Bill Murray, Andie MacDowell, Chris Elliott, Stephen Tobolowsky, Brian Doyle-Murray"
264999,"Channing Tatum, Matt Bomer, Joe Manganiello, Kevin Nash, Adam Rodríguez"
454,"Leonardo DiCaprio, Claire Danes, John Leguizamo, Harold Perrineau, Pete Postlethwaite"
53457,"Kristin Scott Thomas, Niels Arestrup, Frédéric Pierrot, Michel Duchaussoy, Dominique Frot"
288980,"Cuba Gooding Jr., William Sadler, Sharon Leal, David Rasche, Diane Salinger"
33,"Clint Eastwood, Gene Hackman, Morgan Freeman, Richard Harris, Jaimz Woolvett"
1951,"Bryce Dallas Howard, Isaach De Bankolé, Danny Glover, Willem Dafoe, Michaël Abiteboul"
12405,"Dev Patel, Freida Pinto, Anil Kapoor, Mia Drake Inderbitzin, Saurabh Shukla"
10998,"Michael Douglas, Glenn Close, Anne Archer, Ellen Hamilton Latzen, Jane Krakowski"
114,"Julia Roberts, Richard Gere, Ralph Bellamy, Jason Alexander, Héctor Elizondo"
9396,"Paul Hogan, Linda Kozlowski, John Meillon, Ernie Dingo, Charles S. Dutton"
319910,"María Valverde, Vincent D'Onofrio, Thomas Jane, Anton Yelchin, Sean Patrick Flanery"
2604,"Tom Cruise, Raymond J. Barry, Caroline Kava, Holly Marie Combs, Kyra Sedgwick"
864,"Leon Robinson, Doug E. Doug, Rawle D. Lewis, Malik Yoba, John Candy"
14435,"Jensen Ackles, Jaime King, Kerr Smith, Betsy Rue, Edi Gathegi"
1931,"Columbus Short, Meagan Good, Ne-Yo, Darrin Henson, Jermaine Williams"
691,"Roger Moore, Barbara Bach, Curd Jürgens, Richard Kiel, Caroline Munro"
9877,"Alicia Witt, Jared Leto, Rebecca Gayheart, Michael Rosenbaum, Loretta Devine"
62008,"Tyler Perry, Phylicia Rashād, Thandie Newton, Brian J. White, Gabrielle Union"
12227,"Klaus Maria Brandauer, Ethan Hawke, Seymour Cassel, Susan Hogan, James Remar"
13824,"Molly Shannon, Will Ferrell, Elaine Hendrix, Harland Williams, Tom Green"
71688,"Meryl Streep, Anthony Stewart Head, Harry Lloyd, Jim Broadbent, Susan Brown"
15173,"Phil Vischer, Mike Nawrocki, Tim Hodge, Lisa Vischer, Daniel Anderson"
8291,"Janet Jackson, Tupac Amaru Shakur, Regina King, Joe Torry, Tyra Ferrell"
13950,"Ice Cube, Mike Epps, Tommy Flanagan, Carmen Chaplin, Eva Mendes"
12158,"Eddie Murphy, Angela Bassett, Allen Payne, Kadeem Hardison, John Witherspoon"
11586,"Linda Blair, Richard Burton, Louise Fletcher, Max von Sydow, Kitty Winn"
10008,"Donald Sutherland, Sissy Spacek, James D'Arcy, Matthew Marsh, Gaye Brown"
2830,"Ashton Kutcher, Tara Reid, Andy Richter, Jeffrey Tambor, Michael Madsen"
12403,"Milla Jovovich, Timothy Olyphant, Steve Zahn, Chris Hemsworth, Anthony Ruivivar"
34563,"Forest Whitaker, America Ferrera, Carlos Mencia, Regina King, Lance Gross"
14557,"Tom Everett Scott, Mark-Paul Gosselaar, Poppy Montgomery, Lochlyn Munro, Randy Pearlstein"
10368,"Cher, Judi Dench, Joan Plowright, Maggie Smith, Lily Tomlin"
10280,"Robert John Burke, Joe Mantegna, Lucinda Jenney, Michael Constantine, Kari Wuhrer"
12637,"Liza Minnelli, Robert De Niro, Lionel Stander, Barry Primus, Dick Miller"
34152,"Alfre Woodard, Delroy Lindo, David Patrick Kelly, Zelda Harris, Carlton Williams"
14434,"Chris Rock, Kerry Washington, Gina Torres, Steve Buscemi, Edward Herrmann"
11470,"Kane Hodder, Lexa Doig, Chuck Campbell, Lisa Ryder, David Cronenberg"
10741,"Anthony Hopkins, Heather Graham, Ashton Kutcher, Mary Elizabeth Winstead, Helen Hunt"
24940,"Monica Potter, Freddie Prinze Jr., Shalom Harlow, Ivana Miličević, Sarah Murdoch"
82679,"Victoria Justice, Jackson Nicoll, Chelsea Handler, Josh Pence, Jane Levy"
2013,"Mathieu Amalric, Emmanuelle Seigner, Marie-Josée Croze, Anne Consigny, Patrick Chesnais"
1440,"Kate Winslet, Patrick Wilson, Jennifer Connelly, Jackie Earle Haley, Noah Emmerich"
18041,"Joshua Jackson, James Marsden, Kate Hudson, Lena Headey, Norman Reedus"
28029,"Diane Lane, Viggo Mortensen, Liev Schreiber, Anna Paquin, Tovah Feldshuh"
1123,"Tim Robbins, Derek Luke, Bonnie Henna, Mncedisi Shabangu, Tumisho Masha"
14033,"Eliza Dushku, Melissa Sagemiller, Wes Bentley, Casey Affleck, Angela Featherstone"
87729,"Nick Nolte, Greta Scacchi, Thandie Newton, Gwyneth Paltrow, Jean-Pierre Aumont"
16899,"Jessica Biel, Ben Barnes, Kristin Scott Thomas, Colin Firth, Kimberley Nixon"
41317,"Anthony Quinn, Jennifer O'Neill, Michael Sarrazin, Christopher Lee, Joseph Cotten"
245700,"Timothy Spall, Dorothy Atkinson, Marion Bailey, Paul Jesson, Lesley Manville"
37842,"André Dussollier, Sabine Azéma, Emmanuelle Devos, Mathieu Amalric, Anne Consigny"
9045,"Ulrich Tukur, Mathieu Kassovitz, Ulrich Mühe, Michel Duchaussoy, Marcel Iureș"
44092,"Michelle Yeoh, Jung Woo-sung, Wang Xue-qi, Barbie Hsu, Shawn Yue"
16005,"Tim Robbins, Rachel McAdams, Michael Peña, Kerry Bishé, Molly Hagan"
44754,"Anna Paquin, Matt Damon, Mark Ruffalo, Matthew Broderick, Jeannie Berlin"
23988,"Diora Baird, Leslie Nielsen, Steve Howey, Kenan Thompson, Tara Wilson"
43949,"Madeline Carroll, Callan McAuliffe, Rebecca De Mornay, Anthony Edwards, John Mahoney"
142,"Heath Ledger, Jake Gyllenhaal, Randy Quaid, Michelle Williams, Anne Hathaway"
9603,"Alicia Silverstone, Stacey Dash, Brittany Murphy, Paul Rudd, Donald Faison"
10712,"Julianne Moore, Dennis Quaid, Dennis Haysbert, Patricia Clarkson, Viola Davis"
243938,"Rob Corddry, Craig Robinson, Clark Duke, Adam Scott, Chevy Chase"
10876,"Geoffrey Rush, Kate Winslet, Joaquin Phoenix, Michael Caine, Billie Whitelaw"
86838,"Colin Farrell, Sam Rockwell, Woody Harrelson, Christopher Walken, Tom Waits"
25208,"Samuel L. Jackson, Colm Feore, Ann Magnuson, Aunjanue Ellis, Tamara Tunie"
613,"Bruno Ganz, Alexandra Maria Lara, Corinna Harfouch, Ulrich Matthes, Juliane Köhler"
1913,"Javier Bardem, Belén Rueda, Lola Dueñas, Joan Dalmau, Josep Maria Pou"
97370,"Scarlett Johansson, Kryštof Hádek, Paul Brannigan, Michael Moreland, Scott Dymond"
801,"Robin Williams, Forest Whitaker, Tung Thanh Tran, Chintara Sukapatana, Bruno Kirby"
70829,"Harvey Keitel, Jason Mewes, Blake Clark, Jon Polito, Paul Hipp"
54518,"Justin Bieber, Miley Cyrus, Usher Raymond, Jaden Smith, Sean Kingston"
44214,"Natalie Portman, Mila Kunis, Vincent Cassel, Barbara Hershey, Winona Ryder"
240,"Al Pacino, Robert Duvall, Diane Keaton, Robert De Niro, John Cazale"
9816,"Julia Stiles, Sean Patrick Thomas, Kerry Washington, Fredro Starr, Terry Kinney"
10131,"Robert Englund, Tuesday Knight, Ken Sagoes, Rodney Eastman, Lisa Wilcox"
339984,"Jennifer Garner, Kylie Rogers, Martin Henderson, Brighton Sharbino, Courtney Fansler"
8859,"Ashton Kutcher, Seann William Scott, Kristy Swanson, Jennifer Garner, Marla Sokoloff"
11967,"Emilio Estevez, Kiefer Sutherland, Lou Diamond Phillips, Charlie Sheen, Dermot Mulroney"
239563,"Bill Murray, Melissa McCarthy, Naomi Watts, Jaeden Lieberher, Chris O'Dowd"
222899,"Kevin Hart, Michael Ealy, Regina Hall, Joy Bryant, Christopher McDonald"
4951,"Heath Ledger, Julia Stiles, Joseph Gordon-Levitt, Larisa Oleynik, David Krumholtz"
10985,"DJ Qualls, Eliza Dushku, Zooey Deschanel, Lyle Lovett, Jerod Mixon"
9644,"Emilio Estevez, Samuel L. Jackson, Jon Lovitz, Tim Curry, Kathy Ireland"
332567,"Blake Lively, Óscar Jaenada, Angelo Josue Lozano Corzo, José Manuel Trujillo Salas, Brett Cullen"
1954,"Ashton Kutcher, Melora Walters, Amy Smart, Elden Henson, William Lee Scott"
15489,"Chevy Chase, Chris Elliott, Jean Smart, Iggy Pop, Pam Grier"
15250,"Loretta Devine, Delroy Lindo, Idris Elba, Regina King, Laz Alonso"
22345,"Kathleen Turner, Christopher Lloyd, Kim Cattrall, Peter MacNicol, Dom DeLuise"
9448,"Mark Wahlberg, Lou Diamond Phillips, Christina Applegate, China Chow, Avery Brooks"
38223,"Michelle Trachtenberg, Rosie O'Donnell, J. Smith-Cameron, Eartha Kitt, Vanessa Lee Chester"
11186,"Alex Vincent, Jenny Agutter, Gerrit Graham, Christine Elise, Brad Dourif"
136835,"Idris Elba, Taraji P. Henson, Leslie Bibb, Kate del Castillo, Henry Simmons"
5876,"Thomas Jane, Marcia Gay Harden, Laurie Holden, Andre Braugher, Toby Jones"
264660,"Domhnall Gleeson, Alicia Vikander, Oscar Isaac, Sonoya Mizuno, Corey Johnson"
492,"John Cusack, Cameron Diaz, Catherine Keener, Charlie Sheen, John Malkovich"
25462,"Vivica A. Fox, Morris Chestnut, Anthony Anderson, Gabrielle Union, Wendy Raquel Robinson"
238603,"Teo Halm, Astro, Resse Hartwig, Ella Wahlestedt, Jason Gray-Stanford"
10691,"Kirsten Dunst, Jay Hernandez, Bruce Davison, Herman Osorio, Miguel Castro"
1251,"Ken Watanabe, Kazunari Ninomiya, Tsuyoshi Ihara, Ryo Kase, Shidou Nakamura"
5172,"Billy Bob Thornton, Virginia Madsen, Max Thieriot, Jasper Polish, Logan Polish"
58680,"Jada Pinkett Smith, Tommy Davidson, Duane Martin, Michael Ralph, Darrel Heath"
264644,"Brie Larson, Jacob Tremblay, Joan Allen, Sean Bridgers, William H. Macy"
14577,"Norm Macdonald, Artie Lange, Jack Warden, Traylor Howard, Don Rickles"
11592,"Kathleen Turner, Sam Waterston, Ricki Lake, Matthew Lillard, Traci Lords"
16406,"Kirsten Dunst, Michelle Williams, Will Ferrell, Dan Hedaya, Bruce McCulloch"
19052,"Usher Raymond, Vanessa Williams, Forest Whitaker, Rosario Dawson, Robert Ri'chard"
3682,"Ryan Phillippe, Salma Hayek, Breckin Meyer, Mike Myers, Neve Campbell"
9683,"Jake Gyllenhaal, Swoosie Kurtz, Marley Shelton, Danny Trejo, John Carroll Lynch"
2084,"Nicole Kidman, Ben Chaplin, Vincent Cassel, Mathieu Kassovitz, Kate Lynn Evans"
107811,"Miles Teller, Skylar Astin, Justin Chon, Sarah Wright, Jonathan Keltz"
2266,"Steve Buscemi, Natalie Portman, Willem Dafoe, Maggie Gyllenhaal, Axel Kiener"
13074,"Samuel L. Jackson, Josh Hartnett, Alan Alda, Teri Hatcher, Kathryn Morris"
144340,"Tina Fey, Paul Rudd, Michael Sheen, Lily Tomlin, Wallace Shawn"
48217,"Daniel Auteuil, Emir Kusturica, Juliette Binoche, Michel Duchaussoy, Philippe Magnan"
28211,"Julianne Moore, Liam Neeson, Amanda Seyfried, Max Thieriot, R. H. Thomson"
47502,"Cher, Chazz Palminteri, Ryan O'Neal, Paul Mazursky, Amber Smith"
9950,"Vin Diesel, Alex Rocco, Frank Pietrangolare, Richard DeDomenico, Paul Borghese"
84892,"Logan Lerman, Emma Watson, Ezra Miller, Paul Rudd, Nina Dobrev"
24227,"Thomas Ian Griffith, Lance Henriksen, James Earl Jones, Burt Young, Tony Todd"
9672,"Sigourney Weaver, Toby Jones, Gwyneth Paltrow, Sandra Bullock, Isabella Rossellini"
44853,"Peter Mullan, Milla Jovovich, Wes Bentley, Nastassja Kinski, Sarah Polley"
157544,"Olivia Taylor Dudley, Michael Peña, Djimon Hounsou, Dougray Scott, Peter Andersson"
59678,"Nick Frost, Jodie Whittaker, John Boyega, Luke Treadaway, Flaminia Cinque"
79777,"Zana Marjanović, Goran Kostić, Branko Đurić, Dzana Pinjo, Miloš Timotijević"
158011,"Halle Berry, Abigail Breslin, Morris Chestnut, Michael Imperioli, Ella Rae Peck"
407887,"Lee Jung-jae, Liam Neeson, Lee Beom-soo, Jin Se-yeon, Jung Joon-ho"
17043,"Steve Irwin, Terri Irwin, Magda Szubanski, David Wenham, Lachy Hulme"
8952,"Jim Carrey, Ewan McGregor, Leslie Mann, Rodrigo Santoro, Brennan Brown"
62204,"Everett McGill, Ron Perlman, Nicholas Kadi, Rae Dawn Chong, Gary Schwartz"
13435,"Derek Luke, Malcolm David Kelley, Cory Hodges, Denzel Washington, Joy Bryant"
17187,"Kevin Kline, Emile Hirsch, Embeth Davidtz, Rob Morrow, Edward Herrmann"
319,"Christian Slater, Patricia Arquette, Michael Rapaport, Bronson Pinchot, Gary Oldman"
59457,"Eva Green, Matt Smith, Lesley Manville, Peter Wight, István Lénárt"
9504,"Al Pacino, Jack Lemmon, Alec Baldwin, Alan Arkin, Ed Harris"
37414,"Casey Affleck, Kate Hudson, Jessica Alba, Ned Beatty, Tom Bower"
6217,"Nastassja Kinski, Malcolm McDowell, John Heard, Ruby Dee, Ed Begley Jr."
26688,"Rumer Willis, Briana Evigan, Jamie Chung, Leah Pipes, Teri Andrzejewski"
43867,"Ronald Colman, Madeleine Carroll, Raymond Massey, Mary Astor, Douglas Fairbanks Jr."
6615,"Ryan Gosling, Emily Mortimer, Paul Schneider, Kelli Garner, Lauren Ash"
14574,"Asa Butterfield, Jack Scanlon, Vera Farmiga, David Thewlis, Rupert Friend"
16,"Björk, Catherine Deneuve, David Morse, Peter Stormare, Joel Grey"
39780,"Ralph Fiennes, Cate Blanchett, Ciarán Hinds, Tom Wilkinson, Richard Roxburgh"
21612,"Christopher Walken, Chris Penn, Annabella Sciorra, Isabella Rossellini, Vincent Gallo"
36691,"Michael Douglas, Danny DeVito, Jesse Eisenberg, Susan Sarandon, Mary-Louise Parker"
23631,"Danny Trejo, Michelle Rodriguez, Jessica Alba, Robert De Niro, Lindsay Lohan"
45324,"Kevin Spacey, Kelly Preston, Hannah Endicott-Douglas, Rachelle Lefevre, Barry Pepper"
12144,"Gabriel Damon, Candace Hutson, Judith Barsi, Will Ryan, Pat Hingle"
11658,"Jang Dong-gun, Won Bin, Lee Eun-ju, Gong Hyung-jin, Park Jeong-Woo"
56601,"Clifton Collins Jr, Cheech Marin, Moisés Arias, Emilie de Ravin, Jake T. Austin"
9552,"Linda Blair, Max von Sydow, Ellen Burstyn, Jason Miller, Lee J. Cobb"
578,"Roy Scheider, Robert Shaw, Richard Dreyfuss, Lorraine Gary, Murray Hamilton"
2105,"Jason Biggs, Chris Klein, Thomas Ian Nicholas, Alyson Hannigan, Shannon Elizabeth"
126319,"Anne-Marie Loop, Lambert Wilson, Pauline Brunner, Patrice Melennec, Brigitte Virtudes"
10136,"Eddie Murphy, Charles Dance, Charlotte Lewis, Victor Wong, Peter Kwong"
67660,"Michael Ealy, Jerry Ferrara, Meagan Good, Regina Hall, Kevin Hart"
10611,"Ice Cube, Anthony Anderson, Cedric the Entertainer, Sean Patrick Thomas, Eve"
154,"William Shatner, Leonard Nimoy, DeForest Kelley, James Doohan, George Takei"
3049,"Jim Carrey, Sean Young, Courteney Cox, Tone Loc, Dan Marino"
860,"Matthew Broderick, Dabney Coleman, Ally Sheedy, John Wood, Barry Corbin"
9281,"Harrison Ford, Kelly McGillis, Josef Sommer, Lukas Haas, Jan Rubes"
75674,"Roselyn Sánchez, Emilio Rivera, Nestor Serrano, Gonzalo Menendez, Alexander Asefa"
9762,"Channing Tatum, Jenna Dewan, Damaine Radcliff, De'Shawn Washington, Mario"
3179,"Mike Judge, Bruce Willis, Demi Moore, Robert Stack, Richard Linklater"
184,"Pam Grier, Samuel L. Jackson, Robert Forster, Bridget Fonda, Michael Keaton"
13335,"John Cho, Kal Penn, Neil Patrick Harris, Rob Corddry, Jack Conley"
76726,"Dane DeHaan, Alex Russell, Michael B. Jordan, Michael Kelly, Anna Wood"
10269,"Barbra Streisand, Mandy Patinkin, Amy Irving, Nehemiah Persoff, Steven Hill"
36819,"Sean Connery, John Cleese, Shelley Duvall, Michael Palin, Ian Holm"
17130,"Britney Spears, Zoe Saldana, Taryn Manning, Anson Mount, Dan Aykroyd"
57214,"Oliver Cooper, Jonathan Daniel Brown, Thomas Mann, Dax Flame, Kirby Bliss Blanton"
11202,"George C. Scott, Karl Malden, Stephen Young, Michael Strong, Carey Loftin"
9357,"Robin Williams, Connie Nielsen, Michael Vartan, Erin Daniels, Eriq La Salle"
13812,"Jennifer Carpenter, Steve Harris, Jay Hernandez, Johnathon Schaech, Columbus Short"
9030,"Jessica Alba, Alessandro Nivola, Parker Posey, Rade Serbedzija, Fernanda Romero"
19084,"Cedric the Entertainer, Vanessa Williams, Steve Harvey, Shari Headley, Shad Moss"
8386,"Method Man, Redman, Obba Babatundé, Mike Epps, Anna Maria Horsford"
10437,"Michael Caine, Don Austen, Meredith Braun, Don Austen, Ed Sanders"
1360,"Salma Hayek, Alfred Molina, Mía Maestro, Patricia Reyes Spíndola, Diego Luna"
101267,"Katy Perry, Russell Brand, Shannon Woodward, Rachael Markarian, Mia Moretti"
222935,"Shailene Woodley, Ansel Elgort, Nat Wolff, Laura Dern, Sam Trammell"
10220,"Matt Damon, John Turturro, Gretchen Mol, Goran Visnjic, Edward Norton"
284296,"Chris Rock, Rosario Dawson, J.B. Smoove, Gabrielle Union, Romany Malco"
31915,"Talia Shire, Robert Foxworth, Armand Assante, Richard Dysart, Victoria Racimo"
11601,"Kevin Bacon, Kathryn Erbe, Illeana Douglas, Kevin Dunn, Conor O'Farrell"
205220,"Judi Dench, Steve Coogan, Sophie Kennedy Clark, Mare Winningham, Barbara Jefford"
11354,"Joan Allen, Kevin Costner, Erika Christensen, Keri Russell, Alicia Witt"
16241,"Gregory Peck, Laurence Olivier, James Mason, Lilli Palmer, Uta Hagen"
14191,"Emma Roberts, Joanna 'JoJo' Levesque, Sara Paxton, Jake McDorman, Arielle Kebbel"
286565,"Nat Wolff, Cara Delevingne, Justice Smith, Austin Abrams, Halston Sage"
26710,"Eddie Griffin, Anthony Anderson, Michael Imperioli, Method Man, Paula Jai Parker"
129670,"Bruce Dern, Will Forte, Bob Odenkirk, June Squibb, Stacy Keach"
9059,"Billy Zane, William Sadler, Jada Pinkett Smith, Brenda Bakke, CCH Pounder"
34549,"Alex D. Linz, Zena Grey, Nora Dunn, Larry Miller, Josh Peck"
57157,"Charlize Theron, Patton Oswalt, Patrick Wilson, Elizabeth Reaser, Collette Wolfe"
1948,"Jason Statham, Amy Smart, Jose Pablo Cantillo, Efren Ramirez, Dwight Yoakam"
28353,"Bill Bellamy, Lark Voorhies, Bernie Mac, Elise Neal"
46889,"Holly Hunter, Danny DeVito, Queen Latifah, Martin Donovan, Rachael Leigh Cook"
38093,"Queen Latifah, Common, Paula Patton, James Pickens Jr., Phylicia Rashād"
14976,"Anne Hathaway, Rosemarie DeWitt, Sebastian Stan, Roslyn Ruff, Bill Irwin"
11027,"Jack Nicholson, Jessica Lange, John Colicos, Michael Lerner, Anjelica Huston"
3635,"Scarlett Johansson, Colin Firth, Cillian Murphy, Tom Wilkinson, Judy Parfitt"
387,"Jürgen Prochnow, Herbert Grönemeyer, Klaus Wennemann, Hubertus Bengsch, Martin Semmelrogge"
6020,"Barry Watson, Michael Rosenbaum, Harland Williams, Melissa Sagemiller, Tony Denman"
122906,"Domhnall Gleeson, Rachel McAdams, Bill Nighy, Lydia Wilson, Lindsay Duncan"
9550,"Takeshi Kaneshiro, Andy Lau, Zhang Ziyi, Song Dandan, Zhao Hongfei"
60599,"Richard Gere, Susan Sarandon, Tim Roth, Brit Marling, Monica Raymund"
227719,"Jonny Weston, Virginia Gardner, Sofia Black-D'Elia, Sam Lerner, Allen Evangelista"
14299,"Adrien Brody, Jeffrey Wright, Beyoncé Knowles, Gabrielle Union, Columbus Short"
19419,"Norm Macdonald, Dave Chappelle, Danny DeVito, Elaine Stritch, Daniel Benzali"
12088,"Christopher Lambert, Kurtwood Smith, Loryn Locklin, Clifton Collins Jr, Jeffrey Combs"
14799,"Catherine O'Hara, Harry Shearer, Parker Posey, Christopher Moynihan, John Michael Higgins"
9466,"Kenneth Branagh, Judy Davis, Joe Mantegna, Leonardo DiCaprio, Charlize Theron"
7510,"Annette Bening, Brian Cox, Joseph Cross, Joseph Fiennes, Evan Rachel Wood"
31246,"Kelly Clarkson, Justin Guarini , Brandon Henschel, Greg Siff, Brian Dietzen"
61752,"Theresa Randle, Isaiah Washington, Spike Lee, Jenifer Lewis, Debi Mazar"
10944,"Meg Ryan, Mark Ruffalo, Jennifer Jason Leigh, Nick Damici, Heather Litteer"
10362,"Joaquin Phoenix, Gwyneth Paltrow, Isabella Rossellini, Vinessa Shaw, Moni Moshonov"
14778,"Michael Caine, Tom Courtenay, David Hemmings, Bob Hoskins, Helen Mirren"
1255,"Song Kang-ho, Park Hae-il, Bae Doona, Ko Ah-sung, Byun Hee-bong"
45226,"Robert Duvall, Treat Williams, Kathryn Harrold, Ed Flanders, Paul Gleason"
10212,"Guy Pearce, Robert Carlyle, David Arquette, Jeremy Davies, Neal McDonough"
8669,"Anton Yelchin, Robert Downey Jr., Hope Davis, Kat Dennings, Tyler Hilton"
179144,"Toni Servillo, Carlo Verdone, Sabrina Ferilli, Carlo Buccirosso, Iaia Forte"
16857,"Emile Hirsch, Kieran Culkin, Jodie Foster, Vincent D'Onofrio, Jena Malone"
86825,"Mia Wasikowska, Nicole Kidman, Matthew Goode, Dermot Mulroney, Jacki Weaver"
844,"Tony Leung Chiu-Wai, Zhang Ziyi, Faye Wong, Takuya Kimura, Gong Li"
8060,"Chris Cooper, Pierce Brosnan, Patricia Clarkson, Rachel McAdams, David Wenham"
15907,"Alex Michaeletos, Campbell Scott, Mary Makhatho, Nthabiseng Kenoshi, Hope Davis"
38448,"Colin Farrell, Alicja Bachleda-Curuś, Dervla Kirwan, Alison Barry, Marion O'Dwyer"
327,"Takeshi Kitano, Omar Epps, Claude Maki, Susumu Terajima, Masaya Kato"
9260,"William H. Macy, Isaiah Washington, Sam Rockwell, Michael Jeter, Luis Guzmán"
61337,"James Spader, Kyra Sedgwick, Helen Mirren, Albert Brooks, Anne Bancroft"
13079,"Uma Thurman, Evan Rachel Wood, Eva Amurri Martino, Gabrielle Brennan, Brett Cullen"
89325,"Diane Keaton, Kevin Kline, Sam Shepard, Dianne Wiest, Richard Jenkins"
4170,"Kevin Kline, Cesar Ramos, Paulina Gaitán, Alicja Bachleda-Curuś, Marco Pérez"
41508,"Marcell Nagy, Béla Dóra, Bálint Péntek, Áron Dimény, Péter Fancsikai"
12479,"Bruce Willis, Albert Finney, Nick Nolte, Barbara Hershey, Glenne Headly"
44555,"Sun Honglei, Xiao Shen Yang, Yan Ni, Ni Dahong, Zhao Benshan"
10133,"Jeremy Northam, Lucy Liu, Nigel Bennett, Timothy Webber, David Hewlett"
21345,"Liu Ye, Gao Yuanyuan, Hideo Nakaizumi, John Paisley, Beverly Peckous"
173931,"Jon Heder, Tom Arnold, Michael Clarke Duncan, Rebecca Black, Claire Geare"
61984,"Hiroyuki Ikeuchi, Takuya Kimura, Meisa Kuroki, Toshirō Yanagiba, Tsutomu Yamazaki"
50601,"Rupert Friend, Val Kilmer, Andy García, Dean Cain, Emmanuelle Chriqui"
26466,"Melissa George, Liam Hemsworth, Emma Lung, Rachael Carpani, Michael Dorman"
345003,"Caroline Barry, Christopher Lambert, Kelly LeBrock, Julia Chantrey, Alexandra Callas"
236751,"Greg Kinnear, Kelly Reilly, Connor Corum, Thomas Haden Church, Jon Ted Wynne"
107,"Jason Statham, Brad Pitt, Vinnie Jones, Dennis Farina, Benicio del Toro"
357837,"Witney Carson, Chehon Wespi-Tschopp, Gary Daniels, David Winters, Jordan Clark"
8913,"Dale Midkiff, Fred Gwynne, Denise Crosby, Brad Greenquist, Michael Lombard"
13889,"Tatsuo Matsumura, Kyôko Kagawa, Hisashi Igawa, George Tokoro, Masayuki Yui"
18530,"Paddy Considine, Julia Stiles, Caroline Dhavernas, James Gilbert, Karl Pruner"
358451,"Lau Ching-Wan, Tang Wei, Qin Hailu, Jing Boran "
927,"Zach Galligan, Phoebe Cates, Hoyt Axton, Polly Holliday, Dick Miller"
11,"Mark Hamill, Harrison Ford, Carrie Fisher, Peter Cushing, Alec Guinness"
291870,"Zac Efron, Robert De Niro, Julianne Hough, Aubrey Plaza, Dermot Mulroney"
907,"Omar Sharif, Julie Christie, Geraldine Chaplin, Rod Steiger, Alec Guinness"
206563,"Rickson Tevez, Eduardo Luis, Gabriel Weinstein, Rooney Mara, Selton Mello"
11887,"Zac Efron, Vanessa Hudgens, Ashley Tisdale, Lucas Grabeel, Corbin Bleu"
45317,"Mark Wahlberg, Christian Bale, Amy Adams, Melissa Leo, Mickey O'Keefe"
12094,"Johnny Knoxville, Bam Margera, Steve-O, Chris Pontius, Ryan Dunn"
10377,"Joe Pesci, Ralph Macchio, Marisa Tomei, Mitchell Whitfield, Fred Gwynne"
249164,"Chloë Grace Moretz, Jamie Blackley, Liana Liberato, Mireille Enos, Stacy Keach"
256092,"Thomas Jane, John Cusack, Zoe Ventoura, Damien Garvey, Christopher Morris"
9942,"Tom Berenger, Charlie Sheen, Corbin Bernsen, Margaret Whitton, James Gammon"
10748,"Talulah Riley, Rupert Everett, Gemma Arterton, Colin Firth, Lena Headey"
1817,"Colin Farrell, Kiefer Sutherland, Forest Whitaker, Radha Mitchell, Katie Holmes"
10229,"Mandy Moore, Shane West, Peter Coyote, Daryl Hannah, Lauren German"
687,"Susan Sarandon, Sean Penn, Robert Prosky, Raymond J. Barry, R. Lee Ermey"
796,"Sarah Michelle Gellar, Ryan Phillippe, Reese Witherspoon, Selma Blair, Louise Fletcher"
22804,"Tobin Bell, Costas Mandylor, Betsy Russell, Mark Rolston, Peter Outerbridge"
10156,"Mel Brooks, Dom DeLuise, Madeline Kahn, Harvey Korman, Cloris Leachman"
12837,"Dakota Fanning, Queen Latifah, Jennifer Hudson, Sophie Okonedo, Alicia Keys"
17708,"Chris Kattan, Vinessa Shaw, Peter Falk, Peter Berg, Chris Penn"
13937,"John Lithgow, Lolita Davidovich, Steven Bauer, Frances Sternhagen, Gregg Henry"
28932,"Sylvester Stallone, Rod Steiger, Peter Boyle, Melinda Dillon, David Huffman"
31909,"Karen Black, Hunter Carson, Timothy Bottoms, Laraine Newman, James Karen"
167073,"Saoirse Ronan, Domhnall Gleeson, Emory Cohen, Jim Broadbent, Julie Walters"
3175,"Ryan O'Neal, Marisa Berenson, Hardy Krüger, Diana Körner, Frank Middlemass"
14369,"Jason London, Lee Majors, Zach Galifianakis, Victoria Silvstedt, David Koechner"
16888,"Tim Meadows, Karyn Parsons, Billy Dee Williams, John Witherspoon, Jill Talley"
121826,"Maggie Smith, Tom Courtenay, Billy Connolly, Pauline Collins, Michael Gambon"
10646,"Jerry O'Connell, Shannon Elizabeth, Jake Busey, Horatio Sanz, Bernie Casey"
12149,"Bill Paxton, Matthew McConaughey, Powers Boothe, Matt O'Leary, Jeremy Sumpter"
304357,"Helen Mirren, Ryan Reynolds, Tatiana Maslany, Katie Holmes, Max Irons"
11184,"Liam Neeson, Laura Linney, Chris O'Donnell, Peter Sarsgaard, Timothy Hutton"
766,"Bruce Campbell, Embeth Davidtz, Marcus Gilbert, Ian Abercrombie, Richard Grove"
20009,"Jason Segel, Devon Sawa, Jason Schwartzman, Jaime King, Cameron Diaz"
1587,"Johnny Depp, Leonardo DiCaprio, Juliette Lewis, Darlene Cates, Mary Steenburgen"
30973,"Christopher Plummer, Henry Ian Cusick, Stuart Bunce, Daniel Kash, Stephen Russell"
11109,"Imelda Staunton, Sally Hawkins, Richard Graham, Eddie Marsan, Anna Keaveney"
9027,"Jimi Mistry, Heather Graham, Marisa Tomei, Michael McKean, Dash Mihok"
63020,"Marisa Tomei, Alfred Molina, Anjelica Huston, Chazz Palminteri, Trini Alvarado"
86829,"Oscar Isaac, Carey Mulligan, Justin Timberlake, Jerry Grayson, Robin Bartlett"
11065,"Mekhi Phifer, Josh Hartnett, Andrew Keegan, Julia Stiles, Martin Sheen"
13888,"Milla Jovovich, Brian Krause, Lisa Pelikan, Courtney Barilla, Garette Ratliff Henson"
42345,"Sean Connery, Samantha Eggar, Richard Harris, Frank Finlay, Anthony Zerbe"
13994,"James Gandolfini, Susan Sarandon, Kate Winslet, Steve Buscemi, Mandy Moore"
1590,"Ed Harris, Diane Kruger, Matthew Goode, Phyllida Law, Ralph Riach"
62728,"Andy Serkis, Helen Mirren, John Hurt, Sam Riley, Andrea Riseborough"
11917,"Tobin Bell, Costas Mandylor, Scott Patterson, Betsy Russell, Mark Rolston"
45138,"John Cassavetes, Britt Ekland, Peter Falk, Gabriele Ferzetti, Margherita Guzzinati"
80271,"Miley Cyrus, Demi Moore, Douglas Booth, Ashley Greene, Ashley Hinshaw"
4657,"Laura Linney, Gabriel Byrne, Deborra-Lee Furness, John Howard, Leah Purcell"
14395,"Shah Rukh Khan, Rani Mukerji, Preity Zinta, Abhishek Bachchan, Amitabh Bachchan"
24137,"Cate Blanchett, Minnie Driver, Rupert Everett, Julianne Moore, Jeremy Northam"
190847,"Liev Schreiber, Romola Garai, Elias Koteas, Olivia Williams, Johnny Harris"
11056,"Anna Paquin, Lena Olin, Iain Glen, Giancarlo Giannini, Fele Martínez"
62,"Keir Dullea, Gary Lockwood, William Sylvester, Douglas Rain, Daniel Richter"
601,"Henry Thomas, Drew Barrymore, Robert MacNaughton, Dee Wallace, Peter Coyote"
13067,"Meg Ryan, Kristen Stewart, Adam Brody, JoBeth Williams, Olympia Dukakis"
25379,"Marc Donato, Pascale Bussières, William Hurt, Raoul Max Trujillo, Steve Adams"
88641,"Dermot Mulroney, Ricky Schroder, Kelli Williams, Noah Wyle, Lucy Deakins"
58051,"Akshay Kumar, Ritesh Deshmukh, Deepika Padukone, Lara Dutta, Jiah Khan"
14877,"Jon Voight, Tamara Hope, Trent Ford, Lolita Davidovich, Dean Cain"
96399,"Eva Longoria, Andy García, Oscar Isaac, Peter O'Toole, Rubén Blades"
304410,"Louane Emera, Karin Viard, François Damiens, Eric Elmosnino, Roxane Duran"
489,"Robin Williams, Matt Damon, Ben Affleck, Stellan Skarsgård, Minnie Driver"
373314,"Josh Duhamel, Alice Eve, Malin Åkerman, Lee Byung-hun, Julia Stiles"
214,"Tobin Bell, Shawnee Smith, Angus Macfadyen, Bahar Soomekh, Dina Meyer"
10890,"Bill Murray, Harold Ramis, Warren Oates, P.J. Soles, Sean Young"
1588,"Kirsten Dunst, Jesse Bradford, Eliza Dushku, Gabrielle Union, Huntley Ritter"
316727,"Elizabeth Mitchell, Frank Grillo, Mykelti Williamson, Edwin Hodge, Raymond J. Barry"
10314,"Freddie Prinze Jr., Rachael Leigh Cook, Matthew Lillard, Paul Walker, Jodi Lyn O'Keefe"
663,"Tobin Bell, Scott Patterson, Costas Mandylor, Betsy Russell, Lyriq Bent"
11804,"Michael Keaton, Chandra West, Deborah Kara Unger, Ian McNeice, Keegan Connor Tracy"
16781,"Tyler Perry, Blair Underwood, Lynn Whitfield, Boris Kodjoe, Lisa Arrindell"
11873,"Paul Newman, Tom Cruise, Mary Elizabeth Mastrantonio, Helen Shaver, John Turturro"
9289,"Eddie Albert, Paul Anka, Arletty, Jean-Louis Barrault, Richard Beymer"
10414,"Emilio Estevez, Joss Ackland, Lane Smith, Heidi Kling, Josef Sommer"
1970,"Sarah Michelle Gellar, Jason Behr, Clea DuVall, Bill Pullman, William Mapother"
9614,"Adam Sandler, Ben Stiller, Christopher McDonald, Julie Bowen, Frances Bay"
8922,"Gina Philips, Justin Long, Jonathan Breck, Patricia Belcher, Eileen Brennan"
1648,"Keanu Reeves, Alex Winter, George Carlin, Dan Shor, Hal Landon Jr."
17917,"Ron Moody, Shani Wallis, Oliver Reed, Harry Secombe, Mark Lester"
74534,"Bill Nighy, Maggie Smith, Tom Wilkinson, Judi Dench, Dev Patel"
19405,"Rickey D'Shon Collins, Jason Davis, Ashley Johnson, Courtland Mead, Pamela Adlon"
9355,"Mel Gibson, Tina Turner, Bruce Spence, Helen Buday, Angelo Rossitto"
10999,"Arnold Schwarzenegger, Rae Dawn Chong, Dan Hedaya, Vernon Wells, James Olson"
321258,"Lauren Cohan, Rupert Evans, James Russell, Jim Norton, Diana Hardcastle"
44040,"Chris Messina, Jacob Vargas, Bojana Novaković, Logan Marshall-Green, Bokeem Woodbine"
10426,"Ice Cube, Mike Epps, John Witherspoon, Don Curry, Anna Maria Horsford"
280092,"Dermot Mulroney, Stefanie Scott, Lin Shaye, Leigh Whannell, Angus Sampson"
13938,"Taimak, Julius Carry, Vanity, Christopher Murney, Faith Prince"
10163,"Jeff Fahey, Pierce Brosnan, Jenny Wright, Mark Bringelson, Geoffrey Lewis"
12182,"Michael Cera, Kat Dennings, Aaron Yoo, Alexis Dziena, Ari Graynor"
1832,"Ben Affleck, Matt Damon, Linda Fiorentino, Jason Mewes, Chris Rock"
9034,"Goldie Hawn, Susan Sarandon, Geoffrey Rush, Erika Christensen, Robin Thomas"
15301,"Albert Brooks, Vic Morrow, John Larroquette, John Lithgow, Dan Aykroyd"
10135,"Patrick Swayze, Kelly Lynch, Sam Elliott, Ben Gazzara, Marshall R. Teague"
26352,"Keenen Ivory Wayans, Charles S. Dutton, Jada Pinkett Smith, Salli Richardson-Whitfield, Andrew Divoff"
20616,"Jesse Bradford, Erika Christensen, Shiri Appleby, Kate Burton, Jason Ritter"
9794,"Dane Cook, Jessica Simpson, Dax Shepard, Andy Dick, Tim Bagley"
15037,"Jennifer Love Hewitt, Ethan Embry, Charlie Korsmo, Lauren Ambrose, Peter Facinelli"
227,"Matt Dillon, Ralph Macchio, C. Thomas Howell, Patrick Swayze, Rob Lowe"
294272,"Bryce Dallas Howard, Oakes Fegley, Wes Bentley, Karl Urban, Oona Laurence"
11336,"Christopher Walken, Brooke Adams, Tom Skerritt, Martin Sheen, Herbert Lom"
283445,"Shannyn Sossamon, James Ransone, Robert Daniel Sloan, Dartanian Sloan, Lea Coco"
88036,"Whitney Houston, Cee Lo Green, Derek Luke, Mike Epps, Carmen Ejogo"
10984,"Denise Richards, David Boreanaz, Marley Shelton, Jessica Capshaw, Jessica Cauffiel"
22824,"Milla Jovovich, Will Patton, Hakeem Kae-Kazim, Corey Johnson, Enzo Cilenti"
9526,"Meryl Streep, Lindsay Lohan, Virginia Madsen, Woody Harrelson, Garrison Keillor"
39349,"Wesley Snipes, Michael Wright, Donald Faison, O.L. Duke, Leslie Uggams"
15983,"Chuck Norris, Richard Lynch, Melissa Prophet, Alexander Zale, Alex Colon"
14544,"Nick Cannon, Shad Moss, Chi McBride, Meagan Good, Brandon T. Jackson"
11545,"Jason Schwartzman, Olivia Williams, Bill Murray, Seymour Cassel, Mason Gamble"
42684,"Eric Balfour, Scottie Thompson, David Zayas, Donald Faison, Brittany Daniel"
268238,"Dev Patel, Judi Dench, Richard Gere, Maggie Smith, Bill Nighy"
8359,"Abigail Breslin, Chris O'Donnell, Julia Ormond, Stanley Tucci, Joan Cusack"
15648,"Hilary Duff, Heather Locklear, Chris Noth, Mike O'Malley, Ben Feldman"
41823,"Denzel Washington, Spike Lee, Wesley Snipes, Giancarlo Esposito, John Turturro"
11891,"Hui Lou Chen, Tad Horino, Steve Oedekerk, Jennifer Tung, Ming Lo"
9362,"Kevin Bacon, Fred Ward, Finn Carter, Michael Gross, Reba McEntire"
9902,"Desmond Harrington, Eliza Dushku, Emmanuelle Chriqui, Jeremy Sisto, Kevin Zegers"
14729,"David Carradine, Keith Carradine, Robert Carradine, James Keach, Stacy Keach"
9455,"Mark Wahlberg, Chow Yun-fat, Byron Mann, Kim Chan, Ric Young"
103731,"Matthew McConaughey, Tye Sheridan, Jacob Lofland, Sam Shepard, Reese Witherspoon"
10090,"Lennie Loftin, Danny DeVito, Ben Garant, Carlos Alazraqui, Mary Birdsong"
164558,"Harry Styles, Niall Horan, Zayn Malik, Louis Tomlinson, Liam Payne"
19905,"Jeremy Piven, Ving Rhames, James Brolin, David Koechner, Kathryn Hahn"
17710,"Spencer Klein, Francesca Smith, Jamil Walker Smith, Dan Castellaneta, Tress MacNeille"
75900,"Michelle Williams, Eddie Redmayne, Kenneth Branagh, Julia Ormond, Judi Dench"
9515,"Pierce Brosnan, Greg Kinnear, Hope Davis, Portia Dawson, Adam Scott"
27322,"Larenz Tate, Nia Long, Isaiah Washington, Bill Bellamy, Lisa Nicole Carson"
328425,"Jason Bateman, Rebecca Hall, Joel Edgerton, Allison Tolman, Tim Griffin"
14120,"Louie Leonardo, Chad Allen, Jack Guzman, Chase Ellison, Sylvia Jefferies"
10050,"Kirsten Dunst, Ben Foster, Melissa Sagemiller, Colin Hanks, Zoe Saldana"
1542,"Ron Livingston, Jennifer Aniston, David Herman, Ajay Naidu, Diedrich Bader"
10490,"Kirsten Dunst, Ellen Barkin, Denise Richards, Amy Adams, Kirstie Alley"
87093,"Amy Adams, Christoph Waltz, Krysten Ritter, Danny Huston, Jason Schwartzman"
10029,"Jon Favreau, Leland Orser, Cameron Diaz, Christian Slater, Jeremy Piven"
9893,"Alexa PenaVega, Mika Boorem, Jane Lynch, Sara Paxton, Brie Larson"
11507,"Craig Wasson, Melanie Griffith, Gregg Henry, Deborah Shelton, Guy Boyd"
37931,"Will Forte, Kristen Wiig, Val Kilmer, Ryan Phillippe, Maya Rudolph"
3472,"Chiwetel Ejiofor, Audrey Tautou, Sergi López, Benedict Wong, Sophie Okonedo"
87818,"Anna Faris, Emma Stone, Halle Berry, Kate Winslet, Hugh Jackman"
13160,"Eva Longoria, Jason Biggs, Lake Bell, Paul Rudd, Lindsay Sloane"
88005,"Steve Carell, Keira Knightley, Connie Britton, Adam Brody, Rob Corddry"
52067,"Anne Heche, Ed Helms, Sigourney Weaver, John C. Reilly, Rob Corddry"
73,"Edward Norton, Edward Furlong, Beverly D'Angelo, Avery Brooks, Jennifer Lien"
134597,"Josh Stewart, Christopher McDonald, Emma Fitzpatrick, Lee Tergesen, Erin Way"
24034,"Nathan Lane, Kelsey Grammer, Shaun Fleming, Debra Jo Rupp, David Ogden Stiers"
14283,"Carlo Cecchi, Irene Grazioli, Anita Laurenzi, Tommaso Puntelli, Samuele Amighetti"
404,"Richard Farnsworth, Sissy Spacek, Jane Galloway Heitz, Joseph A. Carpenter, Donald Wiegert"
13201,"Stephen Dorff, Fairuza Balk, Brad Renfro, Norman Reedus, Max Perlich"
209403,"Jason Bateman, Kathryn Hahn, Rohan Chand, Philip Baker Hall, Allison Janney"
7942,"Simon Pegg, Thandie Newton, Hank Azaria, Dylan Moran, Harish Patel"
73247,"Andy Kaufman, Bernadette Peters, Randy Quaid, Kenneth McMillan, Melanie Mayron"
253331,"Kevin Costner, Jillian Estell, Jennifer Ehle, Gillian Jacobs, Octavia Spencer"
34043,"Lance Bass, Joey Fatone, Emmanuelle Chriqui, James Bulliard, Al Green"
9952,"Christian Bale, Steve Zahn, Marshall Bell, Toby Huss, Pat Healy"
256924,"Al Pacino, Annette Bening, Jennifer Garner, Bobby Cannavale, Christopher Plummer"
82532,"Jason Segel, Ed Helms, Susan Sarandon, Judy Greer, Rae Dawn Chong"
41110,"Tilda Swinton, Flavio Parenti, Edoardo Gabbriellini, Alba Rohrwacher, Gabriele Ferzetti"
134371,"Samantha Mathis, Jason Beghe, Esai Morales, Patrick Fabian, Kim Rhodes"
2088,"Gary Oldman, Lena Olin, Annabella Sciorra, Juliette Lewis, Roy Scheider"
10388,"Terence Stamp, Lesley Ann Warren, Luis Guzmán, Barry Newman, Joe Dallesandro"
1640,"Sandra Bullock, Don Cheadle, Matt Dillon, Michael Peña, Jennifer Esposito"
25520,"Gillian Anderson, Dan Aykroyd, Eleanor Bron, Terry Kinney, Anthony LaPaglia"
27342,"Burt Reynolds, Cliff Robertson, Kenneth McMillan, Cynthia Gibb, Scott Wilson"
13689,"Scott Mechlowicz, Nick Nolte, Amy Smart, Tim DeKay, Ashton Holmes"
67911,"Nick Swardson, Christina Ricci, Stephen Dorff, Don Johnson, Ido Mosseri"
24664,"Damon Wayans, Savion Glover, Tommy Davidson, Jada Pinkett Smith, Michael Rapaport"
329440,"Natalie Dormer, Taylor Kinney, Yukiyoshi Ozawa, Eoin Macken, Rina Takasaki"
47890,"Lesley-Anne Down, Frank Langella, Maurice Ronet, John Gielgud, Vic Tablian"
252512,"Ben Stiller, Naomi Watts, Adam Driver, Amanda Seyfried, Charles Grodin"
55720,"Demián Bichir, José Julián, Chelsea Rendon, Dolores Heredia, Joaquín Cosio"
9613,"Ralph Fiennes, Miranda Richardson, Gabriel Byrne, Lynn Redgrave, John Neville"
29076,"Sandra Bullock, Liam Neeson, Oliver Platt, José Zúñiga, Michael DeLorenzo"
29339,"Charlie Hunnam, Nathan Lane, Jim Broadbent, Christopher Plummer, Jamie Bell"
68812,"Michael Shannon, Winona Ryder, Ray Liotta, Chris Evans, David Schwimmer"
32740,"Hrithik Roshan, Naseeruddin Shah, Priyanka Chopra, Rekha, Sharat Saxena"
14195,"Melanie Griffith, Stephen Dorff, Alicia Witt, Adrian Grenier, Lawrence Gilliard Jr."
73567,"Matthew McConaughey, Emile Hirsch, Thomas Haden Church, Gina Gershon, Juno Temple"
41479,"David Duchovny, Demi Moore, Amber Heard, Benjamin Hollingsworth, Lauren Hutton"
15394,"Philip Seymour Hoffman, Minnie Driver, John Hurt, Maury Chaykin, Ian Tracey"
10071,"Will Arnett, Will Forte, Kristen Wiig, Chi McBride, Lee Majors"
1989,"Norah Jones, Jude Law, Natalie Portman, David Strathairn, Rachel Weisz"
91076,"John Turturro, Christopher Walken, Susan Sarandon, Rufus Sewell, Beverly D'Angelo"
12779,"Madonna, Adriano Giannini, Bruce Greenwood, Elizabeth Banks, Michael Beattie"
13191,"John Cusack, Hilary Duff, Marisa Tomei, Joan Cusack, Dan Aykroyd"
11770,"Stephen Chow, Ng Man-Tat, Patrick Tse Yin, Zhao Wei, Wong Yat-Fei"
12703,"Vincent Gallo, Chloë Sevigny, Cheryl Tiegs, Elizabeth Blake, Anna Vareschi"
64559,"Michel Serrault, Isabelle Huppert, François Cluzet, Jean-François Balmer"
222649,"Gael García Bernal, Shohreh Aghdashloo, Jason Jones, Haluk Bilginer, Nasser Faris"
115872,"Olivier Martinez, Aitana Sánchez-Gijón, Romane Bohringer, Didier Bezace"
101173,"Gerard Butler, Ralph Fiennes, Lubna Azabal, Ashraf Barhom, Jessica Chastain"
25350,"Sigourney Weaver, Ryan Donowho, Emile Hirsch, Jeff Daniels, Michelle Williams"
10034,"Minnie Driver, Mary McCormack, Kevin McNally, Danny Dyer, Michael Gambon"
20178,"Robin Williams, Alexie Gilmore, Daryl Sabara, Geoff Pierson, Henry Simmons"
5072,"Danny Dyer, Laura Harris, Toby Stephens, Tim McInnerny, Babou Ceesay"
18191,"William H. Macy, Joe Mantegna, Denise Richards, Mena Suvari, Bokeem Woodbine"
31007,"Kristen Stewart, James Gandolfini, Melissa Leo, Joe Chrest, Ally Sheedy"
11546,"George Gaynes, G. W. Bailey, Leslie Easterbrook, Michael Winslow, David Graf"
41894,"Natalie Alyn Lind, Michael Rooker, Emily Alyn Lind, Omar Benson Miller, Lee Norris"
184374,"Christian Vazquez, Liz Gallardo, Angélica Aragón, Kuno Becker, Ginés García Millán"
268171,"Shirley MacLaine, Christopher Plummer, Chris Noth, Marcia Gay Harden, Scott Bakula"
78149,"Jackie Chan, Sylvester Stallone, Whoopi Goldberg, Eric Idle, Ryan O'Neal"
24663,"Justin Timberlake, Jeff Bridges, Kate Mara, Harry Dean Stanton, Mary Steenburgen"
39037,"Alexis Bledel, Colin Egglesfield, Anna Chlumsky, Andrew McCarthy, Scott Porter"
22805,"Uma Thurman, Minnie Driver, Anthony Edwards, David Schallipp, Matthew Schallipp"
39055,"Corbin Bleu, Sandra Echeverría, Madison Pettis"
245846,"Nicole Kidman, Joseph Fiennes, Hugo Weaving, Lisa Flanagan, Megan Alston"
25186,"Ice Cube, Mike Epps, Young Jeezy, Darris Love, Julio Oscar Mechoso"
15017,"Jessica Simpson, Luke Wilson, Rachael Leigh Cook, Penelope Ann Miller, Andy Dick"
12245,"Elijah Wood, John Hurt, Leonor Watling, Julie Cox, Jim Carter"
49787,"Adrienne Pickering, Zoe Naylor, Gyton Grantley, Damian Walshe-Howling, Kieran Darcy-Smith"
16358,"Hank Azaria, Jesse Bradford, Zooey Deschanel, Glenne Headly, Famke Janssen"
7006,"Nathan Fillion, Katee Sackhoff, Craig Fairbrass, Adrian Holmes, Teryl Rothery"
66767,"Tyrone Brown, Mishael Morgan, Nikki Grant, Chase Armitage, Ray Johnson"
17622,"Ben Kingsley, Jim Sturgess, Kevin Zegers, Rose McGowan, Tom Collins"
283671,"Drake Bell, Rob Schneider, Brianne Siddall, Joey D'Auria, Jessica DiCicco"
18516,"Jeff Goldblum, Willem Dafoe, Derek Jacobi, Ayelet Zurer, Hana Laslo"
217708,"Ingvar Eggert Sigurðsson, Charlotte Bøving, Steinn Ármann Magnússon, Kristbjörg Kjeld, Helgi Björnsson"
42057,"Shabana Azmi, Goldy Notay, Sendhil Ramamurthy, Sally Hawkins, Mark Addy"
17577,"Cuba Gooding Jr., Ray Winstone, Ron Perlman, Taryn Manning, Stephanie Jacobsen"
14608,"Kristin Kreuk, Jimi Mistry, Neve Campbell, John Light, Irrfan Khan"
34417,"Luke Perry, LeAnn Rimes, Jimmi Simpson"
15067,"Song Kang-ho, Lee Byung-hun, Jung Woo-sung, Yoon Je-moon, Song Young-chang"
78383,"Paz de la Huerta, Katrina Bowden, Kathleen Turner, Judd Nelson, Boris Kodjoe"
43090,"Sienna Guillory, Tyler Mane, Callum Keith Rennie, Dustin Milligan, Graham Greene"
16614,"Jesse Eisenberg, Kristen Stewart, Martin Starr, Kristen Wiig, Bill Hader"
9700,"Andy García, Richard Bradford, Nestor Carbonell, Enrique Murciano, Dominik García-Lorido"
10471,"Ice Cube, Mike Epps, Justin Pierce, John Witherspoon, Don Curry"
250066,"Hayden Christensen, Adrien Brody, Jordana Brewster, Akon, Laura Cayouette"
667,"Sean Connery, Akiko Wakabayashi, Karin Dor, Mie Hama, Tetsurō Tamba"
208869,"Ed Speleers, Will Poulter, Alfie Allen, Sebastian de Souza, Emma Rigby"
86837,"Emmanuelle Riva, Jean-Louis Trintignant, Isabelle Huppert, William Shimell, Rita Blanco"
10306,"Tom Skerritt, Nancy Allen, Heather O'Rourke, Lara Flynn Boyle, Kipley Wentz"
106845,"Roger Cross, Scott Adkins, Daniella Alonso, Bruce Payne, Jesse Garcia"
11576,"Spencer Tracy, Milton Berle, Sid Caesar, Buddy Hackett, Mickey Rooney"
219,"Penélope Cruz, Carmen Maura, Lola Dueñas, Blanca Portillo, Yohana Cobo"
11827,"Rodger Bumpass, Jackie Burroughs, Joe Flaherty, Harold Ramis, John Candy"
22820,"Michael Angarano, Sam Rockwell, Clive Revill, Jemaine Clement, Jennifer Coolidge"
31174,"Ian McKellen, Annette Bening, Jim Broadbent, Kristin Scott Thomas, Adrian Dunbar"
244316,"James Marsden, Thomas Jane, Piper Perabo, Scott Glenn, Michaela McManus"
37737,"Hrithik Roshan, Bárbara Mori, Kabir Bedi, Kangana Ranaut, Nicholas Brown"
62215,"Kirsten Dunst, Charlotte Gainsbourg, Kiefer Sutherland, Charlotte Rampling, John Hurt"
66125,"Josh Lucas, Rachael Taylor, Rohan Nichol, Luke Ford, Arthur Angel"
132316,"Shah Rukh Khan, Katrina Kaif, Anushka Sharma, Anupam Kher, Bindal Parikh"
348,"Tom Skerritt, Sigourney Weaver, Veronica Cartwright, Harry Dean Stanton, John Hurt"
30497,"Marilyn Burns, Allen Danziger, Paul A. Partain, William Vail, Teri McMinn"
27586,"Dakota Fanning, Kristen Stewart, Michael Shannon, Riley Keough, Stella Maeve"
14811,"Chaim Topol, Norma Crane, Leonard Frey, Molly Picon, Paul Mann"
660,"Sean Connery, Claudine Auger, Adolfo Celi, Luciana Paluzzi, Rik Van Nutter"
68684,"Shanley Caswell, Josh Hutcherson, Spencer Locke, Dane Cook, A.D. Johnson"
40794,"Nicole Grimaudo, Riccardo Scamarcio, Alessandro Preziosi, Lunetta Savino, Ennio Fantastichini"
9400,"Jada Pinkett Smith, Queen Latifah, Vivica A. Fox, Kimberly Elise, Blair Underwood"
16162,"Nia Long, Morris Chestnut, Harold Perrineau, Terrence Howard, Sanaa Lathan"
10585,"Catherine Hicks, Chris Sarandon, Alex Vincent, Brad Dourif, Dinah Manoff"
2359,"Michael Moore, George W. Bush, Bill Clinton, Hillary Clinton, Billy Crystal"
238636,"Frank Grillo, Carmen Ejogo, Zach Gilford, Kiele Sanchez, Zoë Borde"
10472,"Freddie Prinze Jr., Julia Stiles, Selma Blair, Shawn Hatosy, Zak Orth"
11282,"John Cho, Kal Penn, Paula Garcés, Neil Patrick Harris, David Krumholtz"
6521,"Gary Oldman, Joan Allen, Jeff Bridges, Christian Slater, Sam Elliott"
14181,"Giovanni Ribisi, Vin Diesel, Nia Long, Tom Everett Scott, Ben Affleck"
1621,"Eddie Murphy, Dan Aykroyd, Jamie Lee Curtis, Jim Belushi, Denholm Elliott"
9656,"Katie Cassidy, Michelle Trachtenberg, Kristen Cloke, Mary Elizabeth Winstead, Lacey Chabert"
16428,"Jamie Foxx, Morris Chestnut, Jennifer Esposito, Gabrielle Union, Peter MacNicol"
10705,"Kenneth Branagh, Derek Jacobi, Brian Blessed, James Larkin, Paul Scofield"
8272,"Laura Linney, Philip Seymour Hoffman, Philip Bosco, Cara Seymour, Peter Friedman"
24621,"Roselyn Sánchez, Sofía Vergara, Jaci Velasquez, Eduardo Verástegui, Lisa Vidal"
1619,"Benicio del Toro, Ryan Phillippe, Juliette Lewis, James Caan, Taye Diggs"
9685,"Kieran Culkin, Claire Danes, Jeff Goldblum, Jared Harris, Amanda Peet"
14425,"Jeremy Piven, Chris Young, David Spade, Megan Ward, Sarah Trigger"
14624,"James Garner, Drew Fuller, Abigail Breslin, Ali Hillis, Bill Cobbs"
10179,"Robert Urich, Mary Crosby, Michael D. Roberts, Anjelica Huston, John Matuszak"
15568,"Jesse Lee Soffer, Christopher Shand, Carly Schroeder, Karl Girolamo, Vasilios Mantagas"
14057,"David Duchovny, Julianne Moore, Billy Crudup, Maggie Gyllenhaal, Justin Bartha"
12621,"Steve Coogan, Catherine Keener, Joseph Julian Soria, Melonie Diaz, Arnie Pantoja"
1808,"Ewan McGregor, Christian Bale, Jonathan Rhys Meyers, Janet McTeer, Toni Collette"
293670,"Kwak Do-won, Hwang Jung-min, Chun Woo-hee, Jun Kunimura, Kim Hwan-hee"
67675,"Dianna Agron, Lea Michele, Gwyneth Paltrow, Darren Criss, Chris Colfer"
27329,"M.L. Piyapas Bhirombhakdi, Sarunyu Wongkrachang, Chatchai Plengpanich, Johnny Anfone, Mai Charoenpura"
29514,"Adrienne Barbeau, Harvey Keitel, Ramy Zada, E.G. Marshall, Madeleine Potter"
250349,"Lambert Wilson, Franck Dubosc, Florence Foresti, Guillaume de Tonquédec, Jérôme Commandeur"
12454,"James Corden, Timothy Spall, Ruth Sheen, Lesley Manville, Sally Hawkins"
39806,"Q'orianka Kilcher, Barry Pepper, Will Patton, Jimmy Yuill, Shaun Evans"
15699,"Sapphire Boyce, Christian Byers, Vince Colosimo, Jacqueline McKenzie, Robert Morgan"
8883,"Thure Lindhardt, Mads Mikkelsen, Stine Stengade, Peter Mygind, Mille Lehfeldt"
17926,"Kip Pardue, Carrie Fisher, Shannyn Sossamon, Pell James, Steven Strait"
291081,"Andrew Garfield, David Morrissey, John Henshaw, Anthony Flanagan, Warren Clarke"
41248,"Michel Blanc, Catherine Deneuve, Émilie Dequenne, Nicolas Duvauchelle, Mathieu Demy"
25968,"Sarah Michelle Gellar, David Thewlis, Jonathan Tucker, Erika Christensen, Melissa Leo"
9671,"Paul Hogan, Linda Kozlowski, Mark Blum, David Gulpilil, Michael Lombard"
52010,"Terence Stamp, John Hurt, Sean Pertwee, Steven Waddington, Donald Sumpter"
11588,"Ryan Phillippe, Sarah Polley, Piper Perabo, Robert Sean Leonard, Stephen Rea"
43418,"Brendan Cowell, Harrison Gilbertson, Steve Le Marquand, Gyton Grantley, Alan Dukes"
71157,"Karin Viard, JoeyStarr, Marina Foïs, Nicolas Duvauchelle, Maïwenn"
13483,"Hayden Christensen, Jessica Alba, Terrence Howard, Lena Olin, Charlie Hewson"
333355,"Tom Kane, Corey Burton, Mat Lucas, James Arnold Taylor, André Sogliuzzo"
327833,"Dolph Lundgren, Tony Jaa, Ron Perlman, Celina Jade, Michael Jai White"
1547,"Jason Patric, Corey Haim, Corey Feldman, Dianne Wiest, Kiefer Sutherland"
25196,"Jeff Bridges, Maggie Gyllenhaal, Colin Farrell, Robert Duvall, Paul Herman"
16323,"Bette Midler, Alan Bates, Frederic Forrest, Harry Dean Stanton, David Keith"
175528,"Paula Patton, Adam Brody, Djimon Hounsou, Taye Diggs, Christina Milian"
8069,"Jane Fonda, John Phillip Law, Anita Pallenberg, Marcel Marceau, Claude Dauphin"
71805,"Stian Smestad, Gabriel Byrne, Louisa Milwood-Haigh, Bjørn Sundquist, Joachim Rafaelsen"
9451,"Matthew Broderick, Reese Witherspoon, Chris Klein, Jessica Campbell, Mark Harelik"
16727,"Kal Penn, Tabu, Irrfan Khan, Sahira Nair, Jacinda Barrett"
272693,"Mae Whitman, Robbie Amell, Bella Thorne, Bianca A. Santos, Skyler Samuels"
10696,"Mariah Carey, Max Beesley, Terrence Howard, Valarie Pettiford, Padma Lakshmi"
150202,"Chad Michael Murray, Katee Sackhoff, Abigail Spencer, Cicely Tyson, Emily Alyn Lind"
19644,"Sol Kyung-gu, Heo Jun-ho, Ahn Sung-Ki, Jung Jae-young, Im Won-hee"
29963,"Abbie Cornish, Ben Whishaw, Paul Schneider, Kerry Fox, Edie Martin"
26022,"Shah Rukh Khan, Kajol, Jimmy Shergill, Zarina Wahab, Tanay Chheda"
152747,Robert Redford
62676,"Mary Elizabeth Mastrantonio, David Strathairn, Vanessa Martinez, Kris Kristofferson"
20360,"Akshay Kumar, Katrina Kaif, Rishi Kapoor, Clive Standen, Upen Patel"
1116,"Cillian Murphy, Pádraic Delaney, Liam Cunningham, Orla Fitzgerald, Gerard Kearney"
185008,"Ranbir Kapoor, Deepika Padukone, Kalki Koechlin, Aditya Roy Kapoor, Kunaal Roy Kapur"
11620,"Robert Taylor, Deborah Kerr, Leo Genn, Peter Ustinov, Patricia Laffan"
14353,"Alexa PenaVega, Paul Sorvino, Anthony Stewart Head, Sarah Brightman, Paris Hilton"
11818,"Muhammed Necati Şaşmaz, Billy Zane, Ghassan Massoud, Gurkan Uygun, Bergüzar Korel"
680,"John Travolta, Samuel L. Jackson, Uma Thurman, Bruce Willis, Ving Rhames"
11176,"Jim Henson, Frank Oz, Jerry Nelson, Richard Hunt, Dave Goelz"
242582,"Jake Gyllenhaal, Rene Russo, Riz Ahmed, Bill Paxton, Kevin Rahm"
11217,"Kevin Heffernan, Jay Chandrasekhar, Paul Soter, Erik Stolhanske, Tanja Reichert"
15121,"Julie Andrews, Christopher Plummer, Eleanor Parker, Richard Haydn, Peggy Wood"
2619,"Tom Hanks, Daryl Hannah, Eugene Levy, John Candy, Dody Goodman"
773,"Greg Kinnear, Toni Collette, Steve Carell, Paul Dano, Abigail Breslin"
235,"Wil Wheaton, River Phoenix, Corey Feldman, Jerry O'Connell, Kiefer Sutherland"
170,"Cillian Murphy, Naomie Harris, Noah Huntley, Christopher Dunne, Emma Hitching"
14114,"Marques Houston, Omarion, J-Boog, Lil' Fizz, Raz B"
10734,"Clint Eastwood, Patrick McGoohan, Roberts Blossom, Jack Thibeau, Fred Ward"
37964,"Sanaa Lathan, Taye Diggs, Yasiin Bey, Queen Latifah, Nicole Ari Parker"
28121,"Lynn Whitfield, Martin Lawrence, Regina King, Della Reese, Bobby Brown"
40807,"Joseph Gordon-Levitt, Seth Rogen, Anna Kendrick, Bryce Dallas Howard, Anjelica Huston"
10885,"Joshua Jackson, Rachael Taylor, Megumi Okina, David Denman, Eri Otoguro"
225565,"Zac Efron, Miles Teller, Michael B. Jordan, Imogen Poots, Mackenzie Davis"
16471,"Chevy Chase, Patti D'Arbanville, Dabney Coleman, Mary Kay Place, Nell Carter"
385736,"Mahershala Ali, Kofi Siriboe, Christopher Meyer, Natalie Stephany Aguilar, Christopher Jordan Wallace"
11971,"Kenneth Branagh, Richard Briers, Michael Keaton, Robert Sean Leonard, Keanu Reeves"
668,"George Lazenby, Diana Rigg, Telly Savalas, Gabriele Ferzetti, Ilse Steppat"
11596,"Heather Langenkamp, Robert Englund, Miko Hughes, Wes Craven, David Newsom"
14429,"Melissa Joan Hart, Stephen Collins, Adrian Grenier, Susan May Pratt, Ali Larter"
13751,"Keke Palmer, Laurence Fishburne, Angela Bassett, Curtis Armstrong, J.R. Villarreal"
9490,"Dave Chappelle, Tommy Chong, Harland Williams, Guillermo Díaz, Jim Breuer"
14536,"Renée Zellweger, Harry Connick Jr., J.K. Simmons, Siobhan Fallon, Mike O'Brien"
1359,"Christian Bale, Willem Dafoe, Jared Leto, Josh Lucas, Samantha Mathis"
9962,"Jennifer Aniston, Jake Gyllenhaal, Zooey Deschanel, John C. Reilly, Deborah Rush"
15049,"Patrick Huard, Colm Feore, Michel Beaudry, Patrice Bélanger, Hugolin Chevrette-Landesque"
22821,"Sean Patrick Flanery, Norman Reedus, Billy Connolly, Clifton Collins Jr, Julie Benz"
42819,"Nicholas Blandullo, Sofia Viruboff, Omar Metwally, Alexandra Maria Lara, Charlotte Gainsbourg"
209263,"Julia Louis-Dreyfus, Catherine Keener, James Gandolfini, Toni Collette, Ben Falcone"
37735,"Emma Stone, Stanley Tucci, Amanda Bynes, Cam Gigandet, Lisa Kudrow"
59930,"Larenz Tate, Joe Morton, Suzzanne Douglas, Glynn Turman, Vanessa Bell Calloway"
10873,"John Malkovich, Willem Dafoe, Udo Kier, Cary Elwes, Catherine McCormack"
51588,"Aimee Teegarden, Thomas McDonell, Nicholas Braun, Faith Ford, Danielle Campbell"
23570,"David Schwimmer, Gwyneth Paltrow, Michael Rapaport, Toni Collette, Carol Kane"
19489,"Jamie Foxx, Nia Long, Barry Corbin, John Cullum, Jake Busey"
14629,"Penélope Cruz, Murilo Benicio, Mark Feuerstein, John de Lancie, Anne Ramsay"
8293,"Vanessa Redgrave, Helena Bonham Carter, Emma Thompson, Prunella Scales, Anthony Hopkins"
291270,"David Thewlis, Jennifer Jason Leigh, Tom Noonan"
44009,"Jim Broadbent, Lesley Manville, Ruth Sheen, Oliver Maltman, Peter Wight"
1958,"Catherine Deneuve, Isabelle Huppert, Emmanuelle Béart, Fanny Ardant, Virginie Ledoyen"
13154,"Dolph Lundgren, Brandon Lee, Cary-Hiroyuki Tagawa, Tia Carrere, Philip Tan"
26618,"Joaquin Phoenix, Vince Vaughn, Janeane Garofalo, Gregory Sporleder, Georgina Cates"
43923,"Keir Gilchrist, Emma Roberts, Zach Galifianakis, Viola Davis, Zoë Kravitz"
46138,"Sally Hawkins, Bob Hoskins, Miranda Richardson, Geraldine James, Simon Nehan"
45791,"Jim Broadbent, Colin Firth, Juliet Stevenson, Gina McKee, Sarah Lancashire"
26306,"Jared Leto, R. Lee Ermey, Ed O'Neill, Breckin Meyer, Lindsay Crouse"
110683,"Faye Dunaway, John Gielgud, Denholm Elliott, Alan Bates, Prunella Scales"
26963,"Evan McGuire, Christen Mooney, Brendan Gleeson, Mick Lally, Liam Hourican"
198277,"Mark Ruffalo, Keira Knightley, Adam Levine, Hailee Steinfeld, Catherine Keener"
7870,"Edward Norton, Evan Rachel Wood, David Morse, Rory Culkin, Bruce Dern"
13072,"Alec Baldwin, Paulo Araujo, Daniel Tay, Ty Thomas Reed, Brian O'Neill"
153397,"Hayley Atwell, Rufus Sewell, Michelle Dockery, Michael Gambon, Charlotte Rampling"
30141,"Robert Downey Jr., Robin Wright, Mel Gibson, Jeremy Northam, Katie Holmes"
17044,"Catherine McCormack, Rachel Weisz, Anna Friel, Paul Bettany, Steven Mackintosh"
10288,"Billy Connolly, Carrie-Anne Moss, Dylan Baker, Kesun Loder, Henry Czerny"
12183,"Luke Wilson, Eva Mendes, Jacob Vargas, Owen Wilson, Kris Kristofferson"
44147,"Bill Nighy, Emily Blunt, Rupert Grint, Rupert Everett, Eileen Atkins"
12192,"Milo Ventimiglia, Alyssa Milano, Michael Weston, Lauren Lee Smith, Johnny Whitworth"
36597,"Tom Hardy, Charlotte Riley, Andrew Lincoln, Sarah Lancashire, Burn Gorman"
13197,"James Marsden, Brian Dennehy, Leo Rossi, Dennis Hopper, Giovanni Ribisi"
10913,"Jamie Bell, Bill Pullman, Michael Angarano, Danso Gordon, Alison Pill"
251321,"Jennifer Connelly, Mélanie Laurent, Cillian Murphy, William Shimell, Zen McGrath"
149,"Mitsuo Iwata, Nozomu Sasaki, Mami Koyama, Tesshou Genda, Hiroshi Ohtake"
10425,"Paul Walker, Laurence Fishburne, Olivia Wilde, Jason Lewis, Michael Bowen"
49081,"Roy Dupuis, Michel Barrette, Rémy Girard, Tony Calabretta, Sean Avery"
256687,"Jean-Claude Van Damme, Brad Carter, Josh Henderson, Alfred Molina, Lennie James"
220488,"Zhang Ziyi, Leehom Wang, Ruby Lin, Yao Chen, Ada Choi"
1544,"Piper Perabo, Lena Headey, Matthew Goode, Celia Imrie, Darren Boyd"
374461,"Eddie Murphy, Britt Robertson, Natascha McElhone, Xavier Samuel, Lucy Fry"
302,"Charlotte Rampling, Ludivine Sagnier, Charles Dance, Jean-Marie Lamour, Marc Fayolle"
182873,"Scott Adkins, Joey Ansah, Kacey Clarke, Mark Wingett, Roberta Taylor"
21512,"Rutger Hauer, Joan Chen, Delroy Lindo, Anna Katarina, Vincent D'Onofrio"
389425,"Steven Seagal, Craig Sheffer, Louis Mandylor, Helena Mattsson, Griff Furst"
403,"Morgan Freeman, Jessica Tandy, Dan Aykroyd, Patti LuPone, Esther Rolle"
29461,"Vivica A. Fox, Nia Long, Michael Beach, Mekhi Phifer, Brandon Hammond"
33542,"Jackie Chan, Anita Mui, Françoise Yip, Bill Tung, Marc Akerstream"
283708,"Viggo Mortensen, Reda Kateb, Djemel Barek, Vincent Martin, Nicolas Giraud"
9388,"Aaron Eckhart, Maria Bello, Cameron Bright, Adam Brody, Sam Elliott"
1691,"Lauren German, Bijou Phillips, Heather Matarazzo, Richard Burgi, Roger Bart"
24684,"Carey Mulligan, Olivia Williams, Peter Sarsgaard, Alfred Molina, Cara Seymour"
2610,"Steve Martin, Claire Danes, Jason Schwartzman, Bridgette Wilson, Frances Conroy"
11308,"Rob Lowe, Jodie Foster, Paul McCrane, Beau Bridges, Seth Green"
11022,"Jason Patric, Ray Liotta, Chi McBride, Busta Rhymes, Lloyd Adams"
34341,"Paul Gross, Molly Parker, Leslie Nielsen, Polly Shannon, Peter Outerbridge"
15365,"Larry the Cable Guy, Ivana Miličević, Jenny McCarthy, Yaphet Kotto, Peter Stormare"
36046,"Sam Hennings, Brenda Strong, Eric Johnson, Alexander Carroll, Tiffany Dupont"
12569,"Jason Bateman, Mila Kunis, Kristen Wiig, Ben Affleck, J.K. Simmons"
24356,"Bob Dylan, Jeff Bridges, Penélope Cruz, John Goodman, Jessica Lange"
55903,"Sandrine Kiberlain, Nicole Garcia, Mathilde Seigner, Luck Mervil, Stéphane Freiss"
2577,"Tim Robbins, Samantha Morton, Nabil Elouahabi, Om Puri, Emil Marwa"
103903,"Bob Hoskins, Jenny Agutter, Phil Davis, Vincent Regan, Calum MacNab"
73873,"Glenn Close, Mia Wasikowska, Aaron Taylor-Johnson, Pauline Collins, Brendan Gleeson"
312113,"Razaaq Adoti, Sarah Wayne Callies, Mickey Rourke, Kim Basinger, Anne Heche"
14165,"Saif Ali Khan, Rani Mukerji, Angelina Idnani, Angelina Idnani, Master Ali Haji"
2011,"Chiara Mastroianni, Danielle Darrieux, Catherine Deneuve, Simon Abkarian, Gabrielle Lopes Benites"
45650,"Chris Massoglia, Haley Bennett, Nathan Gamble, Bruce Dern, Teri Polo"
7735,"Jürgen Vogel, Frederick Lau, Max Riemelt, Jennifer Ulrich, Christiane Paul"
301365,"Elle Fanning, Karl Glusman, Jena Malone, Bella Heathcote, Abbey Lee"
25941,"Michael Caine, Emily Mortimer, Iain Glen, Lee Oakes, Liam Cunningham"
29064,"Casper Van Dien, Michael York, Catherine Oxenberg, Michael Ironside, Jan Tříska"
7326,"Ellen Page, Michael Cera, Jennifer Garner, Jason Bateman, Allison Janney"
326284,"Jean-Claude Van Damme, John Ralston, Darren Shahlavi, Aki Aleong, Jason Tobin"
681,"Sean Connery, Jill St. John, Charles Gray, Lana Wood, Jimmy Dean"
238,"Marlon Brando, Al Pacino, James Caan, Richard S. Castellano, Robert Duvall"
535,"Jennifer Beals, Michael Nouri, Lilia Skala, Kyle T. Heffner, Sunny Johnson"
19913,"Joseph Gordon-Levitt, Zooey Deschanel, Chloë Grace Moretz, Geoffrey Arend, Matthew Gray Gubler"
713,"Holly Hunter, Harvey Keitel, Sam Neill, Anna Paquin, Cliff Curtis"
77930,"Channing Tatum, Matthew McConaughey, Alex Pettyfer, Cody Horn, Olivia Munn"
10727,"Chaney Kley, Emma Caulfield, Lee Cormie, Grant Piro, Sullivan Stapleton"
253,"Roger Moore, Yaphet Kotto, Jane Seymour, Clifton James, Julius Harris"
17908,"Frankie Muniz, Diane Lane, Kevin Bacon, Luke Wilson, Chaon Cross"
8390,"Ryan Reynolds, Abigail Breslin, Elizabeth Banks, Isla Fisher, Rachel Weisz"
57119,"Paula Patton, Julie Bowen, Meagan Good, Mike Epps, Angela Bassett"
3291,"David Strathairn, Jeff Daniels, Alex Borstein, Rose Abdoo, Dianne Reeves"
398,"Philip Seymour Hoffman, Allie Mickelson, Craig Archibald, Bronwen Coleman, Kate Shindle"
8068,"Antonio Banderas, Salma Hayek, Joaquim de Almeida, Cheech Marin, Steve Buscemi"
10803,"Michael York, Richard Jordan, Jenny Agutter, Roscoe Lee Browne, Farrah Fawcett"
682,"Roger Moore, Christopher Lee, Britt Ekland, Maud Adams, Hervé Villechaize"
10117,"Carl Weathers, Craig T. Nelson, Vanity, Sharon Stone, Thomas F. Wilson"
9392,"Shauna Macdonald, Natalie Mendoza, Alex Reid, Saskia Mulder, MyAnna Buring"
24977,"Michael Jordan, Phil Jackson, Bob Costas, Bill Murray, Laurence Fishburne"
79316,"Allison Miller, Zach Gilford, Sam Anderson, Robert Belushi, Catherine Kresge"
2074,"Ben Stiller, Patricia Arquette, Téa Leoni, Mary Tyler Moore, Alan Alda"
1696,"Sid Haig, Bill Moseley, Sheri Moon Zombie, William Forsythe, Ken Foree"
308639,"Shameik Moore, Kiersey Clemons, Tony Revolori, Zoë Kravitz, Chanel Iman"
22314,"Omar Epps, LL Cool J, Nia Long, Stanley Tucci, Hill Harper"
2662,"Sid Haig, Bill Moseley, Sheri Moon Zombie, Karen Black, Erin Daniels"
77156,"John Ericson, Ivor Francis, Judith Novgrod, Burr DeBenning, Charles Aidman"
12573,"Michael Stuhlbarg, Richard Kind, Fred Melamed, Sari Lennick, Aaron Wolff"
44718,"Bill Murray, Sissy Spacek, Robert Duvall, Lucas Black, Bill Cobbs"
11342,"Julian Sands, Lori Singer, Richard E. Grant, Mary Woronov, Kevin O'Brien"
241771,"Gugu Mbatha-Raw, Nate Parker, Minnie Driver, Machine Gun Kelly, Danny Glover"
34653,"Colin Firth, Julianne Moore, Nicholas Hoult, Matthew Goode, Jon Kortajarena"
11051,"Willem Dafoe, Harvey Keitel, Barbara Hershey, David Bowie, Harry Dean Stanton"
14578,"Shawn Hatosy, Amy Smart, Alec Baldwin, Jon Abrahams, Richard Jenkins"
57825,"Aishwarya Rai Bachchan, Martin Henderson, Naveen Andrews, Daniel Gillies, Indira Varma"
9555,"Everlyn Sampi, Tianna Sansbury, Laura Monaghan, Kenneth Branagh, David Gulpilil"
15581,"Mick Partridge, Big Boi, Sherri Shepherd, Lil Wayne, Andy Milonakis"
13006,"Rutger Hauer, Kim Cattrall, Michael J. Pollard, Alastair Duncan, Alun Armstrong"
16651,"Christopher Gorham, Anne Hathaway, Joe Folau, Miriama Smith"
4251,"Shah Rukh Khan, Preity Zinta, Rani Mukerji, Amitabh Bachchan, Hema Malini"
12400,"Chiwetel Ejiofor, Tim Allen, Alice Braga, Jose Pablo Cantillo, Randy Couture"
39053,"John C. Reilly, Jonah Hill, Marisa Tomei, Catherine Keener, Matt Walsh"
104896,"Jack Warden, Jeremy James Kissner, Jesse James, Jon Voight, Cheryl Ladd"
14112,"Greg Kinnear, Willem Dafoe, Rita Wilson, Maria Bello, Ron Leibman"
12271,"Sienna Miller, Guy Pearce, Hayden Christensen, Mena Suvari, Jimmy Fallon"
71859,"John C. Reilly, Tilda Swinton, Ezra Miller, Siobhan Fallon, Jasper Newell"
226354,"Hans Matheson, Samantha Barks, Lesley Manville, Sylvester McCoy, James Cosmo"
48620,"Carla Gugino, Ellen Burstyn, Marley Shelton, David Boreanaz, Jennifer Butler"
33676,"Tom Cruise, Jackie Earle Haley, John Stockwell, John P. Navin, Jr., Shelley Long"
37080,"Naomi Watts, Samuel L. Jackson, Annette Bening, Carla Gallo, Kerry Washington"
25388,"Gene Hackman, Terence Hill, Catherine Deneuve, Ian Holm, Jack O'Halloran"
11687,"Jean Reno, Valérie Lemercier, Christian Clavier, Marie-Anne Chazel, Christian Bujeau"
39210,"Stephen Dorff, Chris Pontius, Erin Wasson, Alexandra Williams, Nathalie Fay"
30128,"Matt Czuchry, Jesse Bradford, Marika Dominczyk, Traci Lords, Geoff Stults"
31535,"Scott 'Carrot Top' Thompson, Courtney Thorne-Smith, Larry Miller, Jack Warden, M. Emmet Walsh"
44835,"Joseph Gordon-Levitt, Natalie Portman, Rainn Wilson, Audrey Wasilewski, Frank Collison"
192134,"Jude Law, Demián Bichir, Richard E. Grant, Matthew C. Martino, Emilia Clarke"
1956,"Casey Affleck, Matt Damon"
24985,"Helena Bonham Carter, Olivia Williams, Paul Bettany, Eleanor Bron, Tom Ward"
306745,"Julianne Moore, Ellen Page, Steve Carell, Michael Shannon, Luke Grimes"
47088,"Kevin Kline, Paul Dano, Katie Holmes, John C. Reilly, Dan Hedaya"
110402,"Leonid Yarmolnik, Yuriy Tsurilo, Natalya Moteva, Aleksandr Chutko, Aleksandr Ilin"
27004,"Sean Bean, Chris Hemsworth, Victoria Profeta, Thampy Antony, Mike Starr"
15013,"Gabriel Byrne, Emily Watson, Julie Walters, Nicholas Hoult, Miranda Richardson"
8374,"Willem Dafoe, Norman Reedus, Sean Patrick Flanery, David Della Rocco, David Ferry"
277519,"Louis Koo, Gordon Lam Ka-Tung, Dada Chan, Janelle Sing, Michael Wong"
78381,"Val Kilmer, Bruce Dern, Ben Chaplin, Elle Fanning, Joanne Whalley"
164372,"Ivan Okhlobystin, Dmitriy Nagiev, Lyudmila Artemeva, Anna Ardova, Elizaveta Arzamasova"
294512,"Dee Dee Greene, Ben Diskin, Lindsay Torrance, Kate Higgins, Christopher Corey Smith"
8879,"Clint Eastwood, Michael Moriarty, Carrie Snodgress, Chris Penn, Richard Dysart"
13001,"Ben Browder, Amanda Tapping, Christopher Judge, Michael Shanks, Beau Bridges"
9571,"Jason London, Rory Cochrane, Wiley Wiggins, Sasha Jenson, Michelle Burke"
13649,"Zac Efron, Vanessa Hudgens, Ashley Tisdale, Lucas Grabeel, Corbin Bleu"
325373,"Dane DeHaan, Tatiana Maslany, Gordon Pinsent, John Ralston, Joel Gagne"
334527,"Dan Stevens, John Travolta, Michael Pitt, Jackie Earle Haley, Travis Aaron Wade"
2211,"Maria Schrader, Juliane Köhler, Johanna Wokalek, Heike Makatsch, Elisabeth Degen"
13919,"Jamie Bell, Camilla Belle, Justin Chatwin, Glenn Close, Kathi Copeland"
14576,"Stuart Townsend, Gabriel Byrne, Thandie Newton, Jamie Foxx, Roger Guenveur Smith"
82505,"Jennifer Lawrence, Max Thieriot, Elisabeth Shue, Gil Bellows, Nolan Gerard Funk"
46738,"Lubna Azabal, Mélissa Désormeaux-Poulin, Maxim Gaudette, Rémy Girard, Allen Altman"
38970,"Fabrizio Bentivoglio, Laura Morante, Monica Bellucci, Silvio Muccino, Nicoletta Romanoff"
41009,"Cillian Murphy, Brendan Gleeson, Jim Broadbent, Padraic Delaney, Natalie Britton"
7347,"Wagner Moura, Caio Junqueira, André Ramiro, Milhem Cortaz, Fernanda Machado"
250546,"Annabelle Wallis, Ward Horton, Tony Amendola, Alfre Woodard, Eric Ladin"
38415,"Rocky McKenzie, Geoffrey Rush, Jessica Mauboy, Ernie Dingo, Missy Higgins"
650,"Laurence Fishburne, Cuba Gooding Jr., Ice Cube, Morris Chestnut, Angela Bassett"
16620,"Lou Diamond Phillips, Danielle von Zerneck, Elizabeth Peña, Rosanna DeSoto, Esai Morales"
25113,"Alan Alda, Carol Burnett, Len Cariou, Sandy Dennis, Rita Moreno"
11033,"Michael Caine, Angie Dickinson, Nancy Allen, Keith Gordon, Dennis Franz"
34723,"Elijah Wood, Courtney B. Vance, Robbie Coltrane, Jason Robards, Ron Perlman"
9430,"Sarah Polley, Katie Holmes, Jay Mohr, Timothy Olyphant, William Fichtner"
8998,"Catherine Keener, Jason Isaacs, Timm Sharp, Jennifer Aniston, Joan Cusack"
10514,"Arthur Hill, David Wayne, James Olson, Kate Reid, Paula Kelly"
10496,"Lou Diamond Phillips, Dina Meyer, Bob Gunton, Leon Robinson, Carlos Jacott"
1591,"Juliane Köhler, Merab Ninidze, Sidede Onyulo, Matthias Habich, Lea Kurka"
76025,"Michael Fassbender, Carey Mulligan, James Badge Dale, Nicole Beharie, Alex Manette"
4836,"Daniel Craig, Tom Hardy, Colm Meaney, George Harris, Sally Hawkins"
14631,"Sam Hennings, Brenda Strong, Eric Johnson, Alexander Carroll, Brighton Hertford"
87499,"Brit Marling, Alexander Skarsgård, Ellen Page, Toby Kebbell, Shiloh Fernandez"
18923,"Colin Farrell, Dallas Roberts, Robin Wright, Sissy Spacek, Ryan Donowho"
26665,"Stellan Skarsgård, Lena Headey, Ian Hart, Charlotte Rampling, Louise Goodall"
28089,"Ben Foster, Woody Harrelson, Jena Malone, Eamonn Walker, Samantha Morton"
62255,"Ray Winstone, Temuera Morrison, Andy Anderson, Gareth Reeves, Mark Mitchinson"
5708,"Sam Riley, Samantha Morton, Alexandra Maria Lara, Joe Anderson, James Anthony Pearson"
218,"Arnold Schwarzenegger, Michael Biehn, Linda Hamilton, Paul Winfield, Lance Henriksen"
338,"Daniel Brühl, Katrin Sass, Chulpan Khamatova, Maria Simon, Florian Lukas"
21641,"Michael Sheen, Timothy Spall, Colm Meaney, Jim Broadbent, Maurice Roeves"
10925,"Clu Gulager, James Karen, Don Calfa, Thom Mathews, John Philbin"
2293,"Jason Lee, Jeremy London, Shannen Doherty, Claire Forlani, Ben Affleck"
621,"John Travolta, Olivia Newton-John, Stockard Channing, Jeff Conaway, Didi Conn"
792,"Tom Berenger, Charlie Sheen, Willem Dafoe, Forest Whitaker, John C. McGinley"
1777,"Robert De Niro, Michael Moore, George W. Bush, Ben Affleck, Stevie Wonder"
642,"Paul Newman, Robert Redford, Katharine Ross, Strother Martin, Henry Jones"
433,"Julie Andrews, Dick Van Dyke, David Tomlinson, Glynis Johns, Hermione Baddeley"
16619,"Donald Sutherland, Mary Tyler Moore, Judd Hirsch, Timothy Hutton, M. Emmet Walsh"
1725,"Natalie Wood, Richard Beymer, Russ Tamblyn, Rita Moreno, George Chakiris"
11977,"Chevy Chase, Rodney Dangerfield, Ted Knight, Michael O'Keefe, Bill Murray"
20322,"Morris Chestnut, D. L. Hughley, Bill Bellamy, Shemar Moore, Tatyana Ali"
16158,"Omar Epps, Richard T. Jones, Taye Diggs, Malinda Williams, Sean Nelson"
629,"Stephen Baldwin, Gabriel Byrne, Chazz Palminteri, Kevin Pollak, Pete Postlethwaite"
10160,"Robert Englund, Lisa Wilcox, Erika Anderson, Valorie Armstrong, Michael Ashton"
11452,"Ryan Reynolds, Tara Reid, Tim Matheson, Kal Penn, Simon Helberg"
12163,"Mickey Rourke, Marisa Tomei, Evan Rachel Wood, Mark Margolis, Todd Barry"
32275,"Jennifer Jones, Joseph Cotten, Gregory Peck, Lionel Barrymore, Herbert Marshall"
13785,"Jay Brazeau, Parker Posey, Michael Hitchcock, Catherine O'Hara, Eugene Levy"
1103,"Kurt Russell, Lee Van Cleef, Ernest Borgnine, Donald Pleasence, Isaac Hayes"
36739,"Samuel L. Jackson, Laurence Fishburne, Giancarlo Esposito, Tisha Campbell-Martin, Ossie Davis"
14144,"Cuba Gooding Jr., Tamala Jones, Paul Rae, Lochlyn Munro, Richard Gant"
10622,"Jackie Chan, Richard Norton, Miki Lee, Gabrielle Fitzpatrick, Karen McLymont"
13370,"Bob Balaban, Christopher Guest, John Michael Higgins, Eugene Levy, Jane Lynch"
11191,"Annabeth Gish, Julia Roberts, Lili Taylor, Vincent D'Onofrio, William R. Moses"
10215,"Gwyneth Paltrow, John Hannah, John Lynch, Jeanne Tripplehorn, Zara Turner"
25066,"Clarence Williams III, Corbin Bernsen, David Alan Grier, Wings Hauser, Duane Whitaker"
1523,"Forest Whitaker, James McAvoy, Simon McBurney, Gillian Anderson, Kerry Washington"
11361,"Donald Pleasence, Danielle Harris, Ellie Cornell, Beau Starr, Don Shanks"
92591,"Jack Black, Shirley MacLaine, Matthew McConaughey, Brady Coleman, Tommy G. Kendrick"
57612,"Daryl Hannah, Charlotte Rampling"
12509,"Ed Harris, Marcia Gay Harden, Tom Bower, Jennifer Connelly, Bud Cort"
15256,"Ben Affleck, Casey Affleck, Dave Chappelle, Kate Hudson, Janeane Garofalo"
83686,"Bradley Cooper, Zoe Saldana, Jeremy Irons, Dennis Quaid, Olivia Wilde"
80304,"Will Ferrell, Gael García Bernal, Génesis Rodríguez, Diego Luna, Efren Ramirez"
28053,"Andy García, Julianna Margulies, Steven Strait, Dominik García-Lorido, Ezra Miller"
67913,"Brendan Gleeson, Don Cheadle, Liam Cunningham, Mark Strong, Katarina Cas"
13991,"Drake Bell, Andrew Caldwell, Andree Moss, Carolyn Moss, Wendy Talley"
1443,"James Woods, Kathleen Turner, Kirsten Dunst, Josh Hartnett, Michael Paré"
8545,"Brenda Blethyn, Michael Caine, Ewan McGregor, Jane Horrocks, Jim Broadbent"
19556,"Zach Cregger, Trevor Moore, Raquel Alessi, Craig Robinson, Molly Stanton"
231576,"Zach Braff, Kate Hudson, Joey King, Pierce Gagnon, Donald Faison"
16172,"Sarah Michelle Gellar, Sean Patrick Flanery, Dylan Baker, Patricia Clarkson, Lawrence Gilliard Jr."
13403,"John Cameron Mitchell, Miriam Shor, Stephen Trask, Theodore Liscinski, Rob Campbell"
15797,"Mark Dacascos, Geoffrey Lewis, Stacey Travis, Paco Christian Prieto, Todd Susman"
347764,"Alexis Kendra, Elizabeth Sandy, Monda Scott, Woody Naismith, Ray Grady"
13537,"Hayden Christensen, Peter Sarsgaard, Chloë Sevigny, Rosario Dawson, Melanie Lynskey"
20794,"Chelcie Ross, Steve Martin, Laura Dern, Lynne Thigpen, Polly Noonan"
31064,"Julia Stiles, Stockard Channing, Frederick Weller, Marcus Giamatti, Jack Hallett"
576,"William Holden, Ernest Borgnine, Robert Ryan, Edmond O'Brien, Warren Oates"
13990,"Ben Kingsley, Famke Janssen, Josh Peck, Olivia Thirlby, Mary-Kate Olsen"
11583,"Sean Connery, Donald Sutherland, Lesley-Anne Down, Alan Webb, Malcolm Terris"
18602,"Samantha Morton, Kathleen McDermott, James Wilson, Dolly Wells, Paul Popplewell"
27549,"Marc Singer, Kari Wuhrer, Sarah Douglas, Wings Hauser, Robert Fieldsteel"
59728,"Aidan Quinn, Andie MacDowell, Ryan Merriman, Michael Harding, Stacy Earl"
10930,"Benoît Magimel, Mélanie Doutey, Suzanne Flon, Bernard Le Coq, Nathalie Baye"
32395,"Pierce Brosnan, Susan Sarandon, Carey Mulligan, Aaron Taylor-Johnson, Johnny Simmons"
58882,"Li Bingbing, Jun Ji-hyun, Hugh Jackman, Vivian Wu, Jiang Wu"
7547,"Ashley Judd, Laura Prepon, Jeffrey Donovan, Stacy Keach, Scott Wilson"
35944,"James Nesbitt, Olivia Williams, Timothy Spall, Christopher Plummer, Bill Nighy"
42222,"Jane Fonda, Vanessa Redgrave, Jason Robards, Maximilian Schell, Hal Holbrook"
13827,"Matthew McConaughey, Jeffrey Nordling, Willie Nelson, Woody Harrelson, Zachary Knighton"
44260,"Noam Chomsky, Bill Baird, Flip Benham"
9282,"Henry Thomas, Blake Heron, Barbara Hershey, Hilary Swank, Clark Gregg"
38940,"Dolph Lundgren, Charlotte Lewis, BD Wong, Tim Guinee, Catherine Bell"
35689,"Thomas Haden Church, Elisabeth Shue, Melissa Leo, M. Emmet Walsh, Keith David"
97614,"Eric Bana, Olivia Wilde, Charlie Hunnam, Patrick Kerton, Kris Kristofferson"
37206,"Connie Nielsen, Aidan Quinn, John Bell, Tara Alice Scully, Niamh Shaw"
58626,"Cuba Gooding Jr., Cole Hauser, Jonathan LaPaglia, Ginny Weirick, Sean Cook"
183894,"Romola Garai, Michael Gambon, Jonny Lee Miller, Louise Dylan, Blake Ritson"
837,"James Woods, Sonja Smits, Deborah Harry, Peter Dvorsky, Jack Creley"
1555,"Romain Duris, Audrey Tautou, Kelly Reilly, Cécile de France, Cristina Brondo"
244783,"Anne Hathaway, Johnny Flynn, Mary Steenburgen, Ben Rosenfield, Lola Kirke"
16564,"Martijn Lakemeier, Melody Klaver, Yorick van Wageningen, Jamie Campbell Bower, Raymond Thiry"
168027,"Christian Slater, Michael Jai White, Crispin Glover, Billy Burke, Breanne Racano"
3482,"Burt Lancaster, Paul Scofield, Jeanne Moreau, Suzanne Flon, Michel Simon"
135595,"Dermot Mulroney, Mira Sorvino, John Billingsley, Trieu Tran, Kiều Chinh"
8982,"Tony Jaa, Petchtai Wongkamlao, Bongkoj Khongmalai, Xing Jing, Nathan Jones"
89861,"Georgina Cates, Peter Ustinov, Prunella Scales, Samuel West, Sean Pertwee"
455,"Parminder Nagra, Keira Knightley, Jonathan Rhys Meyers, Anupam Kher, Shaheen Khan"
57022,"Alan King, Angela Bassett, Timothy Hutton, Mary Steenburgen, Clifton James"
14351,"Anthony Mackie, Marcello Thedford, Allen Payne, Wesley Jonathan, Wayne Brady"
147767,"Akshay Kumar, Asin Thottumkal, Himesh Reshammiya, Mithun Chakraborty, Raj Babbar"
10664,"Manuela Velasco, Ferran Terraza, Claudia Silva, Javier Botet, Pablo Rosso"
55567,"Kayla Jackson, Kayla Raparelli, Sal Dupree, Al Sapienza, Alexis Biesiada"
9277,"Paul Newman, Robert Redford, Robert Shaw, Charles Durning, Ray Walston"
9443,"Ben Cross, Ian Charleson, Cheryl Campbell, Alice Krige, Nigel Havers"
16186,"Kimberly Elise, Steve Harris, Tyler Perry, Shemar Moore, Vickie Eng"
7863,"Geoffrey Rush, Noah Taylor, Armin Mueller-Stahl, Justin Braine, Sonia Todd"
138697,"Joseph Gordon-Levitt, Scarlett Johansson, Julianne Moore, Tony Danza, Glenne Headly"
11901,"Clint Eastwood, Verna Bloom, Marianna Hill, Mitchell Ryan, Jack Ging"
1548,"Thora Birch, Scarlett Johansson, Steve Buscemi, Brad Renfro, Bob Balaban"
11889,"Judi Dench, Jim Broadbent, Kate Winslet, Hugh Bonneville, Penelope Wilton"
33155,"Dorothy Stratten, Stephen Macht, Avery Schreiber, Lionel Mark Smith, J.D. Hinton"
5528,"Gérard Jugnot, François Berléand, Kad Merad, Jean-Paul Bonnaire, Marie Bunel"
321,"Luke Kirby, Ginette Reno, Paul Sorvino, Mary Walsh, Peter Miller"
4997,"Val Kilmer, Dylan McDermott, Kate Bosworth, Josh Lucas, Lisa Kudrow"
925,"Danny Aiello, Ossie Davis, Ruby Dee, Richard Edson, Giancarlo Esposito"
27451,"Sarah Michelle Gellar, Adrian Grenier, Joey Lauren Adams, Eric Stoltz, Rebecca Gayheart"
73532,"André Wilms, Kati Outinen, Blondin Miguel, Elina Salo, Evelyne Didi"
979,"Monica Bellucci, Vincent Cassel, Albert Dupontel, Jo Prestia, Philippe Nahon"
193722,"Nao Omori, Mao Daichi, Shinobu Terajima, Hairi Katagiri, Eriko Satô"
7913,"Aamir Khan, Soha Ali Khan, Alice Patten, Sharman Joshi, Kunal Kapoor"
253253,"David Dastmalchian, Kim Shaw, John Heard, John Hoogenakker, Shon McGregory"
51995,"Jennifer Connelly, Marisa Tomei, Pierce Brosnan, Ed Harris, Greg Kinnear"
13173,"Paul Rudd, Adam Brody, Jon Hamm, Winona Ryder, Ken Marino"
22908,"Paddy Considine, Andrew Shim, Frank Harper, Vicky McClure, Johann Myers"
70670,"Aksel Hennie, Nikolaj Coster-Waldau, Synnøve Macody Lund, Julie R. Ølgaard, Eivind Sander"
84204,"Richard Coyle, Ruth Bradley, Russell Tovey, Bronagh Gallagher, David Pearse"
25248,"Adam Butcher, Campbell Scott, Michael Kanev, Gordon Pinsent, Tamara Hope"
230266,"Jessica Chastain, Colin Farrell, Samantha Morton, Nora McMenamy"
16633,"Christopher Reeve, Jane Seymour, Christopher Plummer, Teresa Wright, Bill Erwin"
63006,"Abhishek Bachchan, Bipasha Basu, Deepika Padukone, Rana Daggubati, Prateik Babbar"
91586,"Patrick Wilson, Rose Byrne, Ty Simpkins, Lin Shaye, Barbara Hershey"
215,"Tobin Bell, Shawnee Smith, Donnie Wahlberg, Franky G, Glenn Plummer"
333371,"Mary Elizabeth Winstead, John Goodman, John Gallagher Jr., Bradley Cooper, Douglas M. Griffin"
9012,"Johnny Knoxville, Bam Margera, Steve-O, Chris Pontius, Dave England"
345911,"Teresa Palmer, Maria Bello, Gabriel Bateman, Alexander DiPersia, Alicia Vela-Bailey"
72571,"Katie Featherston, Sprague Grayden, Lauren Bittner, Christopher Nicholas Smith, Chloe Csengery"
242512,"Olivia Cooke, Ana Coto, Daren Kagasoff, Bianca A. Santos, Douglas Smith"
10072,"Robert Englund, Patricia Arquette, Heather Langenkamp, John Saxon, Craig Wasson"
211954,"Loreto Peralta, Eugenio Derbez, Jessica Lindsey, Daniel Raymont, Hugo Stiglitz"
82990,"Katie Featherston, Kathryn Newton, Matt Shively, Aiden Lovekamp, Brady Allen"
29912,"Richard Burton, Jean Simmons, Victor Mature, Jay Robinson, Richard Boone"
11843,"Peter Sellers, Christopher Plummer, Herbert Lom, Catherine Schell, Peter Arne"
11284,"Robert Englund, Lisa Zane, Shon Greenblatt, Lezlie Deane, Ricky Dean Logan"
504,"Charlize Theron, Christina Ricci, Bruce Dern, Lee Tergesen, Annie Corley"
173,"Kirk Douglas, James Mason, Paul Lukas, Peter Lorre, Robert J. Wilke"
227348,"Andrew Jacobs, Richard Cabral, Carlos Pratts, Eddie J. Fernandez, Jorge Diaz"
1955,"Anthony Hopkins, John Hurt, Anne Bancroft, John Gielgud, Wendy Hiller"
152532,"Matthew McConaughey, Jennifer Garner, Jared Leto, Denis O'Hare, Steve Zahn"
243940,"Olivia Wilde, Mark Duplass, Donald Glover, Evan Peters, Sarah Bolger"
77,"Guy Pearce, Carrie-Anne Moss, Joe Pantoliano, Mark Boone Junior, Stephen Tobolowsky"
157547,"Karen Gillan, Brenton Thwaites, Katee Sackhoff, James Lafferty, Rory Cochrane"
2295,"Brian O'Halloran, Jeff Anderson, Jason Mewes, Kevin Smith, Rosario Dawson"
71,"Jamie Bell, Julie Walters, Jean Heywood, Jamie Draven, Gary Lewis"
147773,"Liam James, Steve Carell, Toni Collette, AnnaSophia Robb, Sam Rockwell"
16096,"Martin Lawrence, Christopher Martin, Christopher Reid, Paul Anthony, Tisha Campbell-Martin"
24266,"Tom Burlinson, Terence Donovan, Kirk Douglas, Tommy Dysart, Bruce Kerr"
16508,"Thomas McHugh, Fred Newman, Chris Phillips, Constance Shulman"
2895,"Robert Duvall, Billy Bob Thornton, June Carter Cash, Farrah Fawcett, Miranda Richardson"
15660,"Faye Dunaway, Diana Scarwid, Steve Forrest, Howard Da Silva, Mara Hobel"
59968,"Paul Rudd, Elizabeth Banks, Zooey Deschanel, Emily Mortimer, Adam Scott"
323677,"Stephan James, Jason Sudeikis, Carice van Houten, Jeremy Irons, Amanda Crew"
19848,"LisaRaye McCoy, Dick Anthony Williams, Judyann Elder, Chrystale Wilson, Adele Givens"
256274,"Perdita Weeks, Ben Feldman, Edwin Hodge, François Civil, Marion Lambert"
235271,"Boris Kodjoe, Brandon Gonzales, Cameron Mills, Emayatzy Corinealdi, Garrett Hines"
45153,"Jurnee Smollett, Meagan Good, Lynn Whitfield, Samuel L. Jackson, Debbi Morgan"
284293,"Julianne Moore, Alec Baldwin, Kristen Stewart, Kate Bosworth, Shane McRae"
24973,"Jean Simmons, Victor Mature, Gene Tierney, Peter Ustinov, Edmund Purdom"
21610,"Sylvester Stallone, Rutger Hauer, Billy Dee Williams, Lindsay Wagner, Persis Khambatta"
10283,"Kane Hodder, Jensen Daggett, Scott Reeves, Barbara Bingham, Peter Mark Richman"
8346,"Nia Vardalos, John Corbett, Lainie Kazan, Michael Constantine, Andrea Martin"
122081,"James Franco, Selena Gomez, Vanessa Hudgens, Ashley Benson, Rachel Korine"
10987,"Donald Pleasence, Paul Rudd, Marianne Hagan, Mitchell Ryan, Kim Darby"
1391,"Gael García Bernal, Diego Luna, Maribel Verdú, Ana López Mercado, Diana Bracho"
747,"Simon Pegg, Nick Frost, Kate Ashfield, Lucy Davis, Dylan Moran"
14745,"Haley Bennett, Jake Weber, Chace Crawford, Shannon Woodward, Shanna Collins"
26748,"Chris Cooper, Matthew McConaughey, Elizabeth Peña, Kris Kristofferson, Joe Morton"
11357,"Donald Pleasence, Ellie Cornell, Danielle Harris, George P. Wilbur, Michael Pataki"
24913,"Deborah Foreman, Thomas F. Wilson, Lloyd Berry, Tom Heaton, Ken Olandt"
13776,"Steve Guttenberg, Daniel Stern, Mickey Rourke, Kevin Bacon, Tim Daly"
14854,"Chuck Norris, David Carradine, Barbara Carrera, Leon Isaac Kennedy, Dana Kimmell"
50357,"Ryan Robbins, Warren Christie, Lloyd Owen, Andrew Airlie, Michael Kopsa"
13090,"Amy Adams, Emily Blunt, Alan Arkin, Jason Spevack, Steve Zahn"
192141,"Owen Wilson, Lake Bell, Pierce Brosnan, Sterling Jerins, Claire Geare"
16441,"Marc Singer, Tanya Roberts, Rip Torn, John Amos, Joshua Milrad"
29996,"Yul Brynner, Gina Lollobrigida, George Sanders, Marisa Pavan, David Farrar"
351819,"Marlon Wayans, Kali Hawk, Fred Willard, Mike Epps, Affion Crockett"
14834,"Morris Chestnut, Taraji P. Henson, Maeve Quinlan, Kevin Hart, Jenifer Lewis"
22649,"Helen Hayes, Gary Cooper, Adolphe Menjou, Mary Philips, Jack La Rue"
378200,"Terrence Jenkins, Paula Patton, Kali Hawk, Lauren London, Brandy Norwood"
20455,"Lara Jill Miller, Joshua Seth, Bob Papenbrook, Doug Berholt, Steve Blum"
13193,"Jena Malone, Mandy Moore, Macaulay Culkin, Patrick Fugit, Heather Matarazzo"
11042,"Rémy Girard, Stéphane Rousseau, Marie-Josée Croze, Dorothée Berryman, Louise Portal"
10786,"Sean Connery, Audrey Hepburn, Robert Shaw, Richard Harris, Nicol Williamson"
12484,"Kerr Smith, Brendan Fehr, Izabella Miko, Johnathon Schaech, Phina Oruche"
17339,"Harrison Ford, Robert Shaw, Barbara Bach, Edward Fox, Franco Nero"
11959,"""Weird Al"" Yankovic, Victoria Jackson, Michael Richards, David Bowe, Fran Drescher"
9900,"Linda Cardellini, Allen Covert, Peter Dante, Shirley Knight, Joel David Moore"
14662,"Natasha Lyonne, Alan Arkin, Marisa Tomei, Eli Marienthal, Mena Suvari"
335,"Henry Fonda, Claudia Cardinale, Jason Robards, Charles Bronson, Gabriele Ferzetti"
15745,"Vince Vaughn, Jon Favreau, Sean Combs, Famke Janssen, Peter Falk"
17431,"Sam Rockwell, Kevin Spacey, Dominique McElligott, Rosie Shaw, Adrienne Shaw"
21014,"Daryl Sabara, Jami Gertz, Jeremy Piven, Cheryl Hines, Carter Jenkins"
78394,"Guillaume Denaiffe, Norbert Ferrer, Chloe Hollings, Richard Rider, Tom Yang"
10217,"Ian Holm, Caerthan Banks, Sarah Polley, Tom McCamus, Gabrielle Rose"
46332,"Lambert Wilson, Michael Lonsdale, Olivier Rabourdin, Philippe Laudenbach, Jacques Herlin"
13996,"Alan Rickman, Chris Pine, Bill Pullman, Rachael Taylor, Freddy Rodríguez"
3028,"Mark Blankfield, Bess Armstrong, Krista Errickson, Tim Thomerson, Michael McGuire"
1024,"Melanie Lynskey, Kate Winslet, Sarah Peirse, Simon O'Connor, Diana Kent"
343795,"Kate Bosworth, Hayden Christensen, Hudson Meek, Bobby Batson, Elizabeth Hunter"
45658,"Rebecca Hall, Will Ferrell, Glenn Howerton, Laura Dern, Christopher Jordan Wallace"
16148,"Bill Pullman, Ben Stiller, Ryan O'Neal, Kim Dickens, Angela Featherstone"
4553,"Christian Bale, Jennifer Jason Leigh, Aitana Sánchez-Gijón, John Sharian, Michael Ironside"
36351,"Willem Dafoe, Susan Sarandon, Dana Delany, David Clennon, Mary Beth Hurt"
245916,"Jeremy Renner, Mary Elizabeth Winstead, Michael Sheen, Ray Liotta, Robert Patrick"
27585,"Nicole Kidman, Aaron Eckhart, Dianne Wiest, Miles Teller, Tammy Blanchard"
1415,"Seth Green, Macaulay Culkin, Chloë Sevigny, Diana Scarwid, Marilyn Manson"
313922,"Anton Yelchin, Imogen Poots, Alia Shawkat, Joe Cole, Callum Turner"
14474,"Parker Posey, Danny DeVito, Paul Rudd, Mischa Barton, Miranda Bailey"
199933,"Eric Allan Kramer, Rob Morrow, Stephen Tobolowsky, Kristoffer Polaha, Lew Temple"
13685,"Luke Wilson, Owen Wilson, Lumi Cavazos, Andrew Wilson, Robert Musgrave"
8744,"Matt Dillon, Faye Dunaway, Gary Sinise, William Fichtner, Viggo Mortensen"
38428,"Darshan Jariwala, Akshaye Khanna, Bhumika Chawla, Shefali Shah, Vinay Jain"
8847,"Javal Davis, Ken Davis, Tony Diaz, Tim Dugan, Lynndie England"
39269,"Dennis Hopper, Raymond Burr, Sharon Farrell, Linda Manz, Don Gordon"
46838,"Alan Tudyk, Tyler Labine, Katrina Bowden, Jesse Moss, Philip Granger"
51384,"Martin Landau, Ellen Burstyn, Adam Scott, Elizabeth Banks"
56930,"John Wayne, Laraine Day, Cedric Hardwicke, Judith Anderson, Anthony Quinn"
41730,"Casey Affleck, Kate Hudson, Brendan Sexton III, Christina Ricci, Ethan Suplee"
18442,"Kim Poirier, Stefanie von Pfetten, Elias Toufexis, Meghan Ory, Ennis Esmer"
298312,"Olivia DeJonge, Ed Oxenbould, Kathryn Hahn, Benjamin Kanes, Deanna Dunagan"
11600,"Izzy Diaz, Rob Devaney, Ty Jones, Anas Wellman, Mike Figueroa"
71547,"Jacqueline Bisset, Adam Garcia, James Naughton, Stuart Wilson, Alice Evans"
57876,"Reid Warner, Darrin Bragg, Ben Rovner, Jelena Nik, Roy Abramsohn"
77495,"Luis Tosar, Marta Etura , Alberto San Juan, Petra Martínez, Iris Almeida"
13849,"Andy Serkis, Reece Shearsmith, Jennifer Ellison, Steven O'Donnell, James Bierman"
14849,"Ellen Muth, Jasmine Guy, Callum Blue, Sarah Wynter, Britt McKillip"
12486,"Samuel L. Jackson, Jim Belushi, Whoopi Goldberg, Christina Applegate, Jason Biggs"
19615,"Billy Ray Cyrus, Heather Locklear, Ahnaise Christmas, Arabella Field, Mo Collins"
244403,"Billy Crudup, Anton Yelchin, Felicity Huffman, Selena Gomez, Laurence Fishburne"
292481,"Richard Gere, Luis Guzmán, Chazz Palminteri, Cyndi Lauper, Lucie Arnaz"
340816,"Patrick Stewart, Cheryl Hines, Gary Cole, Jon Heder, James Roday"
78814,"Teri Polo, Esai Morales, Nicholas Gonzalez, Olivia d'Abo, William R. Moses"
297596,"Nicolas Cage, Anton Yelchin, Alexander Karim, Irène Jacob, Aymen Hamdouchi"
299552,"James Frain, Sofia Black-D'Elia, Lydia Leonard, Joey Ansah, Michael Maloney"
11935,"Elliott Gould, James Brolin, Brenda Vaccaro, Sam Waterston, O.J. Simpson"
113406,"Paul Ben-Victor, Ed Asner, Jordenn Thompson, Carol Kane, Michael Rapaport"
447027,
290825,"Lily-Rose Depp, Harley Quinn Smith, Justin Long, Austin Butler, Adam Brody"
361159,"Ed Quinn, Michael Dudikoff, Rick Fox, Chad ""Gunner"" Lail, Molly Hagan"
12555,"Ivan Barnev, Oldřich Kaiser, Julia Jentsch, Marián Labuda, Martin Huba"
31175,"Adam Bousdoukos, Birol Ünel, Moritz Bleibtreu, Wotan Wilke Möhring, Dorka Gryllus"
12498,"Billy Bob Thornton, Dwight Yoakam, J. T. Walsh, John Ritter, Lucas Black"
77949,"Rebecca Hall, Dominic West, Imelda Staunton, Isaac Hempstead-Wright, Lucy Cohu"
1690,"Jay Hernandez, Derek Richardson, Eythor Gudjonsson, Barbara Nedeljakova, Jana Kaderabkova"
8435,"Steve Coogan, Rob Brydon, Keeley Hawes, Shirley Henderson, Raymond Waring"
64720,"Michael Shannon, Jessica Chastain, Katy Mixon, Shea Whigham, Ray McKinnon"
49365,"Lukas Haas, Len Cariou, Alex Rocco, Katherine Helmond, Jason Presson"
11404,"Laura Linney, Rupert Grint, Julie Walters, Michelle Duncan, Oliver Milburn"
300706,"Patrick Wilson, Scott Foley, Amy Acker, Donald Faison, Dagmara Domińczyk"
16337,"Dennis Hopper, Caroline Williams, Jim Siedow, Bill Moseley, Bill Johnson"
11577,"James Coburn, Kris Kristofferson, Richard Jaeckel, Katy Jurado, Chill Wills"
77987,"Ryan Gosling, Kristin Scott Thomas, Gordon Brown, Tom Burke, Vithaya Pansringarm"
40185,"Denis Lavant, Isild Le Besco, Pascal Bongard, Jean-Michel Guerin, Martine Demaret"
68202,"Eva Longoria, Christian Slater, Oscar Nunez, Kate del Castillo, Mónica Huarte"
8981,"Gerard Butler, Emily Mortimer, Jack McElhone, Sharon Small, Katy Murphy"
10914,"Rachael Leigh Cook, Luke Kirby, Keith Carradine, Lisa Ray, Graham Greene"
50848,"Jacques Gamblin, Sara Forestier, Zinedine Soualem, Jacques Boudet, Carole Franck"
166624,"Douglas Smith, Zoë Kravitz, Ariadna Gil, Don McKellar, Kim Ly"
10822,"Julianne Moore, Stephen Dillane, Eddie Redmayne, Elena Anaya, Hugh Dancy"
10844,"Karl Urban, Tandi Wright, Simon Ferry, Matthew Sunderland, Lois Lawn"
9336,"Steve Guttenberg, Kim Cattrall, G. W. Bailey, Bubba Smith, Donovan Scott"
5689,"Brooke Shields, Christopher Atkins, Leo McKern, William Daniels, Jeffrey Kleiser"
712,"Hugh Grant, Andie MacDowell, James Fleet, Simon Callow, John Hannah"
13342,"Sean Penn, Jennifer Jason Leigh, Judge Reinhold, Phoebe Cates, Brian Backer"
10339,"Gregory Peck, Richard Basehart, Leo Genn, James Robertson Justice, Harry Andrews"
1429,"Edward Norton, Philip Seymour Hoffman, Barry Pepper, Rosario Dawson, Anna Paquin"
9303,"Jennifer Tilly, Gina Gershon, Joe Pantoliano, John P. Ryan, Christopher Meloni"
641,"Ellen Burstyn, Jared Leto, Jennifer Connelly, Marlon Wayans, Christopher McDonald"
27686,"Jeanne Crain, Dana Andrews, Dick Haymes, Vivian Blaine, Charles Winninger"
65749,"Miguel Ángel Solá, Cecilia Narova, Mía Maestro, Juan Carlos Copes"
6106,"James Woods, Jim Belushi, Michael Murphy, John Savage, Tony Plana"
252680,"Sarah Drew, Sean Astin, Patricia Heaton, Logan White, Robert Amaya "
141,"Jake Gyllenhaal, Jena Malone, Patrick Swayze, Maggie Gyllenhaal, Drew Barrymore"
66607,"Joaquín Cosio, Gerardo Taracena, Jaime Camil, Miguel Rodarte, Jesús Ochoa"
17139,"Jan Decleir, Fedja van Huêt, Betty Schuurman, Tamar van den Dop"
12079,"Jason Schwartzman, Mickey Rourke, Brittany Murphy, John Leguizamo, Chloe Hunter"
39800,"Ally Sheedy, Paul Reubens, Shirley Henderson, Allison Janney, Michael Kenneth Williams"
4550,"Choi Min-sik, Lee Young-ae, Kwon Yea-young, Go Soo-hee, Kim Bu-seon"
62116,"Marie Féret, Marc Barbé, Delphine Chuillot, David Moreau"
9991,"Vinnie Jones, David Kelly, David Hemmings, Ralph Brown, Vas Blackwood"
13807,"Anthony Wong, Francis Ng, Simon Yam, Nick Cheung, Richie Ren"
68818,"Sam Shepard, Magaly Solier, Eduardo Noriega, Stephen Rea, Daniel Aguirre"
12093,"Oksana Akinshina, Artyom Bogucharsky, Lyubov Agapova, Liliya Shinkaryova, Elina Benenson"
36419,"Liam Neeson, Justin Long, Christina Ricci, Josh Charles, Chandler Canterbury"
281730,"Jimmy Shergill, Mohit Marwah, Kiara Advani, Vijendar Singh, Arfi Lamba"
510,"Jack Nicholson, Louise Fletcher, Danny DeVito, William Redfield, Scatman Crothers"
362105,"Dove Cameron, Katherine McNamara, Ryan McCartan, Laine MacNeil, Briana Buckmaster"
10970,"Mel Brooks, Marty Feldman, Dom DeLuise, Sid Caesar, Harold Gould"
375290,"Akshay Kumar, Nimrat Kaur, Feryna Wazheir, Lena, Purab Kohli"
17663,"Megan Follows, Colleen Dewhurst, Richard Farnsworth, Patricia Hamilton, Marilyn Lightstone"
270938,"Michael Jai White, Neal McDonough, Lateef Crowder, Laila Ali, Hazuki Kato"
116613,"Ray Winstone, Ben Drew, Hayley Atwell, Damian Lewis, Alan Ford"
11826,"Ray Winstone, Ben Kingsley, Ian McShane, Amanda Redman, James Fox"
29920,"Joel Kinnaman, Matias Varela, Dragomir Mrsic, Lisa Henni, Mahmut Suvakci"
1088,"Keisha Castle-Hughes, Rawiri Paratene, Vicky Haughton, Cliff Curtis, Grant Roa"
26379,"Amitabh Bachchan, Abhishek Bachchan, Vidya Balan, Paresh Rawal, Arundathi Nag"
34069,"Martin Rapold, Anna-Katharina Schwabroh, Regula Grauwiller, Yangzom Brauen, Michael Finger"
10947,"Zac Efron, Vanessa Hudgens, Ashley Tisdale, Lucas Grabeel, Corbin Bleu"
47452,"John Hurt, Jason Priestley, Sheila Hancock, Maury Chaykin, Fiona Loewi"
3040,"Konstantin Khabenskiy, Vladimir Menshov, Galina Tyunina, Mariya Poroshina, Zhanna Friske"
11386,"Stephen Rea, Jaye Davidson, Miranda Richardson, Forest Whitaker, Adrian Dunbar"
10246,"Dan Monahan, Mark Herrier, Wyatt Knight, Cyril O'Reilly, Kaki Hunter"
29426,"Alan van Sprang, Kenneth Welsh, Kathleen Munroe, Devon Bostick, Richard Fitzpatrick"
10331,"Duane Jones, Judith O'Dea, Karl Hardman, Marilyn Eastman, Keith Wayne"
153,"Bill Murray, Scarlett Johansson, Anna Faris, Giovanni Ribisi, Akiko Takeshita"
703,"Woody Allen, Diane Keaton, Tony Roberts, Carol Kane, Paul Simon"
27191,"Betty Hutton, Cornel Wilde, Charlton Heston, Dorothy Lamour, Gloria Grahame"
1365,"Halle Berry, Billy Bob Thornton, Heath Ledger, Sean Combs, Coronji Calhoun"
287424,"Arnold Schwarzenegger, Abigail Breslin, Joely Richardson, Douglas M. Griffin, J.D. Evermore"
451,"Nicolas Cage, Elisabeth Shue, Julian Sands, Richard Lewis, Steven Weber"
165864,"Molly C. Quinn, Michael Welch, Lara Flynn Boyle, Cary Elwes, Lochlyn Munro"
987,"Jack Lemmon, Walter Matthau, Susan Sarandon, Vincent Gardenia, David Wayne"
241251,"Jennifer Lopez, Ryan Guzman, Ian Nelson, John Corbett, Kristin Chenoweth"
40494,"Burt Lancaster, Tony Curtis, Gina Lollobrigida, Katy Jurado, Thomas Gomez"
39781,"Julianne Moore, Annette Bening, Mark Ruffalo, Mia Wasikowska, Josh Hutcherson"
8337,"Roddy Piper, Keith David, Meg Foster, George Buck Flower, Peter Jason"
5925,"Steve McQueen, James Garner, Richard Attenborough, James Donald, Charles Bronson"
8357,"Marlee Matlin, Elaine Hendrix, Robert Blanche, John Ross Bowie, Robert Bailey Jr."
146203,"Ashley Bell, Julia Garner, Andrew Sensenig, Spencer Treat Clark, Judd Lormand"
85350,"Ellar Coltrane, Patricia Arquette, Ethan Hawke, Elijah Smith, Lorelei Linklater"
512,"Scarlett Johansson, Hugh Jackman, Woody Allen, Ian McShane, Kevin McNally"
13408,"Dr. Dre, Snoop Dogg, DJ Pooh, Angell Conwell, Bruce Bruce"
47816,"Brian Hooks, N'Bushe Wright, Faizon Love, E-40, Starletta DuPois"
10744,"William H. Macy, Alec Baldwin, Maria Bello, Shawn Hatosy, Paul Sorvino"
11536,"Clark Gable, Marilyn Monroe, Montgomery Clift, Thelma Ritter, Eli Wallach"
9782,"Toni Collette, Robin Williams, Joe Morton, Bobby Cannavale, Rory Culkin"
18713,"John G. Brennan, Kamal Ahmed, Alan Arkin, William Hickey, Vincent Pastore"
6537,"Belén Rueda, Fernando Cayo, Roger Príncep, Mabel Rivera, Montserrat Carulla"
184345,"Marlon Wayans, Jaime Pressly, Essence Atkins, Gabriel Iglesias, Missi Pyle"
1809,"James Van Der Beek, Shannyn Sossamon, Ian Somerhalder, Jessica Biel, Kate Bosworth"
2370,"Frederick Stafford, Dany Robin, Claude Jade, Michel Subor, Karin Dor"
9809,"Dax Shepard, Will Arnett, Chi McBride, David Koechner, Dylan Baker"
5,"Tim Roth, Antonio Banderas, Jennifer Beals, Madonna, Marisa Tomei"
11013,"James Spader, Maggie Gyllenhaal, Jeremy Davies, Lesley Ann Warren, Stephen McHattie"
19153,Laura Ramsey
10132,"Eric Bogosian, Ellen Greene, Leslie Hope, John C. McGinley, Alec Baldwin"
16448,"Christopher Guest, Eugene Levy, Fred Willard, Catherine O'Hara, Michael Hitchcock"
15122,"French Stewart, Bridgette Wilson, Bill Bellamy, Tyra Banks, Tiffani Thiessen"
8141,"Ben Kingsley, Téa Leoni, Luke Wilson, Bill Pullman, Dennis Farina"
1546,"Lou Taylor Pucci, Tilda Swinton, Vincent D'Onofrio, Keanu Reeves, Benjamin Bratt"
48572,"Michael Parks, John Goodman, Melissa Leo, Michael Angarano, Kyle Gallner"
14517,"Stephanie Leonidas, Jason Barry, Rob Brydon, Gina McKee, Dora Bryan"
89708,"Marcos Luna, Putu Dinda Pratika, Puti Sri Candra Dewi, Ni Made Megahadi Pratiwi"
27551,"Peter Paul, David Paul, Richard Lynch, Eva LaRue, Virginia Bryant"
64678,"Freddie Highmore, Emma Roberts, Michael Angarano, Elizabeth Reaser, Alicia Silverstone"
309503,"Patrick Wilson, Lena Headey, Richard Dreyfuss, Ray Winstone, John Cho"
14293,"Ricky Schroder, Chazz Palminteri, Rod Steiger, Michael Rosenbaum, Mars Callahan"
15059,"Julian Sands, Saffron Burrows, Justin Chadwick, Stefano Dionisi, Kelly Macdonald"
103328,"Eva Mendes, Kylie Minogue, Michel Piccoli, Edith Scob, Denis Lavant"
157847,"Nicolas Cage, Tye Sheridan, Ronnie Gene Blevins, Sue Rock, Heather Kafka"
25719,"Dan Futterman, Stuart Townsend, Kate Beckinsale, Rowena Cooper, Scott Charles"
48309,"Viggo Mortensen, Chelsea Field, Lane Smith, Lincoln Kilpatrick, Tom Everett"
27723,"Lauren Ambrose, Nicholas Brendon, Amy Adams, Charles Busch, Thomas Gibson"
20468,"Craig Ferguson, David Rasche, Mary McCormack, Donal Logue, Nina Siemaszko"
242575,"Adriana Barraza, Rüdiger Evers, Hector Kotsifakis, Franziska Kruse, Arcelia Ramírez"
44945,"Clive Owen, Catherine Keener, Liana Liberato, Jason Clarke, Viola Davis"
29122,"Barry McEvoy, Brían F. O'Byrne, Anna Friel, Pauline McLynn, Ruth McCabe"
125123,"Pete Postlethwaite, Rachel Griffiths, Andy Serkis, Lennie James, James Thornton"
111190,"Naomi Watts, Robin Wright, Xavier Samuel, James Frecheville, Ben Mendelsohn"
133575,"Vincent D'Onofrio, Salma Hayek, Thomas Jane, Olivia d'Abo"
54580,"Javier Bardem, Luis Tosar, Nieve de Medina, Enrique Villén, Celso Bugallo"
52015,"Danielle Harris, Kelly McGillis, Nick Damici, Connor Paolo, Gregory Jones"
34941,"Thomas Jane, Keanu Reeves, Claire Forlani, Gretchen Mol, Adrien Brody"
227975,"Wagner Moura, Clemens Schick, Jesuíta Barbosa, Sabine Timoteo, Sophie Charlotte Conrad"
60422,"Ellen Barkin, Ezra Miller, Kate Bosworth, Demi Moore, George Kennedy"
81390,"Melissa George, Ed Speleers, Eamonn Walker, Alec Newman, Karel Roden"
10981,"David Hewlett, Andrew Miller, Gordon Pinsent, Marie-Josée Croze"
225235,"Konstantin Khabenskiy, Elena Lyadova, Aleksandr Robak, Evgeniya Khirivskaya, Agrippina Steklova"
14902,"William Daniels, Howard Da Silva, Ken Howard, Blythe Danner, Donald Madden"
121676,"Alexander Siddig, Joshua Jackson, Marisa Tomei, Oded Fehr, Saad Siddiqui"
22301,"Ben Lyon, James Hall, Jean Harlow, John Darrow, Lucien Prival"
20065,"Selma Blair, Patrick Wilson, Edward Burns, Debra Messing, Dennis Farina"
257087,"Jessica Alba, Thomas Jane, Lily Rabe, Shannon Woodward, Aleksa Palladino"
46420,"Xavier Samuel, Jessica McNamee, Robin McLeavy, Victoria Thaine, John Brumpton"
114635,"Kristen Quintrall, Denyce Lawton, JoJo Wright, Rachel Sterling, Black Thomas"
158150,"Brooke D'Orsay, Eric Mabius, Jody Thompson, Gina Holden, Panou"
251979,"Scott Eastwood, Cheryl Ladd, Patrick Lyster, Rachel Hendrix , Scott Mortensen"
874,"Paul Scofield, Wendy Hiller, Leo McKern, Robert Shaw, Orson Welles"
10774,"Faye Dunaway, William Holden, Peter Finch, Robert Duvall, Wesley Addy"
770,"Vivien Leigh, Clark Gable, Olivia de Havilland, Thomas Mitchell, Leslie Howard"
266102,"Freida Pinto, Reece Ritchie, Tom Cullen, Nazanin Boniadi, Marama Corlett"
29715,"Charlton Heston, Richard Harris, Jim Hutton, James Coburn, Michael Anderson Jr."
25209,"Betty Hutton, Howard Keel, Louis Calhern, J. Carrol Naish, Edward Arnold"
37495,"Riz Ahmed, Nigel Lindsay, Kayvan Novak, Adeel Akhtar, Arsher Ali"
29262,"Fernanda Montenegro, Ruy Guerra, Fernanda Torres, Seu Jorge, Stênio Garcia"
34769,"Woody Harrelson, Kat Dennings, Elias Koteas, Sandra Oh, Clark Johnson"
35032,"Judy Garland, Gene Kelly, Walter Slezak, Gladys Cooper, Reginald Owen"
5178,"Brian Cox, Paul Dano, Stephanie Szostak, Isild Le Besco, Bill Buell"
8618,"Samuel Anderson, Dominic Cooper, James Corden, Samuel Barnett, Russell Tovey"
3116,"Dustin Hoffman, Jon Voight, Sylvia Miles, John McGiver, Brenda Vaccaro"
9427,"Robert Carlyle, Mark Addy, William Snape, Steve Huison, Tom Wilkinson"
813,"Robert Hays, Julie Hagerty, Kareem Abdul-Jabbar, Lloyd Bridges, Peter Graves"
352978,"Michael Jai White, Steve Austin, Max Ryan, Allen Yates"
10634,"Ice Cube, Chris Tucker, Nia Long, Tom Lister Jr., John Witherspoon"
9516,"Tyrin Turner, Larenz Tate, Glenn Plummer, Jada Pinkett Smith, Samuel L. Jackson"
16288,"George Kennedy, Dorothy Lamour, Lois Chiles, Tom Savini, Tom Wright"
23330,"Jason Robards, Stella Stevens, David Warner, Slim Pickens, L.Q. Jones"
18900,"Robert Blake, Scott Wilson, John Forsythe, Paul Stewart, Gerald S. O'Loughlin"
27029,"Audrey Hepburn, Peter Finch, Peggy Ashcroft, Dean Jagger, Mildred Dunnock"
26268,"Paul Newman, Lauren Bacall, Julie Harris, Arthur Hill, Janet Leigh"
573,"Jon Finch, Alec McCowen, Barry Foster, Billie Whitelaw, Anna Massey"
310131,"Anya Taylor-Joy, Ralph Ineson, Kate Dickie, Harvey Scrimshaw, Ellie Grainger"
40505,"Master P, Anthony Johnson, Ice Cube, Tom Lister Jr."
11363,"Edward Burns, Michael McGlone, Cameron Diaz, Jennifer Aniston, John Mahoney"
3033,"Ian McKellen, Brendan Fraser, Lynn Redgrave, Lolita Davidovich, David Dukes"
25376,"Ricardo Darín, Soledad Villamil, Pablo Rago, Javier Godino, Guillermo Francella"
22007,"Thora Birch, Gideon Emery, Gloria Votsis, Derek Magyar, Todd Jensen"
765,"Bruce Campbell, Sarah Berry, Dan Hicks, Kassie DePaiva, Denise Bixler"
10615,"Jennifer Coolidge, Lance Crouther, J.B. Smoove, Reg E. Cathey, Robert Vaughn"
205321,"Ian Ziering, Tara Reid, Cassandra Scerbo, John Heard, Jaason Simmons"
89540,"Damián Delgado, José Carlos Rodríguez, Elpidia Carrillo, Iñaki Aierra, Honorato Magaloni"
46146,"Otto Jespersen, Hans Morten Hansen, Tomas Alf Larsen, Johanna Mørck, Knut Nærum"
38007,"Chris Messina, Jennifer Westfeldt, David Margulies, Kali Rocha, Kevin Sussman"
14256,"Zooey Deschanel, Will Ferrell, Ed Harris, Amy Madigan, Amelia Warner"
540,"Sara Foster, Meagan Good, Jordana Brewster, Devon Aoki, Jill Ritchie"
370464,"Brett Granstaff, Lara Jean Chorostecki, T.J. McGibbon, Diahann Carroll, Roddy Piper"
20055,"Melissa George, Oded Fehr, Christian Campbell, Alice Krige, Connor Christopher Levins"
224569,"Joe Pantoliano, Wade Dominguez, Elizabeth Berkley, Michael Chiklis, Robert Townsend"
395766,"James Nesbitt, Genevieve O'Reilly, Jason Watkins, Laura Pyper, Glen Wallace"
39303,"Mark Thompson, Mark Pellegrino, Teri Polo, Kevin Pollak"
142061,"Peter Weller, Ariel Winter, David Selby, Michael Emerson, Mark Valley"
370662,"Oscar Isaac, Jane Goodall, Jerry Brown, Neal Barnard, Michael Pollan"
252360,"Dominic Purcell, Ralitsa Paskaleva, Bashar Rahal, Nikolai Sotirov, Marian Valev"
256740,"Abigail Breslin, James Purefoy, Sean Bean, Alexa PenaVega, Jake Busey"
299145,"Scott Eastwood, Rita Wilson, Jeff Fahey, David James Elliott, Kim Matula"
241766,"Glen Murphy, Ray Winstone, Giovanni Capalbo, Serena Iansiti, Christopher Hatherhall"
12535,"Mel Brooks, Madeline Kahn, Cloris Leachman, Harvey Korman, Ron Carey"
1667,"Morgan Freeman, Charles Berling, Romane Bohringer, Jules Sitruk"
50839,"Kevin Spacey, Paul Bettany, Jeremy Irons, Zachary Quinto, Ashley Williams"
86549,"Murray Bartlett, Daniel Dugan, Adrian Gonzalez"
13973,"Sam Rockwell, Anjelica Huston, Kelly Macdonald, Brad William Henke, Clark Gregg"
244786,"Miles Teller, J.K. Simmons, Melissa Benoist, Austin Stowell, Jayson Blair"
598,"Alexandre Rodrigues, Leandro Firmino, Phellipe Haagensen, Douglas Silva, Jonathan Haagensen"
11129,"John Simm, Danny Dyer, Lorraine Pilkington, Shaun Parkes, Nicola Reynolds"
75861,"Kat Dennings, Chad Michael Murray, Rupert Friend, Corbin Bleu, Mark Saul"
13551,"Brittany Murphy, Toni Collette, Rose Byrne, Josh Brolin, James Franco"
103663,"Mads Mikkelsen, Alexandra Rapaport, Thomas Bo Larsen, Anne Louise Hassing, Lars Ranthe"
850,"Melinda Dillon, Darren McGavin, Peter Billingsley, Jean Shepherd, Ian Petrella"
12586,"Tammy Blanchard, Angélica Aragón, Ali Landry, Jaime Tirelli, Manny Pérez"
11564,"Perry King, Merrie Lynn Ross, Tim Van Patten, Michael J. Fox, Roddy McDowall"
301748,"Mena Suvari, Eric Roberts, Kristin Chenoweth, Dana Ashbrook, Kenan Thompson"
108346,"Rupert Graves, Samantha Morton, Nicholas Woodeson, Lee Ross, Felix Billson"
8841,"François Bégaudeau, Franck Keïta, Esmeralda Ouertani, Rachel Regulier, Wei Huang"
805,"Mia Farrow, John Cassavetes, Ruth Gordon, Sidney Blackmer, Maurice Evans"
11697,"John Wayne, James Stewart, Vera Miles, Lee Marvin, Edmond O'Brien"
22051,"Hugh Dancy, Rose Byrne, Peter Gallagher, Amy Irving, Frankie Faison"
436,"Catalina Sandino Moreno, Guilied Lopez, Yenny Paola Vega, John Álex Toro, Virgina Ariza"
55347,"Ewan McGregor, Christopher Plummer, Mélanie Laurent, Goran Visnjic, Kai Lennox"
10070,"Balthazar Getty, Henry Rollins, Navi Rawat, Judah Friedlander, Jason Mewes"
8469,"John Belushi, Tim Matheson, John Vernon, Verna Bloom, Tom Hulce"
658,"Sean Connery, Honor Blackman, Gert Fröbe, Shirley Eaton, Tania Mallet"
125490,"Caleb Landry Jones, Sarah Gadon, Malcolm McDowell, Joe Pingue, Sheila McCarthy"
1585,"James Stewart, Donna Reed, Lionel Barrymore, Thomas Mitchell, Henry Travers"
627,"Ewan McGregor, Ewen Bremner, Jonny Lee Miller, Robert Carlyle, Kelly Macdonald"
23618,"Steve Harvey, D. L. Hughley, Cedric the Entertainer, Bernie Mac"
41436,"Katie Featherston, David Bierend, Brian Boland, Molly Ephraim, Seth Ginsberg"
10162,"Ian Bannen, David Kelly, Fionnula Flanagan, Susan Lynch, Brendan Dempsey"
1430,"Michael Moore, George H. W. Bush, George W. Bush, Dick Clark, Charlton Heston"
259943,"Gong Li, Chen Dao-Ming, Guo Tao, Zhang Jia-Yi, Yan Ni"
10014,"Robert Englund, Mark Patton, Kim Myers, Robert Rusler, Clu Gulager"
11257,"Maggie Smith, Helena Bonham Carter, Denholm Elliott, Julian Sands, Simon Callow"
158015,"Lena Headey, Ethan Hawke, Max Burkholder, Adelaide Kane, Rhys Wakefield"
82507,"Ethan Hawke, Juliet Rylance, Vincent D'Onofrio, James Ransone, Fred Dalton Thompson"
20337,Martin Lawrence
261,"Elizabeth Taylor, Paul Newman, Burl Ives, Judith Anderson, Jack Carson"
1685,"James Franciscus, Kim Hunter, Maurice Evans, Linda Harrison, Charlton Heston"
20737,"Kevin Zegers, Wendy Makkena, Michael Jeter, Bill Cobbs, Brendan Fletcher"
10991,"Veronica Taylor, Rachael Lillis, Eric Stuart"
10225,"Thom Mathews, Jennifer Cooke, David Kagen, Renée Jones, Tom Fridley"
826,"William Holden, Alec Guinness, Jack Hawkins, Sessue Hayakawa, James Donald"
34086,"Ariana Richards, Douglas Barr, Royal Dano, William Holmes"
5854,"Barbara Harris, Bruce Dern, Karen Black, William Devane, Ed Lauter"
284,"Jack Lemmon, Shirley MacLaine, Fred MacMurray, Ray Walston, Jack Kruschen"
10285,"Kane Hodder, John D. LeMay, Kari Keegan, Steven Williams, Steven Culp"
5780,"Paul Newman, Julie Andrews, Lila Kedrova, Hansjörg Felmy, Tamara Toumanova"
292,"Dave Chappelle, Erykah Badu, Common, Yasiin Bey, Bilal"
223485,"Michael Fassbender, Kodi Smit-McPhee, Ben Mendelsohn, Caren Pistorius, Rory McCann"
29463,"Blair Underwood, Joseph Simmons, Darryl McDaniels, Sheila E., Kurtis Blow"
18065,"Donald Faison, Mike Epps, Wood Harris, Omari Hardwick, Yasiin Bey"
22013,"Burt Lancaster, Jean Simmons, Arthur Kennedy, Dean Jagger, Shirley Jones"
821,"Spencer Tracy, Burt Lancaster, Richard Widmark, Marlene Dietrich, Maximilian Schell"
53862,"Deon Richmond, Donald Faison, Guy Torry, Maia Campbell, Aloma Wright"
3089,"John Wayne, Montgomery Clift, Joanne Dru, Walter Brennan, Coleen Gray"
30139,"Mo'Nique, Jimmy Jean-Louis, Godfrey, Joyful Drake, Brendan Walsh"
132344,"Ethan Hawke, Julie Delpy, Seamus Davey-Fitzpatrick, Jennifer Prior, Charlotte Prior"
15582,"Jason Bateman, Kim Darby, John Astin, Mark Holton, Estee Chandler"
15158,"James Le Gros, Reggie Bannister, Angus Scrimm, Paula Irvine, Samantha Phillips"
44634,"Kimberly Elise, Loretta Devine, Debbi Morgan, Michael Boatman, Louisa Abernathy"
30309,"America Ferrera, Lupe Ontiveros, Ingrid Oliu, George Lopez, Brian Sites"
7509,"Lisa Ray, Sarala, John Abraham, Seema Biswas, Waheeda Rehman"
10557,"Om Puri, Linda Bassett, Ian Aspinall, Jimi Mistry, Archie Panjabi"
23531,"Amanda Peet, Brian Van Holt, Jonathan Abrahams, Zorie Barber, Judah Domke"
28005,"Indira Varma, Sarita Choudhury, Ramon Tikaram, Naveen Andrews"
40247,"Rebecca Hall, Catherine Keener, Amanda Peet, Oliver Platt, Sarah Steele"
252,"Gene Wilder, Jack Albertson, Peter Ostrum, Roy Kinnear, Denise Nickerson"
24126,"Julian Sands, Chris Young, Paula Marshall, Joanna Pacula, Steve Kahan"
13982,"Joe Pesci, Kristy Swanson, George Hamilton, Dyan Cannon, Andy Comeau"
16642,"Richard Gere, Brooke Adams, Linda Manz, Sam Shepard, Robert J. Wilke"
17734,"John Turturro, Clea DuVall, Matthew McConaughey, Amy Irving, Alan Arkin"
18892,"Rose McGowan, Julie Benz, Rebecca Gayheart, Carol Kane, Pam Grier"
549,"Jeffrey Wright, David Bowie, Dennis Hopper, Gary Oldman, Benicio del Toro"
121986,"Greta Gerwig, Mickey Sumner, Adam Driver, Michael Zegen, Michael Esper"
868,"Presley Chweneyagae, Jerry Mofokeng, Terry Pheto, Kenneth Nkosi, Zenzo Ngqobe"
10683,"Jane Adams, Jon Lovitz, Philip Seymour Hoffman, Dylan Baker, Evan Silverberg"
17995,"Eddie Griffin, Joe Howard, Matthew Brent, Robert Noble"
246403,"Michael Parks, Justin Long, Haley Joel Osment, Génesis Rodríguez, Ralph Garman"
670,"Choi Min-sik, Yoo Ji-tae, Kang Hye-jung, Kim Byeong-ok, Oh Dal-su"
35691,"Robyn Lively, Jeffrey Johnson, Bailee Madison, Maree Cheatham, Tanner Maguire"
49010,"Rutger Hauer, Gregory Smith, Robb Wells, Brian Downey, Molly Dunsworth"
317930,"Omar Chaparro, Joey Morgan, Aislinn Derbez, Eric Roberts, Camila Sodi"
11229,"Kiefer Sutherland, Reese Witherspoon, Wolfgang Bodison, Dan Hedaya, Amanda Plummer"
22488,"Erin Cottrell, Logan Bartholomew, William Morgan Sheppard, James Tupper, Irene Bedard"
24469,"Katie Jarvis, Michael Fassbender, Kierston Wareing, Rebecca Griffiths, Harry Treadaway"
82533,"Greta Gerwig, Carrie MacLemore, Megalyn Echikunwoke, Analeigh Tipton, Ryan Metcalf"
50942,"Craig T. Nelson, Kim Cattrall, Colm Feore, Cress Williams, Michael Reilly Burke"
84174,"Kirsten Dunst, Isla Fisher, Lizzy Caplan, Rebel Wilson, Adam Scott"
34099,"Virginia Madsen, Lindsey Haun, Barbara Mamabolo, John Ralston, Nick Roth"
79940,"Eric Wareheim, Tim Heidecker, John C. Reilly, Zach Galifianakis, Will Ferrell"
342,"Robert Stadlober, Kostja Ullmann, Alicja Bachleda-Curuś, Jürgen Tonkel, Tristano Casanova"
281230,"Eric Stoltz, Kate Connor, Lyndsy Fonseca, Andy Hirsch, Camryn Manheim"
38033,"Nikki Reed, Keith David, Brad Dourif, Betsy Russell, Cherilyn Wilson"
100975,"Gretchen Mol, Patti LuPone, Peter Onorati, Ryan Merriman, Richard V. Licata"
38541,"Lauren German, Michael Biehn, Milo Ventimiglia, Courtney B. Vance, Ashton Holmes"
39563,"Ciarán Hinds, Aidan Quinn, Iben Hjejle, Jim Norton, Valerie Spelman"
234212,"Maria Bello, Frank Grillo, Cody Horn, Dustin Milligan, Megan Park"
27404,"Paget Brewster, Neil Barton, Eric Hoffman, Darren Keefe, Ashley Head"
170480,"Nicholas Turturro, Talia Shire, Paul Rodríguez, Gary Valentine, Nick Turturro III"
71866,"Rooney Mara, Georgia King, Brie Larson, Amy Ferguson, Antonia Steinberg"
192210,"Camilla Belle, Andy García, Colin Egglesfield, Juliette Lewis, Christiane Torloni"
180296,"Paul Rudd, Amy Poehler, Bill Hader, Ellie Kemper, Cobie Smulders"
157058,"Kathryn Fiore, Flip Schultz, Olivia Alexander, Arturo del Puerto, Danny Woodburn"
70006,"Stacey Asaro, Gralen Bryant Banks, Rus Blackwell, Beau Brasso, Eddie Bravo"
26039,"Lee Marvin, Angie Dickinson, Keenan Wynn, Carroll O'Connor, Lloyd Bochner"
79587,"Alessandro Gassman, Francesco Quinn, Joe Urla, Lenny Venito, Jennifer Esposito"
176077,"Jake Hoffman, Nikki Reed, Thomas Dekker, Scott Bakula, Jason Priestley"
260947,"Shantel VanSanten, John Robinson, James Patrick Stuart, Brittany Murphy, Robert Blanche"
342502,"Luke Goss, RZA, Bokeem Woodbine, Louis Mandylor, Brooke Newton"
191229,"Everett McGill, Fabio Testi, Michael Madsen, Jack Taylor"
43213,"Frank Vincent, Kathrine Narducci, Mike Starr, Stacy Keach, Armand Assante"
44594,"Patrick Wilson, Malcolm McDowell, Judy Greer, Chloë Sevigny, Missi Pyle"
666,"Fernanda Montenegro, Marília Pêra, Vinícius de Oliveira, Othon Bastos, Otávio Augusto"
248,"Glenn Ford, Bette Davis, Hope Lange, Arthur O'Connell, Peter Falk"
325173,"Scott Adkins, Nick Chinlund, Caitlin Keats, Jake La Botz, Tony Perez"
55831,"Brenda Vaccaro, Dyan Cannon, Joseph Bologna"
351043,"Kate Bosworth, Wes Bentley, Shashawnee Hall, Richard Riehle, Patrick Bauchau"
43942,"Zoe Sloane, Jade Viggiano, Amancaya Aguilar, Kahiry Bess, Alisha Naragsheth"
10226,"Cécile de France, Maïwenn, Philippe Nahon, Franck Khalfoun, Andrei Finti"
66942,"Ryan Kwanten, Maeve Dermody, Marshall Napier, Heather Mitchell, Patrick Brammall"
356483,"James Remar, Sherilyn Fenn, Ron Carlson, Graham Greene, Allegra Carpenter"
10476,"Terrence Howard, Anthony Anderson, Taryn Manning, Taraji P. Henson, Elise Neal"
239,"Marilyn Monroe, Tony Curtis, Jack Lemmon, George Raft, Pat O’Brien"
10281,"Kane Hodder, Lar Park Lincoln, Susan Jennifer Sullivan, Kevin Spirtas, Terry Kiser"
630,"Judy Garland, Frank Morgan, Ray Bolger, Bert Lahr, Jack Haley"
3034,"Gene Wilder, Peter Boyle, Marty Feldman, Madeline Kahn, Cloris Leachman"
13025,"Michelle Morgan, Joshua Close, Shawn Roberts, Amy Lalonde, Joe Dinicol"
21461,"Sanjay Dutt, Arshad Warsi, Dilip Prabhavalkar, Vidya Balan, Dia Mirza"
55306,"Peter Fonda, Patricia Richardson, Christine Dunford, Tom Wood, Jessica Biel"
17264,"Kelly Reno, Mickey Rooney, Teri Garr, Clarence Muse, Hoyt Axton"
346081,
16016,"Casper Christensen, Frank Hvam, Ali Kazim, Iben Hjejle, Peter Belli"
15875,"John Wayne, Elizabeth Allen, Lee Marvin, Cesar Romero, Mike Mazurki"
5900,"Henri Garcin, Ingeborg Elzevier, Khaldoun Elmecky, Margo Dames, Frans Vorstman"
43306,"Spencer Tracy, Irene Dunne, Van Johnson, Ward Bond, James Gleason"
11072,"Cleavon Little, Gene Wilder, Harvey Korman, Slim Pickens, Madeline Kahn"
9730,"Kimberly Beck, Erich Anderson, Corey Feldman, Barbara Howard, Crispin Glover"
209274,"Agata Trzebuchowska, Agata Kulesza, Joanna Kulig, Dawid Ogrodnik, Adam Szyszkowski"
26371,"James Wilby, Hugh Grant, Rupert Graves, Denholm Elliott, Simon Callow"
14137,"Artie Lange, Ralph Macchio, Anthony DeSando, Jimmy Palumbo, Joe Lo Truglio"
291,"Jeff Clark, Darrick Doerner, Laird Hamilton, Dave Kalama, David H. Kalama Jr."
14139,"Karra Elejalde, Candela Fernández, Bárbara Goenaga, Nacho Vigalondo, Juan Inciarte"
33106,"Huang Bo, Kong Jiu, Shaohua Ma, Xu Zheng, Yung Cheung"
8875,"Josh Randall, Nick Searcy, Beth Broderick, Sascha Rosemann, T.W. Leshner"
872,"Gene Kelly, Donald O'Connor, Debbie Reynolds, Jean Hagen, Millard Mitchell"
72914,"Joe Cross, Phil Riverstone, Amy Badberg, Merv Cross, Virginia Cross"
139038,"Marlon Wayans, Essence Atkins, Nick Swardson, Cedric the Entertainer, David Koechner"
126509,
9591,"Tom Everett Scott, Johnathon Schaech, Tom Hanks, Steve Zahn, Ethan Embry"
10676,"Tom Atkins, Stacey Nelkin, Dan O'Herlihy, Michael Currie, Ralph Strait"
1687,"Roddy McDowall, Kim Hunter, Bradford Dillman, Natalie Trundy, Eric Braeden"
24748,"Paul Newman, Melvyn Douglas, Patricia Neal, Brandon De Wilde, Whit Bissell"
181330,"Kevin Hart, David Terrell, David Jason Perez, Justine Herron, Harry Ratchford"
468,"River Phoenix, Keanu Reeves, James Russo, William Richert, Rodney Harvey"
401,"Zach Braff, Natalie Portman, Ian Holm, Peter Sarsgaard, Jean Smart"
76,"Ethan Hawke, Julie Delpy, Andrea Eckert, Hanno Pöschl, Karl Bruckschwaiger"
50538,"Patrick Huard, Michel Côté, Catherine Florent, Albert Millaire, Jean L'Italien"
25636,"Billy Crudup, Denis Leary, Jack Black, Dennis Hopper, Holly Hunter"
19316,"Michelle Krusiec, Joan Chen, Lynn Chen, Ato Essandoh, Jessica Hecht"
21074,"Tannishtha Chatterjee, Satish Kaushik, Christopher Simpson, Naeema Begum, Lana Rahman"
84329,"Frank Langella, Liv Tyler, James Marsden, Susan Sarandon, Peter Sarsgaard"
20,"Sarah Polley, Amanda Plummer, Scott Speedman, Leonor Watling, Deborah Harry"
157386,"Miles Teller, Shailene Woodley, Brie Larson, Dayo Okeniyi, Masam Holden"
13007,"Bill Maher, Jose Luis De Jesus Miranda, Andrew Newberg, Steve Burg, Tal Bachman"
13518,"Joshua Tickell, Barbara Boxer, Richard Branson, George W. Bush, Sheryl Crow"
116584,"Pete Postlethwaite, Gabriel Mann, Emily Harrison, Diana Scarwid"
46849,"Carly Schroeder, Adrian Dunbar, George Harris, Katharine Ross, Christine Adams"
40428,"Rocky Mayor Anderson, Matt Aune, Tyler Barrick, Bruce Barton, Melissa Bird"
17334,"Jesse Metcalfe, Austin Basis, Larry Miller, Michael Chen, Nouva Monika Wahlgren"
1698,"Franka Potente, Benno Fürmann, Anna Loos, Oliver Wnuk, Sebastian Blomberg"
20764,"Leonor Varela, Jacob Vargas, Luis Fernando Peña"
45132,"Rainn Wilson, Ellen Page, Liv Tyler, Kevin Bacon, Gregg Henry"
76706,"Ashley Scott, A.J. Buckley, Rolanda Watts, Vanessa Evigan, Lochlyn Munro"
254472,"Matt O'Leary, Jessica Cook, Lance Henriksen, Clifton Collins Jr, David Masterson"
332285,"Natasha Lyonne, Chloë Sevigny, Meg Tilly, Mark Webber, Maxwell McCabe-Lokos"
49471,"Ossie Davis, Charles S. Dutton, Andre Braugher, Richard Belzer, De'Aundre Bonds"
13569,"Marc Blucas, Justine Waddell, Bill Moseley, Priscilla Barnes, Jack Ryan"
7512,"Luke Wilson, Maya Rudolph, Dax Shepard, Terry Crews, Anthony 'Citric' Campos"
356216,"Kevin Leslie, Simon Cotton, Phil Dunster, Danny Midwinter, Dan Parr"
11798,"Thomas Turgoose, Stephen Graham, Jo Hartley, Andrew Shim, Vicky McClure"
146631,"Bianca Bree, Sean Brosnan, Simon Phillips, Jean-Claude Van Damme, Peter Barrett"
43546,"Red Skelton, Esther Williams, Basil Rathbone, Bill Goodwin, Jean Porter"
61038,"Aimee Garcia, Al Bandiero, Jossara Jinaro, Gina Rodriguez"
78373,"Breckin Meyer, Peter Facinelli, Eddie Mills, Ethan Embry, Ashley Johnson"
17820,"Howard Keel, Kathryn Grayson, Ava Gardner, Joe E. Brown, Marge Champion"
74457,"Michael Clarke Duncan, Morgan Simpson, Kiele Sanchez, Taryn Manning, Luke Perry"
283384,"Susan Sarandon, Gil Bellows, Ellen Burstyn, Topher Grace, Donald Sutherland"
19933,"Jon Lovitz, Timothy Stack, Phil Hartman, Deanna Oliver, Timothy E. Day"
756,"Deems Taylor, Walt Disney, Julietta Novis, Leopold Stokowski"
433715,"Nicole Smolen, Kim Baldwin, Ariana Stephens, Bryson Funk"
9728,"Dana Kimmell, Paul Kratka, Tracie Savage, Jeffrey Rogers, Catherine Parks"
9731,"Melanie Kinnaman, John Shepherd, Shavar Ross, Richard Young, Marco St. John"
9916,"Louise Fletcher, Henry Thomas, Soren Fulton, A.J. Buckley, Stewart Finlay-McLennan"
309425,"Mira Sorvino, Sean Astin, Alexa PenaVega, Cybill Shepherd, Brian Bosworth"
14156,"Brian Austin Green, Melissa Keller, Linden Ashby, Joe Manganiello, Eddie Alfano"
43610,"Greer Garson, Gregory Peck, Donald Crisp, Lionel Barrymore, Preston Foster"
360339,"Jessica Lowndes, Ethan Peck, Diego Boneta, Nate Parker, Mario Casas"
31163,"Chris Bisson, Saeed Jaffrey, Sally Bankes, Peter Ash, Zohra Sehgal"
297621,"Allison Miller, James Wolk, Katey Sagal, Rumer Willis, Brittany Snow"
16205,"Robert Englund, Trevor Matthews, Daniel Kash, David Fox, Dean Hawes"
887,"Fredric March, Myrna Loy, Dana Andrews, Teresa Wright, Virginia Mayo"
9517,"Brad Renfro, Bijou Phillips, Nick Stahl, Rachel Miner, Michael Pitt"
6007,"Per Christian Ellefsen, Sven Nordin, Jørgen Langhelle, Marit Pia Jacobsen, Per Christensen"
364083,"Robert Fontaine, Michael Brainard, Grant Boyd, Michael Derek, Lily Autumn Page"
8329,"Manuela Velasco, Ferran Terraza, Martha Carbonell, David Vert, Carlos Lasarte"
69640,"Martha Higareda, Chad Michael Murray, Yul Vazquez, Benito Martinez, Cheyenne Haynes"
371085,
347548,"Louise Brealey, Lee Ross, Sheila Reid, Pippa Nixon, Claire Greasley"
322443,"James Ransone, Elisa Lasowski, Josh Peck, Attila Árpa, William Gaunt"
657,"Sean Connery, Daniela Bianchi, Pedro Armendáriz, Lotte Lenya, Robert Shaw"
28165,"Ron Fazio, John Altamura, Phoebe Legere, Rick Collins, Rikiya Yasuoka"
11561,"Woody Allen, Diane Keaton, John Beck, Mary Gregory, Brian Avery"
270303,"Maika Monroe, Keir Gilchrist, Daniel Zovatto, Jake Weary, Olivia Luccardi"
11624,"Woody Allen, John Carradine, Lou Jacobi, Louise Lasser, Anthony Quayle"
595,"Gregory Peck, Brock Peters, James Anderson, Mary Badham, Phillip Alford"
8810,"Mel Gibson, Bruce Spence, Michael Preston, Max Phipps, Vernon Wells"
12207,"Jackie Chan, Anita Mui, Ti Lung, Felix Wong, Liu Chia-Liang"
226,"Hilary Swank, Chloë Sevigny, Peter Sarsgaard, Brendan Sexton III, Alicia Goranson"
92182,"Elizabeth Olsen, Adam Trese, Eric Sheffer Stevens, Julia Taylor Ross, Adam Barnett"
582,"Martina Gedeck, Ulrich Mühe, Sebastian Koch, Ulrich Tukur, Thomas Thieme"
72213,"Alex Kendrick, Ken Bevel, Ben Davies, Kevin Downes, Rusty Martin"
990,"Paul Newman, Jackie Gleason, Piper Laurie, George C. Scott, Myron McCormick"
55604,"Clark Gable, Spencer Tracy, Claudette Colbert, Hedy Lamarr, Frank Morgan"
9662,"Béatrice Bonifassi, Lina Boudreau, Michèle Caucheteux, Jean-Claude Donda, Mari-Lou Gauthier"
20862,"Adam Beach, Evan Adams, Irene Bedard, Gary Farmer, Tantoo Cardinal"
2771,"Paul Giamatti, Hope Davis, Judah Friedlander, James Urbaniak, Harvey Pekar"
80,"Ethan Hawke, Julie Delpy, Vernon Dobtcheff, Louise Lemoine Torrès, Mariane Plasteig"
55,"Gael García Bernal, Vanessa Bauche, Goya Toledo, Alvaro Guerrero, Emilio Echevarría"
11023,"Evan Rachel Wood, Nikki Reed, Vanessa Hudgens, Holly Hunter, Brady Corbet"
33667,"Gregory Peck, Dorothy McGuire, John Garfield, Celeste Holm, Anne Revere"
39013,"Jennifer Lawrence, John Hawkes, Kevin Breznahan, Dale Dickey, Garret Dillahunt"
11194,"Brendan Mackey, Nicholas Aaron, Richard Hawking, Ollie Ryall, Joe Simpson"
43839,"Tyrone Power, Alice Faye, Don Ameche, Ethel Merman, Jack Haley"
1382,"Miranda July, John Hawkes, Brandon Ratcliff, Miles Thompson, Carlie Westerman"
44639,"Matt Damon, William Ackman, Barack Obama, George W. Bush, Jonathan Alpert"
301351,"Zac Efron, Emily Ratajkowski, Wes Bentley, Nick Rotteveel, Alessandro Lindblad"
4816,"Forest Whitaker, Cliff Gorman, Tricia Vessey, Henry Silva, Victor Argo"
7873,"Christian Bale, Freddy Rodríguez, Eva Longoria, Chaka Forman, Tammy Trull"
331190,"Kate Mara, David Oyelowo, Michael Kenneth Williams, Mimi Rogers, Leonor Varela"
15186,"David Duchovny, Nicky Katt, Catherine Keener, Mary McCormack, David Hyde Pierce"
17994,"Stephen Nichols, Tawny Kitaen, Todd Allen, Kathleen Wilhoite, Burke Byrnes"
1378,"Sook-Yin Lee, Paul Dawson, PJ DeBoy, Jay Brannan, Lindsay Beamish"
8885,"Ari Folman, Ron Ben-Yishai, Dror Harazi, Ronny Dayag"
48382,"Kirby Heyborne, Michael Flynn"
12901,"Campbell Scott, Gerald Burke, Ali Fadhil, Robert Hutchings"
250124,"Bel Powley, Kristen Wiig, Alexander Skarsgård, Christopher Meloni, Austin Lyon"
14284,"Buzz Aldrin, Michael Collins, Alan Bean, Eugene Cernan, Charles Duke"
57120,"Michelle Williams, Bruce Greenwood, Will Patton, Zoe Kazan, Paul Dano"
12228,"Dennis Hopper, Peter Bart, Warren Beatty, Carl Bernstein"
22617,"Danny Aiello, John Rothman, Frank Bongiorno, Lexie Sperduto, Zainab Jah"
55561,"Toni Collette, Parker Posey, Lisa Kudrow, Alanna Ubach, Helen FitzGerald"
42889,"Matt Bennett, Zack Pearlman, Jacob Davich, Justin Kline, Krysta Rodriguez"
10656,"Isabelle Adjani, Christopher Lambert, Richard Bohringer, Michel Galabru, Jean-Hugues Anglade"
24363,"Robin Williams, David Duchovny, Anton Yelchin, Téa Leoni, Erica Tazel"
13121,"Jess Weixler, John Hensley, Josh Pais, Hale Appleman, Lenny Von Dohlen"
24746,"Jeffrey Falcon, Justin McGuire, Kim De Angelo, Stephane Gauger, Clifford Hugo"
325140,
12109,"Paul Kaye, Kate Magowan, Neil Maskell, Beatriz Batarda, Pete Tong"
27023,"Steve Buscemi, Romany Malco, Tim Blake Nelson, Sarah Silverman, John Cho"
22913,"Bob Hoskins, Danny Nussbaum, Bruce Jones, Annette Badland, Frank Harper"
273899,"Jeremy Irvine, Jonny Beauchamp, Jonathan Rhys Meyers, Ron Perlman, Caleb Landry Jones"
20653,"Saif Ali Khan, Kareena Kapoor, Javed Jaffrey, Tanaaz Currim Irani, Vrajesh Hirjee"
67373,"James Caan, James Caan, Frank Vincent, Vincent Pastore, Louis Vanaria"
171759,"William Brent, Sammi Hanratty, James Hong, Alex Kendrick, Mark Dacascos"
206296,"Anna Kendrick, Jeremy Jordan, Natalie Knepp, Bettina Bresnan, Marceline Hugot"
35219,"Michael Shannon, Amy Ryan, Frank Wood, Linda Emond, John Ventimiglia"
28260,"Melinda Clarke, J. Trevor Edmond, Kent McCord, Sarah Douglas, James T. Callahan"
7515,"Chris Evans, Jessica Biel, Joy Bryant, Jason Statham, Kelli Garner"
13075,"Maggie Gyllenhaal, Michelle Hurst, Sandra Rodríguez, Danny Trejo, Brad William Henke"
335866,"Julie Benz, Carter Jenkins, Cesar Garcia, Mercy Malick, Lisa Pelikan"
13510,"Kelly Reilly, Michael Fassbender, Tara Ellis, Jack O'Connell, Finn Atkins"
215881,"Emily Browning, Xavier Samuel, Cam Gigandet, Dawn Olivieri, Frances Fisher"
18238,"James Corden, Mathew Horne, Paul McGann, MyAnna Buring, Vera Filatova"
22600,"Daniel Buckland, Robert Hobbs, Rapulana Seiphemo, Jeffrey Zekele, Ronnie Nyakale"
12612,"Lee Evans, Sean McGinley, Ian McNeice, Colin Salmon"
50698,"Sean Rogerson, Juan Riedinger, Ashleigh Gryzko, Mackenzie Gray, Arthur Corber"
115210,"Ross Noble, Tommy Knight, Gemma-Leah Devereux, John McDonnell"
34335,"Melissa Joan Hart, John Terry, Chip Bent, Lawrence Turner, Edrick Browne"
459488,Tony Oppedisano
11302,"Woody Allen, Louise Lasser, Carlos Montalbán, Nati Abascal, Jacobo Morales"
119458,"Linus Roache, Derek Ting, Richard Ng, Michael Park, Kathy Uyen"
20406,"Nicholas Gonzalez, Mario Cimarro, Oleg Taktarov, Vitali Baganov, Ricardo Chavira"
3766,"Rita Hayworth, Orson Welles, Everett Sloane, Glenn Anders, Ted de Corsia"
18616,"Stephen Martines, Valerie Cruz, Mircea Monroe, Desmond Askew, Michael Robert Brandon"
18808,"Jake Gyllenhaal, Selma Blair, Jared Leto, John C. McGinley, Jeremy Piven"
95755,"Matt Lucas, Juno Temple, James Caan, Dolph Lundgren, Billy Crystal"
198062,"Glenn Howerton, Steve Little, Ben Schwartz, Adrianne Palicki, Josh Groban"
188652,"Will Keenan, Creed Bratton, De Anna Joy Brooks, Reggie Bannister, Jed Rowen"
174311,"Paul Rudd, Paul Giamatti, Sally Hawkins, Peter Hermann, Michael Drayer"
12602,"Lex Barker, Christopher Lee, Karin Dor, Carl Lange, Christiane Rücker"
153795,"Anna Paquin, Ryan Phillippe, Luke Wilson, Powers Boothe, Riley Thomas Stewart"
17768,"Zero Mostel, Phil Silvers, Buster Keaton, Michael Crawford, Jack Gilford"
13516,"Michael Moore, Eddie Vedder, Robert Ellis Orrall, Steve Earle, Celeste Zappala"
98549,"Eric Balfour, Lou Taylor Pucci, Henry Thomas, James Lafferty, Summer Glau"
312793,"Tim Ogletree, Troy Ogletree, Dave Sheridan, Joey Oglesby, Sophia Taylor Ali"
309919,"Bella Heathcote, Lucas Till, Helen Slater, Penelope Mitchell, Mark L. Young"
299553,"Dolph Lundgren, James Chalke, Sara Malakul Lane, Michael Aaron Milligan, Ibrahim Renno Jr."
21309,"Crispin Glover, Keanu Reeves, Ione Skye, Daniel Roebuck, Dennis Hopper"
32235,"James Woods, Nick Nolte, Claire Forlani, Daryl Hannah, Douglas Sebern"
329540,"Mike Mizanin, Melissa Roxburgh, Josh Blacker, Matthew MacCaull, Paul McGillion"
26388,"Ryan Reynolds, José Luis García Pérez, Robert Paterson, Stephen Tobolowsky, Samantha Mathis"
49020,"Craig Roberts, Sally Hawkins, Paddy Considine, Noah Taylor, Gemma Chan"
159037,"Khalid Abdalla, Dina Abdullah, Dina Amer, Magdy Ashour, Ramy Essam"
12838,"Lizzie Brocheré, Arthur Dupont, Guillaume Baché, Pierre Perrier, Nicolas Nollet"
157293,"Prabhu Deva, Ganesh Acharya, Kay Kay Menon, Lauren Gottlieb, Salman Yusuff Khan"
14048,"Philippe Petit, Jean François Heckel, Jean-Louis Blondeau, Annie Allix, David Forman"
356987,"Dominic Purcell, Peter Feeney, Owen Black, Siobhan Marshall, Serena Cotton"
295886,"Keke Palmer, Cory Hardrict, Eric D. Hill Jr., Quincy Brown, Nafessa Williams"
38358,"Ashley Bell, Patrick Fabian, Iris Bahr, Louis Herthum, Caleb Landry Jones"
33511,"Aaron Taylor-Johnson, Anne-Marie Duff, Kristin Scott Thomas, David Threlfall, David Morrissey"
702,"Vivien Leigh, Marlon Brando, Kim Hunter, Karl Malden, Rudy Bond"
935,"Peter Sellers, George C. Scott, Sterling Hayden, Keenan Wynn, Slim Pickens"
542,"Gael García Bernal, Ana Claudia Talancón, Sancho Gracia, Angélica Aragón, Ernesto Gómez Cruz"
84175,"Quvenzhané Wallis, Dwight Henry, Levy Easterly, Gina Montana, Lowell Landes"
1705,"Roddy McDowall, Natalie Trundy, Austin Stoker, Severn Darden, Claude Akins"
62677,"Janet McTeer, Michael Davis, Michael Goodwin, Gregory Russell Cook, Jane Adams"
50875,"Vera Farmiga, Donna Murphy, Dagmara Domińczyk, John Hawkes, Joshua Leonard"
260778,"Silambarasan, Hansika Motwani, Santhanam, VTV Ganesh, Brahmanandam"
58492,"Morgan Spurlock, Peter Berg, Paul Brennan, Ralph Nader, Brett Ratner"
44562,"Eric Christmas, Harper Roisman, Steve Buscemi, Sam Jenkins, Ned Beatty"
37232,"Tshewang Dendup, Sonam Lhamo, Lhakpa Dorji, Deki Yangzom, Sonam Kinga"
4929,"Clint Eastwood, Inger Stevens, Ed Begley, Pat Hingle, Ben Johnson"
36334,"Humphrey Bogart, Ethel Barrymore, Kim Hunter, Ed Begley, Warren Stevens"
9783,"Tom Cavanagh, Jeffrey Anderson-Gunter, Cas Anvar, Paget Brewster, Jordi Caballero"
386826,"Joey Kern, Luke Edwards, Bree Williamson, Brad Greenquist, Perry Laylon Ojeda"
205126,"Casey Dubois, Iain Belcher, Andrea Brooks, Nicholas Carella, Emily Holmes"
98557,"Stacey Dash, Reagan Gomez-Preston, Wesley Jonathan, Persia White, Jason Weaver"
104,"Franka Potente, Moritz Bleibtreu, Herbert Knaup, Nina Petri, Armin Rohde"
10894,"Angela Bettis, Jeremy Sisto, Anna Faris, James Duval, Nichole Hiltz"
246449,"Natasha Henstridge, CJ Adams, Erin Pitt, Ted Whittall, Rainbow Francks"
32579,"Kate del Castillo, Adrián Alonso Barona, Eugenio Derbez, America Ferrera, Angelina Peláez"
1688,"Roddy McDowall, Don Murray, Ricardo Montalban, Hari Rhodes, Severn Darden"
1999,"Tom Wilkinson, Sissy Spacek, Nick Stahl, Marisa Tomei, William Mapother"
43947,"Sarah Butler, Daniel Franzese, Chad Lindberg, Jeff Branson, Rodney Eastman"
24066,"Steve Zahn, William H. Macy, Jeremy Northam, Ally Walker, Ron Perlman"
9709,"Natalie Press, Emily Blunt, Paddy Considine, Dean Andrews"
191714,"Irrfan Khan, Nimrat Kaur, Nawazuddin Siddiqui, Denzil Smith, Bharati Achrekar"
25312,"Joan Allen, Simon Abkarian, Sam Neill, Shirley Henderson, Stephanie Leonidas"
34106,"Jean Arthur, Lionel Barrymore, James Stewart, Edward Arnold, Mischa Auer"
11426,"Burt Lancaster, Montgomery Clift, Deborah Kerr, Donna Reed, Frank Sinatra"
13909,"John Wayne, Joanne Dru, John Agar, Ben Johnson, Harry Carey, Jr."
206284,"AJ Michalka, James Denton, Kevin Pollak, Shawnee Smith, Michael Welch"
27455,"Eddie Griffin, Master P, Amie Petersen, Frank Sivero, Daphnée Duplaix Samuel"
66468,"Cordell Moore, Essence Atkins, Denise Boutte, Tempestt Bledsoe, Lamman Rucker"
7973,"Nadine Labaki, Yasmine Al Massri, Joanna Moukarzel, Gisèle Aouad, Adel Karam"
283686,"Julia Stiles, Scott Speedman, Stephen Rea, Alejandro Furth, Pixie Davies"
15976,"Ohad Knoller, Yousef Sweid, Daniella Wircer, Alon Friedman, Zion Baruch"
592,"Gene Hackman, John Cazale, Frederic Forrest, Cindy Williams, Harrison Ford"
74084,"Amitabh Bachchan, Revathi, Karan Sharma, Annabelle Wallis, Malcolm Stoddard"
1651,"Jean-Paul Belmondo, Catherine Deneuve, Michel Bouquet, Nelly Borgeaud, Martine Ferrière"
25428,"Marisa Coughlan, Judy Greer, Shalom Harlow, Jared Harris, Joshua Jackson"
298584,"Matthew Daddario, Samuel Davis, Dustin Ingram, Eli Roth, Gage Golightly"
10758,"Keri Russell, Nathan Fillion, Andy Griffith, Cheryl Hines, Eddie Jemison"
11690,"Jean-Claude Van Damme, Bolo Yeung, Roy Chiao, Philip Chan Yan-Kin, Donald Gibb"
3083,"James Stewart, Jean Arthur, Claude Rains, Edward Arnold, Guy Kibbee"
9344,"Leo Fitzpatrick, Rosario Dawson, Chloë Sevigny, Justin Pierce, Sajan Bhagat"
10707,"Jeff Daniels, Laura Linney, Jesse Eisenberg, Owen Kline, William Baldwin"
15647,"Jennifer Westfeldt, Tovah Feldshuh, Esther Wurmfeld, Hillel Friedman, Jon Hamm"
308529,"Alain Moussi, Dave Bautista, Sara Malakul Lane, Jean-Claude Van Damme, Darren Shahlavi"
4174,"Ingrid Bergman, Gregory Peck, Michael Chekhov, Rhonda Fleming, Leo G. Carroll"
20156,"Bruce Greenwood, Mia Kirshner, Elias Koteas, Don McKellar, Sarah Polley"
9464,"Vincent Gallo, Christina Ricci, Ben Gazzara, Mickey Rourke, Rosanna Arquette"
49018,"Patrick Wilson, Rose Byrne, Ty Simpkins, Barbara Hershey, Lin Shaye"
13820,"Harry Dean Stanton, Emilio Estevez, Tracey Walter, Olivia Barash, Sy Richardson"
18079,"Ricardo Darín, Gastón Pauls, Leticia Brédice, María Mercedes Villagra, Gabriel Correa"
127918,"Ami Ayalon, Avraham Shalom, Yaakov Peri, Carmi Gillon, Avi Dichter"
17113,"Daniel Day-Lewis, Camilla Belle, Catherine Keener, Ryan McDonald, Paul Dano"
129139,"Aubrey Plaza, Johnny Simmons, Bill Hader, Alia Shawkat, Sarah Steele"
507,"Eric Stoltz, Julie Delpy, Jean-Hugues Anglade, Tai Thai, Bruce Ramsay"
4012,"Ryan Gosling, Summer Phoenix, Theresa Russell, Billy Zane, Joshua Harto"
14054,"Kate Beckinsale, Sam Rockwell, Michael Angarano, Olivia Thirlby, Amy Sedaris"
323271,"Rusty Joiner, Murray Gray, James Gaudioso, Erin Boyes"
10972,"Peter Mullan, David Caruso, Stephen Gevedon, Josh Lucas, Brendan Sexton III"
13066,"Jeff Garlin, Sarah Silverman, Bonnie Hunt, Elle Fanning, Jessy Schram"
66025,"Nia Long, Danny Glover, Evan Ross, Summer Bishil"
11908,"Joel David Moore, Tamara Feldman, Deon Richmond, Kane Hodder, Mercedes McNab"
3082,"Charlie Chaplin, Paulette Goddard, Henry Bergman, Tiny Sandford, Chester Conklin"
39541,"Aidan Quinn, Bonnie Hunt, Kevin Pollak, Eddie Kaye Thomas, Lisa Dodson"
1961,"Bruce Campbell, Grace Thorsen, Ted Raimi, Adam Boyd, Mike Estes"
51820,"Dondre Whitfield, Kym Whitley, Monica Calhoun, Terrence Howard, Darrin Henson"
291362,"Adam Carolla, Diane Farr, Larry Miller, Mindy Robinson, David Koechner"
30082,"Dina Korzun, Rip Torn, Darren E. Burrows, Andrew Henderson, Elizabeth Morton"
72913,"Chris Cooper, DJ Qualls, Garret Dillahunt, Yul Vazquez, Lucas Neff"
23963,"Stephen McHattie, Lisa Houle, Georgina Reilly, Hrant Alianak, Rick Roberts"
29406,"Michelle Monaghan, Nathan Fillion, Joey Lauren Adams, Jimmy Bennett, Mika Boorem"
361505,
104755,"Sheri Moon Zombie, Bruce Davison, Jeff Daniel Phillips, Judy Geeson, Meg Foster"
253306,"Morgana O'Reilly, Rima Te Wiata, Glen-Paul Waru, Cameron Rhodes, Millen Baird"
29595,"Lee Scott, Don Hunter, Jon Hunter, Jeremy Hunter, Matt Hunter"
46729,"Jay Baruchel, Sarah Lind, Jim Byrnes, Neil Denis, Chilton Crane"
294600,"Paul Sorvino, Chazz Palminteri, Michael Rapaport, Renee Props"
137347,"Vera Farmiga, Mark Strong, Harry Lloyd, Anton Lesser, Joe Armstrong"
290370,"Kim Coates, Holly Deveaux, Ashanti, Amber Marshall, Jason Cermak"
426469,"Roni Akurati, Brighton Sharbino, Jason Lee, Anjul Nigam, Hilarie Burton"
356841,"Danny Glover, Sean Astin, Vinnie Jones, Mischa Barton, Michael Paré"
301325,"Taryn Manning, Natasha Lyonne, Chloë Sevigny, Balthazar Getty, Timothy Hutton"
347755,"Zane Holtz, Glen Powell, Kiowa Gordon, Castille Landon, Johnny Sequoyah"
408,"Adriana Caselotti, Lucille La Verne, Harry Stockwell, Roy Atwell, Pinto Colvig"
44413,"María Alché, Mercedes Morán, Carlos Belloso, Alejandro Urdapilleta, Mía Maestro"
39209,"Sean Connery, Brigitte Bardot, Jack Hawkins, Stephen Boyd, Peter van Eyck"
48463,"Werner Herzog, Kitana Baker, Gabriel Beistain, Russell Williams II, David A. Davidson"
394047,"Allison Paige, James Remar, Lea Thompson, Jayson Blair, Sherry Stringfield"
312791,"Ali Cobrin, Erin Agostino, James Thomas, Alice Hunter, Alyson Bath"
266034,"Mathieu Amalric, Léa Drucker, Stéphanie Cléau, Laurent Poitrenaux"
280381,"James Oliver, Jonathan Mangum, Alison Raimondi, Angela Jones, Lance Henriksen"
2661,"Adam West, Burt Ward, Lee Meriwether, Cesar Romero, Burgess Meredith"
100,"Jason Flemyng, Dexter Fletcher, Nick Moran, Jason Statham, Vinnie Jones"
218500,"Edward James Olmos, James Gammon, Tom Bower"
309,"Ulrich Thomsen, Henning Moritzen, Thomas Bo Larsen, Paprika Steen, Birthe Neumann"
27845,"Steve Buscemi, Chloë Sevigny, Carol Kane, Mark Boone Junior, Bronson Dudley"
25784,"Kiều Chinh, Long Nguyen, Diem Lien, Jayvee Mai The Hiep, Khanh Doan"
52790,"Peter Coyote, Karen Allen, Robert Burke, Amber Willenborg, Jack MacDonald"
100275,"Thure Lindhardt, Dylan Smith, Georgina Reilly, Alain Goulem, Stephen McHattie"
295914,"Elina Abai Kyzy, Aziz Muradillayev, Nasira Mambetov, Adilet Usubaliyev, Mirlan Abdulayev"
42033,"Lenore Zann, Maury Chaykin, Kate Lynch, Kevin King, John Walsch"
19187,"Adam Goldberg, Judy Greer, Andy Dick, Mario Van Peebles"
46415,"Uday Chopra, Tanisha Mukherjee, Abhishek Bachchan, Richa Pallod, Gaurav Gera"
38570,"Bryan Callen, Noureen DeWulf, Mircea Monroe, Stephen Kramer Glickman, Austin Michael Scott"
27588,"Carly Schroeder, Cody Linley, Brie Gabrielle, Chloe Bridges, Micah Alberti"
223,"Laurence Olivier, Joan Fontaine, George Sanders, Judith Anderson, Nigel Bruce"
9725,"Amy Steel, John Furey, Adrienne King, Kirsten Baker, Betsy Palmer"
28580,"Ray Milland, Jane Wyman, Phillip Terry, Howard Da Silva, Doris Dowling"
23730,"John Heard, Daniel Stern, Christopher Curry, Kim Greist, Laure Mattos"
84197,"Resmine Atis, Baby Bash, David Bianchi, Jorge Diaz, Chingo Bling"
46256,"Georgina Cordova, Ernest Borgnine, Michael Madsen, Scott Eastwood"
19997,"Marilyn Monroe, Joseph Cotten, Jean Peters, Max Showalter, Denis O'Dea"
43266,"Walter Pidgeon, Maureen O'Hara, Roddy McDowall, Donald Crisp, Anna Lee"
278316,"Felicia Pearson, Zaraah Abrahams, Elvis Nolasco, Steven Hauck, Stephen Tyrone Williams"
1412,"Andie MacDowell, Peter Gallagher, James Spader, Laura San Giacomo, Ron Vawter"
176,"Cary Elwes, Danny Glover, Monica Potter, Michael Emerson, Ken Leung"
39939,"Jay Chandrasekhar, Steve Lemme, Kevin Heffernan, Paul Soter, Geoffrey Arend"
357834,"Ben Youcef, Candice Coke, Harry Lennix, Tara Holt, Josh Pence"
215924,"Lisa Owen, Ximena Ayala, Sonia Franco, Wendy Guillén, Andrea Baeza"
480,"Naseeruddin Shah, Lillete Dubey, Vijay Raaz, Tillotama Shome, Vasundhara Das"
14295,"Laura Linney, Mark Ruffalo, Matthew Broderick, Jon Tenney, Rory Culkin"
11219,"Edmund Gwenn, John Forsythe, Shirley MacLaine, Mildred Natwick, Mildred Dunnock"
20770,"Natasha Lyonne, Brandt Wille, Bud Cort, Michelle Williams, RuPaul"
176124,"Scott Elrod, Dorian Brown, Charles Henry Wyson, James Devoti, Nicole Leigh"
500,"Harvey Keitel, Tim Roth, Michael Madsen, Chris Penn, Steve Buscemi"
60400,"Shirley Temple, Spring Byington, Nigel Bruce, Gale Sondergaard, Eddie Collins"
429,"Eli Wallach, Clint Eastwood, Lee Van Cleef, Aldo Giuffrè, Luigi Pistilli"
310569,"Regina Casé, Michel Joelsas, Camila Márdila, Karine Teles, Lourenço Mutarelli"
98369,"Marshall Allman, Claire Holt, Tania Raymonde, Justin Welborn, Eric Lange"
114065,
89750,"Samantha King, Barbara Brenner, Barbara Ehrenreich, Nancy Brinker, Susan Love"
49951,"Jonathan Winters, Robin Williams, Sarah Silverman, Patricia Arquette"
86331,"Déborah Révy, Hélène Zimmer, Gowan Didi, Johnny Amaro, Johan Libéreau"
355629,"Juan Carlos Montoya, Rodrigo Viaggio, Irma Maury, Antonio Arrué, Viviana Andrade"
16433,"Johnny Knoxville, Christina Applegate, Gabriel Macht, Marley Shelton, Robert Forster"
15544,"Patrick J. Adams, Ryan Pinkston, Denise Boutte, Michael Cera, Frankie Muniz"
43884,"Errol Flynn, Olivia de Havilland, Patric Knowles, Henry Stephenson, Nigel Bruce"
107315,"Edward Furlong, Michael Berryman, Kristin Booth, Michael Eisner, Dee Hanna"
137955,
13064,"Shane McDermott, Seth Green, Brittney Powell, Chris Conrad, Edie McClurg"
59917,"Godfrey Cambridge, Raymond St. Jacques, Calvin Lockhart, Judy Pace, Redd Foxx"
157422,"Sienna Guillory, Gianni Capaldi, Enzo Cilenti, Michele Hicks, Sonja Kinski"
310933,"Robert Loggia, Charles Durning, Tony Todd, Dustin Diamond, Wilson Jermaine Heredia"
7553,"Ryan Reynolds, Anna Faris, Justin Long, David Koechner, Luis Guzmán"
12877,"Paddy Considine, Gary Stretch, Toby Kebbell, Jo Hartley, Seamus O'Neill"
39895,"Vincent Price, Clu Gulager, Terry Kiser, Rosalind Cash, Cameron Mitchell"
102840,
55616,"Wei-Qiang Zhang, Tara Birtwhistle, David Moroni, CindyMarie Small, Johnny A. Wright"
29697,"Frank Rautenbach, Jeanne Neilson, Hamilton Dlamini, Sean Cameron Michael, Rochelle Buchan"
50037,"Michael Rogers, Scott Hylands, Marilyn Norry, Eva Allan, Rondel Reynoldson"
94329,"Iko Uwais, Joe Taslim, Donny Alamsyah, Yayan Ruhian, Ray Sahetapy"
53502,"Luke Goss, Joshua Alba, Matthew R. Anderson, Laura Chinn, Cameron Goodman"
202604,Joe Marino
289,"Humphrey Bogart, Ingrid Bergman, Paul Henreid, Claude Rains, Conrad Veidt"
27374,"Talia Zucker, Rosie Traynor, David Pledger, Martin Sharpe, Steve Jodrell"
26815,"Ranbir Kapoor, Sumeet Darshan Dobhal, Gauhar Khan, Shazahn Padamsee, Prem Chopra"
811,"Bruce Dern, Cliff Potts, Ron Rifkin, Jesse Vint, Steven Brown"
1366,"Sylvester Stallone, Talia Shire, Burt Young, Carl Weathers, Burgess Meredith"
244776,"Christopher Abbott, Brady Corbet, Stephanie Ellis, Gitte Witt"
5769,"Albert Finney, Susannah York, Hugh Griffith, Edith Evans, Joan Greenwood"
277685,"Shelley Hennig, Moses Jacob Storm, Renee Olstead, William Peltz, Jacob Wysocki"
103,"Robert De Niro, Cybill Shepherd, Harvey Keitel, Jodie Foster, Peter Boyle"
11298,"Patrick Macnee, Dennis Dugan, Christopher Stone, Belinda Balaski, Kevin McCarthy"
646,"Sean Connery, Ursula Andress, Joseph Wiseman, Jack Lord, Bernard Lee"
93856,"Jesse McCartney, Jonathan Sadowski, Olivia Taylor Dudley, Ingrid Bolsø Berdal, Alex Feldman"
9003,"Andrew Robinson, Clare Higgins, Ashley Laurence, Sean Chapman, Oliver Smith"
347126,"Hayley Orrantia, Melissa Joan Hart, Jesse Metcalfe, David A.R. White, Ray Wise"
10092,"Julian Morris, Lindy Booth, Jared Padalecki, Jon Bon Jovi, Sandra McCoy"
10643,"Takehiro Murata, Naomi Nishida, Mayu Suzuki, Hiroshi Abe, Shirô Sano"
46705,"Ryan Gosling, Michelle Williams, Mike Vogel, John Doman, Faith Wladyka"
546,"Felicity Huffman, Kevin Zegers, Elizabeth Peña, Danny Burstein, Maurice Orozco"
76487,"Fernanda Andrade, Simon Quarterman, Evan Helmuth, Ionut Grama, Suzan Crowley"
5722,"Dolly Read, Cynthia Myers, Marcia McBroom, John Lazar, Michael Blodgett"
39833,"Richard Egan, Debra Paget, Elvis Presley, Robert Middleton, William Campbell"
1781,"Al Gore, Billy West, Ronald Reagan, George W. Bush, George H. W. Bush"
18712,"John Wayne, John Agar, Adele Mara, Forrest Tucker, Wally Cassell"
7944,"Mick Jagger, Keith Richards, Charlie Watts, Ronnie Wood, Christina Aguilera"
171424,"Lorenza Izzo, Ariel Levy, Sky Ferreira, Nicolas Martinez, Kirby Bliss Blanton"
361475,"Juliet Stevenson, Alex Lawther, Phénix Brossard, Finbar Lynch, Niamh Cusack"
113947,"John Hawkes, Helen Hunt, William H. Macy, Moon Bloodgood, Annika Marks"
18570,"Michael Pollan, Eric Schlosser, Richard Lobb, Vince Edwards, Carole Morison"
83860,"Rachel Hendrix , Jason Burkey, Robert Amaya , John Schneider"
41469,"Hope Davis, Philip Seymour Hoffman, Holland Taylor, Alan Gelfant, Jason Lewis"
244772,"Kristen Wiig, Bill Hader, Luke Wilson, Ty Burrell, Boyd Holbrook"
50837,"Elizabeth Olsen, Hugh Dancy, John Hawkes, Sarah Paulson, Brady Corbet"
248774,"Jenny Slate, Jake Lacy, Gaby Hoffmann, Paul Briganti, Stephen Singer"
10183,"Melissa Leo, Misty Upham, Charlie McDermott, John Canoe, Jay Klaitz"
159014,"Bette Midler, Mick Jagger, Sting, Sheryl Crow, Bruce Springsteen"
32456,"Robert Downey Jr., Natasha Gregson Wagner, Heather Graham, Angel David, Frederique van der Wal"
49963,"Catherine Keener, Anne Heche, Liev Schreiber, Randall Batinkoff, Amy Braverman"
13508,"Martin Sheen, Mel Gibson, Tom Hanks"
22597,"Ben Weber, Timothy Olyphant, Matt McGrath, Zach Braff, Dean Cain"
9707,"Bruce Campbell, Ossie Davis, Ella Joyce, Heidi Marnhout, Bob Ivy"
37532,"Saul Williams, Sonja Sohn, Bonz Malone, Beau Sia"
26791,"Richard Dutcher, Matthew A. Brown, Wilford Brimley"
56666,"Hrithik Roshan, Karisma Kapoor, Jaya Bachchan, Neha, Bikram Saluja"
8675,"Trey Parker, Dian Bachar, Matt Stone, Ron Jeremy, Michael Dean Jacobs"
13132,"Paul Schneider, Zooey Deschanel, Danny McBride, Maurice Compte, Heather McComb"
47686,"David Arquette, Brad Hunt, Kathryn Erbe, Patrick McGaw, Cathy Moriarty"
46989,"Margaret Colin, Agnes Bruckner, David Strathairn, Frances Fisher, A.J. Buckley"
192132,"Emma Roberts, Jack Kilmer, Nat Wolff, James Franco, Zoe Levin"
24424,"Fouad Habash, Nisrine Rihan, Elias Saba, Youssef Sahwani, Abu George Shibli"
13198,"Patrick Fugit, Shannyn Sossamon, Shea Whigham, Leslie Bibb, Will Arnett"
244267,"Michael Pitt, Brit Marling, Astrid Bergès-Frisbey, Steven Yeun, Archie Panjabi"
21413,"Shia LaBeouf, Elden Henson, Amy Smart, Billy Kay, Kathleen Quinlan"
123678,"Anwar Congo, Herman Koto, Syamsul Arifin, Ibrahim Sinik, Yapto Soerjosoemarno"
13362,"Brian Keith Allen, Moazzam Begg, Christopher Beiring, Alex Gibney"
39183,"Pelé, Franz Beckenbauer, Carlos Alberto, Raphael de la Sierra, Phil Woosnam"
62402,"Aasheekaa Bathija, Thomas Garvey, Kumar Gaurav, Rufus Graham, Asim Mujahid"
206412,"Laura Kirk, Nat DeWolf, Griffin Dunne, Daniel London, Sandra Bullock"
201132,"Genevieve Bachman, William Brotman, Michael Christiansen, Tom Hamann, George Lampman"
251471,"Jason Bateman, Matthias Klie"
112456,"Randy Wayne, John Schneider, Rosanna Arquette, Sean Michael Afable, Jason Dundas"
20296,"Anil Kapoor, Sunil Shetty, Arshad Warsi, Emraan Hashmi, Irrfan Khan"
25983,"Jocelin Donahue, Mary Woronov, Greta Gerwig, AJ Bowen, Heather Robb"
66195,"David Hyde Pierce, Clayne Crawford, Nathaniel Parker, Helen Reddy"
16155,"Sam Rockwell, Steve Zahn, Paul Giamatti, Mark Ruffalo, Josh Pais"
46727,"Jesse Bradford, Jordan Brower, Jonathan Taylor Thomas, Daryl Hannah, Tiffani Thiessen"
55180,"Dan Zukovic, Mark Ruffalo, Sibel Ergener, James Lorinz, Yul Vazquez"
29015,"Jordan Ladd, Rob Lowe, Jamie Kennedy, Thomas Haden Church, James Gunn"
91122,"Hallee Hirsh, Theresa Russell, Shiloh Fernandez, Will Rothhaar"
18206,"Colin Hanks, Ana Claudia Talancón, Jordana Spiro, Jonathon Trent, Alex Boling"
320146,"Benjamin Dickinson, Nora Zehetner, Dan Gill, Alexia Rasmussen, Gavin McInnes"
13856,"Michael Rapaport, Josh Peck, Robert Baker, Jack Kehler, Alexandra Holden"
219716,"Park Overall, Veronica Cartwright, Freddie Prinze Jr., Don Harvey, Jamie Kennedy"
43630,
56491,"Mariel Hemingway, David Keith, David Millbern, Jill Bennett, Sydney Jackson"
99826,"Frank Whaley, Carla Gugino, Ethan Hawke, Lynn Cohen, Jillian Stacom"
186935,"Armando Espitia, Andrea Vergara, Linda Gonzalez, Juan Eduardo Palacios, Kenny Johnston"
357441,"Shehzad Sheikh, Ayesha Omar, Yasir Hussain, Javed Sheikh"
19344,"Erin Kelly, Diane Gaidry, Laura Breckenridge, Michelle Horn, Gustine Fudickar"
242083,"Meredith Hagner, Matt Walsh, James Adomian, Jake Cherry, Derek Waters"
18869,"Edward Furlong, Rachael Bella, William Sadler"
26673,"Randy Wayne, Caroline D'Amore, Jareb Dauplaise, Lauren C. Mayhew, Dan Levy"
41830,"Oliver Reed, Clifford David, Ann Lynn, Louise Sorel, Mike Pratt"
37694,"Vernel Bagneris, Marcus Chait, Michael Ciesla"
63287,"Jennifer Lawrence, Selma Blair, Bokeem Woodbine, Chloë Grace Moretz, Sophia Bairley"
335874,"Barbara Hershey, Joe Mantegna, Diane Venora, James Naughton, Natalie Dreyfuss"
34592,"Janette Armand, Doug Fahl, Cooper Hopkins, Bill Johns, Russell Hodgkinson"
92635,"Shanley Caswell, Maureen McCormick, Eric Roberts, Tim Abell, R.J. Cantu"
258755,"Germán Alcarazu, Adil Koukouh, Ana Wagener, Alex Angulo"
96534,"Ken Duken, Nicole Beharie, Reg E. Cathey, Marlene Forte, Laith Nakli"
21283,"Wesley Jonathan, Chrystee Pharris, Anthony Anderson"
272724,"Tom Berenger, Ashley Hayes, Eric Roberts, Bart Voitila, Oliver Rayon"
84178,"Kate Bosworth, Lake Bell, Jay Paulson, Katie Aselton, Will Bouvier"
101179,"Liam Boyle, Jack Gordon, Florence Hall, David Oakes, Jennie Jacques"
52462,"Pierre Dulat, Andrea Edmondson, Summer Nguyen, Lydia McLane, Steven Wollenberg"
269057,"Jane Levy, Peter Stormare, Justin Chatwin, David Reale, Kristian Bruun"
287524,"Thomas Dekker, Robert Englund, Cleopatra Coleman, Fiona Dourif, Kevin Gage"
206213,"Martin Copping, Danny Trejo, Clare Niederpruem, Terry Guthrie, Jason Regier"
248402,"Luke Perry, Anna Claire Sneed, Leonor Varela"
29146,"Cliff Robertson, Claire Bloom, Lilia Skala, Leon Janney, Ruth White"
207769,"Ted Levine, Katia Winter, Michael McMillian, Monique Candelaria, Jenny Gabrielle"
271185,"Britt Robertson, Christian Slater, Justin Long, Martin Sheen, Andy Buckley"
29731,"Kevin Daniels, Michael Boatman, Jeremy Gumbs, Eartha Kitt, Vanessa Williams"
292539,
654,"Marlon Brando, Karl Malden, Lee J. Cobb, Rod Steiger, Pat Henning"
91070,"Krysten Ritter, Kate Bosworth, Rachel Bilson, Geoff Stults, Justin Kirk"
2009,"Anamaria Marinca, Laura Vasiliu, Vlad Ivanov, Alexandru Potocean, Luminița Gheorghiu"
323270,"Nick Frangione, Artem Mishin, Jan Cornet, Brian Dorton, Javier Botet"
2652,"Patrick Wilson, Ellen Page, Sandra Oh, Odessa Rae, G.J. Echternkamp"
9813,"Elisha Cuthbert, Camilla Belle, Edie Falco, Martin Donovan, Shawn Ashmore"
60421,"Nikohl Boosheri, Sarah Kazemy, Reza Sixo Safai, Soheil Parsa, Nasrin Pakkho"
157354,"Michael B. Jordan, Octavia Spencer, Melonie Diaz, Ahna O'Reilly, Kevin Durand"
127867,"Juno Temple, Michael Angarano, Alexis Bledel, Billy Magnussen, Alia Shawkat"
3170,"Donnie Dunagan, Peter Behn, Stan Alexander, Cammie King, Will Wright"
14014,"Adam Carolla, Oswaldo Castillo, Harold House Moore, Christopher Darga, Jonathan Hernandez"
15708,"Steve Sandvoss, Wes Ramsey, Jacqueline Bisset, Joseph Gordon-Levitt, Rebekah Johnson"
146882,"Stana Roumillac, Vincent Byrd Le Sage, Christophe Cherki"
215918,"Bokeem Woodbine, Sharon Leal, Wayne Brady, Quinton Aaron, Hill Harper"
84200,"Ari Graynor, Lauren Miller, Mark Webber, Justin Long, Mimi Rogers"
84184,"Rashida Jones, Andy Samberg, Elijah Wood, Emma Roberts, Ari Graynor"
45767,"D. David Morin, Gavin MacLeod, Hal Linden, Jennifer O'Neill, Paul Rodríguez"
14823,"Georgia Groome, Johnny Harris, Sam Spruell, Lorraine Stanley, Alexander Morton"
367551,"Stephen Dorff, Eddie Griffin, Bill Billions, Jonathan Billions"
343409,"Samaire Armstrong, Anna Gurji, Matt Cohen, Kyan DuBois"
60243,"Leila Hatami, Kimia Hosseini, Merila Zarei, پیمان معادی, Sareh Bayat"
57294,"Stephen McCole, Malcolm Shields, Andrew Neil, Jo Hartley"
11446,"Heather Matarazzo, Victoria Davis, Christina Brucato, Christina Vidal, Siri Howard"
47889,"Ashley Judd, Todd Field, Bentley Mitchum, Dorothy Lyman, Allison Dean"
25461,"Victor Rasuk, Judy Marte, Melonie Diaz, Altagracia Guzman, Silvestre Rasuk"
905,"Louise Brooks, Fritz Kortner, Francis Lederer, Carl Goetz, Krafft-Raschig"
279759,
78705,"Norma Aleandro, Norma Argentina , Marcos Mundstock, Claudia Lapacó, Elsa Berenguer"
25212,"Kevin Pollak, Timothy Hutton, Sheryl Lee Ralph, Clotilde Courau, Sean Astin"
26899,"Emile Hirsch, Tom Guiry, Richard Jenkins, Pablo Schreiber, Zachary Knighton"
146269,"Devon Gummersall, Arly Jover, Eion Bailey, Leslie Bibb, Dale Godboldo"
292483,"Shane Dawson, Cherami Leigh, Drew Monson, Michelle Veintimilla, Lisa Schwartz"
14451,"Charlotte Frogner, Stig Frode Henriksen, Vegar Hoel, Jeppe Beck Laursen, Evy Kasseth Røsten"
10105,"Larry Bagby, Alexander Polinsky, Kirby Heyborne, Corbin Allred, Ethan Vincent"
211557,"Brandon Bales, Brandy Maasch, Julie Mintz, Walter Phelan, Taylor Pigeon"
838,"Richard Dreyfuss, Ron Howard, Paul Le Mat, Charles Martin Smith, Cindy Williams"
40862,Shereef Akeel
13158,"Dana Snyder, Carey Means, Dave Willis, Andy Merrill, Bruce Campbell"
84332,"Aubrey Plaza, Mark Duplass, Jake Johnson, Karan Soni, Jenica Bergere"
74510,"Kevin Hart, Na'im Lynn"
74725,"Neil Maskell, MyAnna Buring, Harry Simpson, Michael Smiley, Struan Rodger"
58428,"Sara Paxton, Pat Healy, Kelly McGillis, George Riddle, Lena Dunham"
8416,"Jean-Louis Trintignant, Stefania Sandrelli, Gastone Moschin, Dominique Sanda, Enzo Tarascio"
36584,"Dylan Haggerty, Renee Faia, Dennis Lau, Raymond J. Barry, Kelsey Kemper"
13429,"Nichola Burley, Sian Breckin, Jaime Winstone, Robert Boulter, Tom Burke"
9022,"Amber Heard, Anson Mount, Michael Welch, Whitney Able, Edwin Hodge"
22530,"Sarah Farooqui, Chris Ivan Cevic, Alex Petrovitch, Michele Morrow, Ivan L. Moody"
288,"Gary Cooper, Grace Kelly, Thomas Mitchell, Lloyd Bridges, Katy Jurado"
14275,"William Gates, Arthur Agee, Steve James"
2287,"Christopher Toler, Tommy the Clown, Miss Prissy, Dragon, Ceasare Willis"
18734,"Paul Dano, Bruce Altman, Brian Cox, Billy Kay, James Costa"
206197,"Kara Hayward, Georgie Henley, Olivia DeJonge, Laura Fraser, Kal Penn"
26837,"Julie 'Jules' Urich, Missy Yager, Wesley Jonathan, Drew Sidora, Aimee Garcia"
7859,"Ryan Gosling, Jeff Lima, Shareeka Epps, Nathan Corbett, Tyra Kwao-Vovo"
302579,"Valerie Red-Horse, Yvonne Russo, Irene Bedard, Kimberly Guerrero, Pato Hoffmann"
51955,"Christopher Scott Cherot, Chenoa Maxwell, Tammi Katherine Jones, Robinne Lee, Reginald James"
376004,"Sean Faris, Danielle Savre, Mehcad Brooks, Stephanie Charles, Steffinnie Phrommany"
158752,"Roy Abramsohn, Elena Schuber, Katelynn Rodriguez, Danielle Safady, Alison Lees-Taylor"
40658,"Ellis Cashmore, Max Clifford, Richard Curtis, Josef d'Bache-Kane, Nick Davies"
296943,
118612,"Steven Strait, Karolina Wydra, Sandra Ellis Lafferty, Ric Reitz, Jackson Walker"
138976,"Matthew Ziff, Michael Biehn, Sarah Butler, Caitlin Keats"
323967,"Andrew J. West, Justin Kirk, Virginia Madsen, William H. Macy, Milo Ventimiglia"
3080,"Fred Astaire, Ginger Rogers, Edward Everett Horton, Helen Broderick, Erik Rhodes"
2667,"Michael C. Williams, Heather Donahue, Joshua Leonard, Bob Griffith, Jim King"
9459,"Joe Cocker, Richie Havens, Joan Baez, Arlo Guthrie, Ten Years After"
11598,"Evan C. Kim, Bong Soo Han, Marilyn Joi, Saul Kahan, Marcy Goldman"
26916,"Eric Roberts, David A.R. White, Cynthia Watros, Lawrence Taylor, Stacy Keach"
181940,"Erik Allen, Randy Baranczyk, Chris Carlson, Ben Coler, Nancy Crocker"
125263,"Todd Field, Jason London, Roxana Zal, Susan Traylor, James Hong"
263503,"Enrique Murciano, Nicholas Gonzalez, Clancy Brown, Yvette Yates, Rafael Agustin"
324322,"Aliou Touré, Oumar Touré, Garba Touré, Nathanael Dembélé, Khaira Arby"
331493,
375950,"François Cluzet, Marianne Denicourt, Isabelle Sadoyan, Félix Moati, Christophe Odent"
278348,"Paula Garcés, Annabella Sciorra, Bill Camp, Philip Ettinger, Julio C. Peña"
704,"John Lennon, Paul McCartney, George Harrison, Ringo Starr, Wilfrid Brambell"
70875,
75986,"Jamie Lee Curtis, Bonnie Bartlett, Matt Clark, James Keach, Amy Madigan"
385636,"Dario Nožić Serini, Jan Gerl Korenc, Špela Colja, Katja Škofić, Ana Dolinar"
14438,"Kirk Cameron, Erin Bethea, Ken Bevel, Stephen Dervan, Eric Young"
211086,"Bhole Baba, Hatha Yogi Baba, Pant Shirt Baba, Baby Bajrangi, Shriman Umeshanad Brahmachari"
23069,"Patsy Garrett, Allen Fiuzat, Cynthia Smith, Peter Breck, Frances Bavier"
83,"Blanchard Ryan, Daniel Travis, Saul Stein, Michael E. Williamson, Christina Zenato"
89857,"Kathryn Burns, Lizzy Caplan, Michael Coleman, Andrew Daly, Rich Fulcher"
30315,"William Shatner, Tiffany Bolling, Woody Strode, Lieux Dressler, David McLean"
14358,
2056,"Peter Dinklage, Patricia Clarkson, Bobby Cannavale, Michelle Williams, Raven Goodwin"
41144,"Randy Wayne, Deja Kreutzberg, Joshua Weigel, Steven Crowder, Kim Hidalgo"
35199,"Will Shortz, Merl Reagle, Tyler Hinman, Trip Payne, Al Sanders"
14271,"Mick Foley, Terry Funk, Vince McMahon, Dwayne Johnson, Jake Roberts"
16653,"Will Swenson, Connie Young, Daryn Tufts, Michael Birkeland, Lincoln Hoppe"
14757,"Marina Golbahari, Arif Herati, Zubaida Sahar, Mohammad Nadir Khwaja"
84401,"Rachel Dratch, Hillel Halkin, Jason Kravitz, Dan Miron, Peter Riegert"
23655,"Hamish Linklater, Denny Kirkwood, Mackenzie Firgens, Lola Glaudini, Steve Van Wormer"
36825,Kirby Heyborne
33430,"Mark Polish, Michael Polish, Michele Hicks, Jon Gries, Patrick Bauchau"
12281,"Rory Culkin, Scott Mechlowicz, Trevor Morgan, Josh Peck, Ryan Kelley"
125052,"Brendan Sexton III, Antoine McLean, Mtume Gant, Carlo Alban, David Roland Frank"
96238,"Jeffrey Tambor, Jill Clayburgh, Caroline Aaron, Bill Duke, Sandy Duncan"
30246,"LisaRaye McCoy, N'Bushe Wright, Monica Calhoun, Clifton Powell, Yasiin Bey"
7301,"Casey Affleck, Kevin Corrigan, Liv Tyler, Mary Kay Place, Seymour Cassel"
172533,"Olivia Wilde, Jake Johnson, Anna Kendrick, Ron Livingston, Ti West"
180383,"Ricky Jay, Dick Cavett, Winston Simon, David Mamet, Persi Diaconis"
346,"Toshirō Mifune, Takashi Shimura, Yoshio Inaba, Seiji Miyaguchi, Minoru Chiaki"
84318,"Greg Speirs, Jim Lampley, Bill Walton, Dan Majerle, Mickey Hart"
45145,"Brad Pitt, Calvin Levels, Catherine Keener, Nick Cave, Alison Moir"
13983,"Roger Fan, Sung Kang, Monique Gabriela Curnen, Meredith Scott Lynn, Sam Bottoms"
45649,"Thomas F. Duffy, David Bowe, Stephen Spinella, Roxane Mesquida, Jack Plotnick"
19844,"Tori Spelling, Les Williams"
21801,"Ryan Gosling, David Morse, Clea DuVall, Amy Adams, David Cale"
43933,"Whitney Able, Scoot McNairy, Annalee Jefferies, Kevon Kane, Fernando Lara"
73511,"Noah Wyle, Illeana Douglas, Kate Mara, Cloris Leachman, Joanne Whalley"
43653,"Jesse Eisenberg, Mike O'Connell, Jim Gaffigan, Ann Dowd, Colombe Jacobsen-Derstine"
139715,"Jacob Zachar, Alexa Nikolas, Christa Brittany  Allen, Jayson Blair, Justin Chon"
45380,"Guo Tao, Liu Hua, Liu Gang, Xu Zheng, Huang Bo"
30867,"Scott Walker, Damon Albarn, David Bowie, Jarvis Cocker, Marc Almond"
81220,"Radha Mitchell, Megan Mullally, Catherine Lloyd Burns, Jacqueline Heinze, Alan Ruck"
253626,"Ethan Hawke, January Jones, Zoë Kravitz, Jake Abel, Bruce Greenwood"
294550,
90369,"Dakota Fanning, Jeremy Irvine, Kaya Scodelario, Olivia Williams, Paddy Considine"
117942,"Katie Peterson, Shea Stewart, Brandy Whitford, Caley Hayes, Ryan Keely"
380097,
322194,"Tim Abell, Naomi Brockwell, Aleisha Force, Tom Stedham, Cambridge Jones"
98568,"Katherine Waterston, Scott Eastwood, Sara Paxton, Shaun Sipos, Christopher Denham"
119657,"Manny Pérez, Luz Garcia, Sergio Carlo, Juan Maria Almonte, Rafael Estephan"
380733,"Jennifer Hale, Evan Hannemann, Tonya Kay, Anna Ross, Tamara Rey"
285743,"Terrance Zdunich, Paul Sorvino, Marc Senter, Emilie Autumn, Nivek Ogre"
362765,"Joseph E. Murray, Alex Anfanger, Rhomeyn Johnson, Mary Kate Wiles"
379532,"Kevin Sorbo, Sophie Bolen, Derek Brandon, Carrie Bradstreet, Tiffany Burns"
253261,"Elizabeth Streb, Fabio Tavares, Sarah Callan, Jaclyn Carlson, Leonardo Giron"
297100,
15239,"Mitch Cohen, Andree Maranda, Jennifer Prichard, Cindy Manion, Robert Prichard"
94072,
4107,"James Nesbitt, Allan Gildea, Gerard Crossan, Mary Moulds, Carmel McCallion"
325579,
15624,"Helena Bonham Carter, Aaron Eckhart, Yury Tsykun, Brian Geraghty, Brianna Brown"
17287,"Jason Yachanin, Kate Graham, Allyson Sereboff, Robin L. Watkins, Joshua Olatunde"
198370,"Caitlin Fitzgerald, Cheyenne Jackson, Peter Scanavino, Michael Stahl-David, Christina Cole"
3062,"Warner Baxter, Bebe Daniels, George Brent, Ruby Keeler, Guy Kibbee"
328307,
15389,"Edward Clements, Chris Eigeman, Taylor Nichols, Carolyn Farina, Isabel Gillies"
464,"Michael Nyqvist, Frida Hallgren, Helen Sjöholm, Lennart Jähkel, Ingela Olsson"
308467,"Ace Marrero, Katie Stegeman"
8193,"Jon Heder, Aaron Ruell, Jon Gries, Efren Ramirez, Shondrella Avery"
188166,"Macon Blair, Devin Ratray, Amy Hargreaves, Kevin Kolack, Eve Plumb"
23827,"Katie Featherston, Micah Sloat, Mark Fredrichs, Amber Armstrong, Ashley Palmer"
1282,"Sean Penn, Jay Adams, Henry Rollins, Steve Caballero, Tony Hawk"
762,"Graham Chapman, John Cleese, Terry Gilliam, Eric Idle, Terry Jones"
64499,"Emily Rios, Jesse Garcia, Chalo González, David W. Ross, Ramiro Iniguez"
281189,
1435,"Renee Leblanc, Adolph Davis, Jonathan Caouette, Rosemary Davis, David Sanin Paz"
47546,
189711,"Kane Hodder, Doug Jones, Gena Shaw, Marissa Skell, Michael McShane"
19204,"Catriona MacColl, David Warbeck, Cinzia Monreale, Antoine Saint-John, Veronica Lazar"
9029,"Ashton Kutcher, Cameron Diaz, Lake Bell, Queen Latifah, Treat Williams"
18045,"Kate Greenhouse, Aidan Devine, Gordon Currie, Iris Graham, Dov Tiefenbach"
11240,"Gordon Warnecke, Daniel Day-Lewis, Roshan Seth, Saeed Jaffrey, Derrick Branche"
43743,
157909,"Michelle Nolden, Katharine Isabelle, Kett Turton, Gabriel Hogan, Allegra Fulton"
10238,"Harriet Andersson, Ingrid Thulin, Kari Sylwan, Liv Ullmann, Erland Josephson"
3059,"Lillian Gish, Mae Marsh, Robert Harron, F.A. Turner, Sam De Grasse"
15800,"Denise Crosby, Barbara Adams, Majel Barrett, James Doohan, DeForest Kelley"
65203,"Charles King, Anita Page, Bessie Love, Nacio Herb Brown, Mary Doran"
764,"Bruce Campbell, Ellen Sandweiss, Richard DeManincor, Betsy Baker, Theresa Tilly"
103620,"Elijah Wood, America Olivo, Nora Arnezeder, Zoe Aggeliki, Jan Broberg"
319069,Amos Oz
14278,"Joe Bishop, Keith Cavill, Andy Cohn, Scott Hogsett, Christopher Igoe"
25678,"Michael Dudikoff, Steve James, Larry Poindexter, Gary Conway, Jeff Celentano"
79161,"Carol Block, Doug Block, Ellen Block"
371690,"Christian Kapper, Natalie Welch, Tom E. Nicholson, Steve Moses, Patrick Casteel"
389,"Henry Fonda, Martin Balsam, John Fiedler, Lee J. Cobb, E.G. Marshall"
52032,"Christopher Plummer, Lynn Redgrave, Isabella Rossellini, Peter Gerety, Brian Murray"
3078,"Clark Gable, Claudette Colbert, Walter Connolly, Roscoe Karns, Jameson Thomas"
38810,"Hristos Passalis, Angeliki Papoulia, Mary Tsoni, Christos Stergioglou, Michele Valley"
21525,Tupac Amaru Shakur
55123,"Janet McTeer, Kimberly J. Brown, Jennifer Paige"
11980,"Christopher Walken, Elias Koteas, Virginia Madsen, Eric Stoltz, Adam Goldberg"
11956,"Garance Clavel, Zinedine Soualem, Renée Le Calm, Olivier Py, Simon Abkarian"
1550,"Katie Holmes, Derek Luke, Patricia Clarkson, Oliver Platt, Alison Pill"
162396,"Mark Adams, Mark Caven, Allison Egan, Jackie Sawiris, Kevin Howarth"
26518,"Daniel London, Will Oldham, Tanya Smith, Robin Rosenberg, Keri Moran"
8942,"Michelle Williams, Will Patton, Will Oldham, John Robinson"
68412,"Edie Falco, Embeth Davidtz, Elias Koteas, Rachel Resheff, Kathryn Erbe"
2786,"Jean-Paul Belmondo, Anna Karina, Graziella Galvani, Dirk Sanders, Jimmy Karoubi"
87943,
73981,
91721,"Ivan Dixon, Abbey Lincoln, Julius Harris, Gloria Foster, Martin Priest"
118452,"Giovanni Ribisi, Natasha Gregson Wagner, Donal Logue, Robert John Burke, Jeannetta Arnette"
47534,"J.P. Davis, Eddie Jones, Christina Chambers, Diane Tayler"
40914,"Pat Morita, Eric Roberts, Gail Kim, Lalaine, Alexander Wraith"
365052,"Dorothy Tristan, Jace Casey, Jace Casey, Harry Musselwhite, Elizabeth Stenholt"
13282,"David Carradine, Simone Griffeth, Sylvester Stallone, Mary Woronov, Roberta Collins"
250184,"Ricky Schroder, Jon Gries, Tatyana Ali, Jason Marsden, Rick Hoffman"
426067,"Lisa Hart Carroll, Michael Des Barres, Paul Drake, Laura Harrington, Thom Mathews"
324352,"Joanna Cassidy, Joyce Guy, Bill Moseley, Jerome Elston Scott, Alan Blumenfeld"
318040,"Pierre Prieur, Adrian James, Raquel Nave, Rebekah Underhill, Charlie Himmelstein"
27420,"Christopher George, Billy Hufsey, Patch Mackenzie, E. Danny Murphy, E. J. Peaker"
80468,"Kevin Corrigan, Barry Bostwick, Karen Black, Leo Fitzpatrick, Ariel Gade"
84188,"Ann Dowd, Dreama Walker, Pat Healy, Philip Ettinger, James McCaffrey"
2255,"Ben Affleck, Joey Lauren Adams, Jason Lee, Dwight Ewell, Jason Mewes"
50035,"Catherine Keener, Brenda Blethyn, Emily Mortimer, Jake Gyllenhaal, James Le Gros"
300327,
14290,"Parry Shen, Jason Tobin, Sung Kang, Karin Anna Cheung, Roger Fan"
29371,"Laurel Holloman, Maggie Moore, Kate Stafford, Nicole Ari Parker, Toby Poser"
44490,"Mike White, Chris Weitz, Lupe Ontiveros, Maya Rudolph, Paul Weitz"
32222,"Kal Penn, Purva Bedi, Deep Katdare, Ronobir Lahiri, Rizwan Manji"
378237,
431,"Nicole de Boer, Nicky Guadagni, David Hewlett, Andrew Miller, Julian Richings"
76996,"Matt Day, Matthew Dyktynski, Alice Garner, Frances O'Connor, Radha Mitchell"
51942,"Charis Michelsen, Tom Larson, Richard Spore"
1424,"Courteney Cox, James Le Gros, Michael Ealy, Nora Dunn, Nick Offerman"
60420,"Anton Yelchin, Felicity Jones, Jennifer Lawrence, Charlie Bewley, Alex Kingston"
325123,"Glenn Plummer, Michelle Van Der Water, Danielle Vega, Greg Eagles"
142132,"John Taylor, Michael Des Barres, Martin Kemp, Jade Gordon, Larry Klein"
20520,"Jeffrey Chyau, Sung Kang, Jade Wu, Samantha Futerman, Alexis Chang"
109729,"Lindsay Lohan, James Deen, Gus Van Sant, Nolan Gerard Funk, Amanda Brooks"
78307,"Judy Marte, Paola Mendoza, Flaco Navaja, Dominic Colón, Edward O'Blenis"
12247,"Michael Shannon, Glenda Pannell, Lynnsee Provence, Douglas Ligon, Barlow Jacobs"
29917,"Luke Mably, Adar Beck, Chris Carey, Gemma Chan, Nathalie Cox"
70687,"Terumi Matthews, Nicole Zaray, Belinda Becker, James Urbaniak, Thomas Pasley"
60463,"Chris Chatman, Candise Lakota, Krystle Connor, Robert Acinapura, Amy Ganser"
46252,"Corbin Bernsen, Frank Gallacher, Lloyd Warner, Audrey Lynn Tennent"
24869,"Chris Kelly, Jessica Duffy, Quinn Hunchar, Jeremy Make, Jennifer Batter"
77934,"Sophie Bolen, Madeline Vail , Colby French, Florence Henderson, Charles Beale "
34697,"Stacy Keach, Pia Zadora, Orson Welles, Ed McMahon, June Lockhart"
320435,
150211,"Brit Morgan, Noah Segan"
306667,"Jordan Trovillion, Dean Cain, Sherryl Despres, Dana Blackstone, Annelyse Ahmad"
274758,"Katie Cleary, Robert Davi, Carole Davis, Alison Eastwood, Tippi Hedren"
3060,"John Gilbert, Renée Adorée, Hobart Bosworth, Claire McDowell, Claire Adams"
40963,"Sid Haig, Richard Riehle, Mel England, Jacob Zachar, Travis Betz"
173224,"Michael Madsen, Iman Crosson, Lazar Ristovski"
18533,"Tom Hardy, Matt King, James Lance, Kelly Adams, Katy Barker"
376010,"Peter Shinkoda, Merik Tadros, Peter Sherayko, Miles Szanto, Jonathan Erickson Eisley"
139948,"Donald Austin, Brendan ""Doogie"" Milewski, Dave Parnell"
77332,"Dan Futterman, Matt Keeslar, Samuel Ball, Lothaire Bluteau, Alan Cumming"
70478,"Christina Hart, Ronald South, William Condos, Anita de Moulin, Paula Erikson"
35073,"Paul Hubschmid, Paula Raymond, Cecil Kellaway, Kenneth Tobey, Donald Woods"
9659,"Mel Gibson, Joanne Samuel, Hugh Keays-Byrne, Steve Bisley, Tim Burns"
10218,"Jon Favreau, Vince Vaughn, Ron Livingston, Patrick Van Horn, Alex Désert"
391,"Clint Eastwood, Marianne Koch, Gian Maria Volonté, Wolfgang Lukschy, José Calvo"
43595,"Mae West, Cary Grant, Owen Moore, Gilbert Roland, Noah Beery"
194588,
54897,"Michael Joiner, Michael Higgenbottom, Louis Gossett, Jr., Cindy Hodge"
83588,"David Oyelowo, Maya Gilbert, Sharon Lawrence, Emayatzy Corinealdi, Dondre Whitfield"
53256,"Sophie Rois, Sebastian Schipper, Devid Striesow, Annedore Kleist, Alexander Hörbe"
40920,"Evan Adams, Michelle St. John, Gene Tagaban, Swil Kanim, Rebecca Carroll"
287815,
54702,"Samantha Dark, Heather Magee, Richard Glover, R. Brandon Johnson"
176074,"Adam Rifkin, Kelley Menighan Hensley, Kendra Sue Waldman, Scott Anderson"
69270,"Shannon Beckner, Oded Fehr, Ryan Kennedy, Adrien Dorval, Duncan Fisher"
5759,"Ross Partridge, Steve Zissis, Greta Gerwig, Elise Muller, Jett Garner"
402515,"Armin Habibovich, Victoria Lachelle, Livingston Oden, Taylor Scott Olson"
126141,
48035,"Birgitte Federspiel, Preben Lerdorff Rye, Henrik Malberg, Emil Hass Christensen, Ejner Federspiel"
14758,"Marianna Palka, Jason Ritter, Eric Edelstein, Martin Starr, Mark Webber"
13363,"David Lee Smith, Tony Todd, John Billingsley, Ellen Crawford, Annika Peterson"
37985,
25786,"Mia Farrow, AnnaSophia Robb, Olivia Ballantyne, Kelsey Lewis, Jordan Bridges"
36549,"Chase Masterson, John Newton, Kipleigh Brown, Mik Scriba, Nathan Mobley"
361398,"Edie McClurg, C. Fraser Press, Richard Poe, Robert Turano, Matthew Gumley"
289180,"Robin Bartlett, Rebecca Dayan, Will Janowitz, Julian Gamble"
288927,"Sally Kirkland, Victoria Clark, James Murtaugh, Karl Geary, Mary Testa"
21334,"Mohammad Amir Naji, Amir Farrokh Hashemian, Bahare Seddiqi"
79120,"Tom Cullen, Chris New, Jonathan Race, Laura Freeman, Loreto Murray"
27995,"Tracy Camilla Johns, Tommy Redmond Hicks, John Canada Terrell, Spike Lee, Raye Dowell"
253290,
344466,"Ana Maria Guran, Iulia Ciochina, Oana Rusu, Ana Vatamanu, Florin Hritcu"
55420,"William Mapother, Brit Marling, Matthew-Lee Erlbach, DJ Flava, Meggan Lennon"
5822,"Simon Chuckster, Melvin Van Peebles, Hubert Scales, Mario Van Peebles, John Dullaghan"
408429,"Ken Roht, Jeffrey Watkins, William Nicol, Sharon Bollum, Paul Sutherland"
39141,"Aaron Stanford, Kate Mara, Bebe Neuwirth, John Ritter, Sigourney Weaver"
5723,"Glen Hansard, Markéta Irglová, Hugh Walsh, Gerard Hendrick, Alaistair Foley"
28666,"Patrick Warburton, Eugene Roche, Ron Morgan, Emily Newman, Paul Malevich"
30979,"Simon Baron-Cohen, Temple Grandin, Roy Richard Grinker, Rowan Isaacson, Rupert Isaacson"
50497,"Kate Ashfield, Jo Hartley, Martin Compston, Steven Waddington, Craig Parkinson"
354624,"Joel Moody, William Martinez, Vivienne VanHorn"
13187,"Ann Altieri, Chris Doran, Sally Dryer, Bill Melendez, Karen Mendelson"
335244,
178862,"Lisa Ann, Kayden Kross, Belladonna, Katsuni, Teagan Presley"
331745,
1779,"Michael Moore, Roger B. Smith, Rhonda Britton, Fred Ross"
282128,"J.D. Williams, Hassan Johnson, Anil Raman, Richard Carroll Jr., Richard Carroll Jr."
86812,"Brit Marling, Christopher Denham, Nicole Vicius, Davenia McFadden, Kandice Stroh"
38786,
84355,"Mark Duplass, Emily Blunt, Rosemarie DeWitt, Mike Birbiglia, Kate Bayley"
18632,"David Hewlett, Kate Hewlett, Paul McGillion, Christopher Judge, Rachel Luttrell"
40652,"Macha Méril, Bernard Noël, Philippe Leroy, Christophe Bourseiller, Roger Leenhardt"
339408,"Nate Parker, Armie Hammer, Aja Naomi King, Jackie Earle Haley, Penelope Ann Miller"
266857,"Kirby Heyborne, Christopher Robin Miller, Eric Artell"
18925,"James Blackwell, Alex Kendrick, Shannen Fields, Chris WIllis, Tracy Goode"
299245,"Cassidy Gifford, Ryan Shoos, Pfeifer Brown, Reese Mishler, Price T. Morgan"
985,"Jack Nance, Charlotte Stewart, Allen Joseph, Jeanne Bates, Judith Roberts"
34101,"Robert Townsend, Craigus R. Johnson, Helen Martin, Starletta DuPois, Keenen Ivory Wayans"
9821,"Sharon Stone, Elden Henson, Kieran Culkin, Gena Rowlands, Harry Dean Stanton"
65448,"Wilbur 'Hi-Fi' White, Leon Isaac Kennedy, Thommy Pollard , Hazel Spears , Donovan Womack "
18841,"Fay Masterson, Andrew Parks, Susan McConnell, Brian Howe, Jennifer Blaire"
272726,"Gabriela Castillo, Trish Cook, Alexander G. Eckert, Kevin Farley, Dan Glenn"
175291,"Pat Healy, Ethan Embry, Sara Paxton, David Koechner, Amanda Fuller"
80215,"Jonathan Blow, Phil Fish, Edmund McMillen, Tommy Refenes"
13538,"Gillian Anderson, Danny Dyer, Adam Rayner, Antony Byrne, Anthony Calf"
51130,"John Ireland, Jane Randolph, Sheldon Leonard, Roman Bohnen, George Tyne"
270554,"Johnathan Hurley, Jordan Savage, Dane Bowman, Claire Gordon-Harper"
72086,"Max von Sydow, Trevor Howard, Liv Ullmann, Per Oscarsson, Rupert Davies"
268917,"Dottie Alexander, Derek Almstead, David Barnes, Kevin Barnes, Nina Barnes"
64973,
473,"Sean Gullette, Mark Margolis, Ben Shenkman, Samia Shoaib, Pamela Hart"
90414,"Marla Schaffel, Mitchell Whitfield, Michael Harris, Meredith Scott Lynn, Jack McGee"
111794,"Myles Berkowitz, Tia Carrere, Elisabeth Wagner, Richard Arlook, Robert McKee"
360188,"Michelle Simone Miller, Kathryn Metz, A.J. DeLucia, Steve Diasparra, Danielle Donahue"
9372,"Morgan Spurlock, Daryl Isaacs, Lisa Ganjhu, Stephen Siegel, Bridget Bennett"
85860,"Jason Trost, Lee Valmassy, Art Hsu, Caitlyn Folley, Brandon Barrera"
244534,"Anna Kendrick, Melanie Lynskey, Mark Webber, Lena Dunham, Joe Swanberg"
33468,"Jason Evers, Virginia Leith, Doris Brent, Audrey Devereal, Eddie Carmel"
294086,"Mark Strano, Frankie Valenti, Johnny Hazzard, Darryl Stephens, Gregory Marcel"
139998,"Alex Karpovsky, Tarik Lowe, Arielle Kebbel, Melonie Diaz, Kevin Corrigan"
74777,"Katie Parker, Courtney Bell, Morgan Peter Brown, Dave Levine, Justin Gordon"
16388,"Shari Albert, Maxine Bahns, Catharine Bolz, Connie Britton, Edward Burns"
159770,"Matt Johnson, Owen Williams, Krista Madison, Brandon Wickens, Jay McCarroll"
42109,"Sônia Braga, Marcello Mastroianni, Antonio Cantafora, Paulo Goulart, Tania Boscoli"
47607,"Lena Dunham, Laurie Simmons, Grace Dunham, Rachel Howe, Merritt Wever"
193603,"Richard Tyson, Sherri Eakin, Jeremy Ivy, Jeremy Sande, Corlandos Scott "
84659,"Josh Wise, Chelse Swain, Sean Shanks, Amanda MacDonald, Corbin Bernsen"
322745,
20981,"Matt Foyer, John Bolen, Ralph Lucas, Chad Fifer, Susan Zucker"
174362,
242095,"Brenton Thwaites, Olivia Cooke, Beau Knapp, Laurence Fishburne, Robert Longstreet"
250902,"Todd McFarlane, Rob Liefeld, Jim Lee, Marc Silvestri, Erik Larsen"
158895,"Paul Eenhoorn, Richmond Arquette, Sam Buchanan, Robert Longstreet, Kristin Slaysman"
222250,"Katrina Bowden, Jon Gries, Malcolm Goodwin, Cameron Fife, Tyler McGee"
18292,"Candace Evanofski, Donald Holden, Damian Jewan Lee, Curtis Cotton III, Rachael Handy"
125537,"Derick Martini, Amy Hathaway, Steven Martini"
326576,"Barry Corbin, Brooke Coleman, Kurt Cole, Brandon Smith, Alan Pietruszewski"
228550,"Kyle Hoskins, Elissa Dowling, Linda Cieslik, Steven Lee Edwards, Valerie Meachum"
13963,"Robbie Robertson, Rick Danko, Levon Helm, Richard Manuel, Garth Hudson"
290391,"Alison Monda, Alicia Mendez, Ivey Bronwen, Tabitha Bastien, Keiko Green"
44770,"Zoe Kazan, Mark Rendall, Maryann Urbano, Hunter Canning, Franklin Pipp"
69382,"Robert Bones, Kirpatrick Thomas, Dave Koenig, Julie Patterson"
40769,"Justin Rice, Rachel Clift, Andrew Bujalski"
220490,"Nichole Ceballos, James Ezrin, Everardo Guzman, Parker Riggs, Gabrielle Santamauro"
42151,"Robert Hill, Robin Hill, Julia Deakin, David Schaal, Tony Way"
2292,"Brian O'Halloran, Jeff Anderson, Jason Mewes, Kevin Smith, Lisa Spoonhauer"
42497,"Bobby Kendall, Donald L. Brooks, Charles Ludlam"
33693,"Kate Dollenmayer, Mark Herlehy, Christian Rudder, Jennifer L. Schaper, Myles Paige"
14585,"Aaron Eckhart, Stacy Edwards, Matt Malloy, Michael Martin, Mark Rector"
185465,"Franky G, Leo Minaya, Manuel Cabral, Jessica Morales, Julissa Lopez"
38780,"Brendan Fletcher, Shaun Sipos, Michael Paré, Lynda Boyd, Matt Frewer"
14022,"Richard Linklater, Mark James"
366967,"R.L. Mann, Tama Filianga, Mikaal Bates, Celestine Rae, Lodric D. Collins"
255266,"Suzi Lorraine, Jared Degado, Heather Dorff, Rachael Robbins, Kris Eivers"
17345,Alex Kendrick
226458,"Stephen Lang, Kelly Blatz, Brittany Curran, Gage Golightly, Nick Nicotera"
24055,"Mark Duplass, Katie Aselton, Rhett Wilkins"
287625,"Louis Brooke, Allan Bryan Weku, Judy Gichohi, Kelly Gichohi, Olwenya Maina"
44990,"Zoe Lister-Jones, Daryl Wein, Julie White, Andrea Martin, Peter Friedman"
86304,"Jason Trost, Lucas Till, James Remar, Sophie Merkley, Nick Principe"
692,"Divine, David Lochary, Mary Vivian Pearce, Mink Stole, Danny Mills"
39851,"Maggie Cheung, Nick Nolte, Béatrice Dalle, Jeanne Balibar, Don McKellar"
13898,"Nargess Mamizadeh, Maryiam Palvin Almani, Mojgan Faramarzi, Elham Saboktakin, Monir Arab"
157185,"Michael Parle, Emma Eliza Regan, Patrick O'Donnell, Kreeta Taponen"
36095,"Koji Yakusho, Masato Hagiwara, Tsuyoshi Ujiki, Anna Nakagawa, Yukijiro Hotaru"
182291,"Tony Sancho, Michael Cortez, Donato Cruz, Felipe Camacho, Carmen Cenko"
286939,"Sasha Ramos, Erin Cline, Emily Rogers, Anthony Rutowicz, Joe Coffey"
124606,"Darling Narita, Peter Greene, Michael Newland, Erik Schrody, Michael Artura"
14337,"Shane Carruth, David Sullivan, Casey Gooden, Anand Upadhyaya, Carrie Crawford"
67238,
9367,"Carlos Gallardo, Jaime de Hoyos, Peter Marquardt, Reinol Martinez, Ramiro Gomez"
72766,"Edward Burns, Kerry Bishé, Marsha Dietlein, Caitlin Fitzgerald, Daniella Pineda"
231617,"Eric Mabius, Kristin Booth, Crystal Lowe, Geoff Gustafson, Benjamin Hollingsworth"
126186,"Daniel Henney, Eliza Coupe, Bill Paxton, Alan Ruck, Zhu Shimao"
25975,"Drew Barrymore, Brian Herzlinger, Corey Feldman, Eric Roberts, Griffin Dunne"
